15:37:16,courseregistrationplatform-nginx-1,0.00%,60.62MiB / 15.62GiB
15:37:16,courseregistrationplatform-backend_4-1,0.00%,35.53MiB / 15.62GiB
15:37:16,courseregistrationplatform-backend_3-1,0.00%,54.25MiB / 15.62GiB
15:37:16,courseregistrationplatform-backend_1-1,0.00%,45.35MiB / 15.62GiB
15:37:16,courseregistrationplatform-db-1,0.55%,376MiB / 15.62GiB
15:37:16,courseregistrationplatform-backend_2-1,0.06%,49.23MiB / 15.62GiB
15:37:16,courseregistrationplatform-frontend-1,0.00%,47.66MiB / 15.62GiB
15:37:16,courseregistrationplatform-worker_1-1,0.00%,35.38MiB / 15.62GiB
15:37:16,courseregistrationplatform-worker_2-1,0.00%,34.71MiB / 15.62GiB
15:37:16,courseregistrationplatform-ai-server-1,0.17%,121.5MiB / 15.62GiB
15:37:16,courseregistrationplatform-rabbitmq-1,0.34%,164.3MiB / 15.62GiB
15:37:16,courseregistrationplatform-redis-1,0.52%,10.21MiB / 15.62GiB
15:37:16,courseregistrationplatform-grafana-1,0.47%,61.42MiB / 15.62GiB
15:37:16,courseregistrationplatform-prometheus-1,0.00%,56.81MiB / 15.62GiB
15:37:16,sugang-control-plane,13.93%,769.9MiB / 15.62GiB
15:37:16,sugang-worker,3.92%,1.194GiB / 15.62GiB
15:37:16,sugang-worker2,2.71%,1.396GiB / 15.62GiB
15:37:16,biostream_api,6.14%,218.8MiB / 15.62GiB
15:37:16,biostream_qdrant,0.11%,165.3MiB / 15.62GiB
15:37:16,biostream_db,0.00%,35.74MiB / 15.62GiB
15:37:23,courseregistrationplatform-backend_2-1,0.06%,52.6MiB / 15.62GiB
15:37:23,courseregistrationplatform-backend_1-1,0.08%,52.86MiB / 15.62GiB
15:37:23,courseregistrationplatform-backend_4-1,0.08%,35.84MiB / 15.62GiB
15:37:23,courseregistrationplatform-backend_3-1,0.09%,34.58MiB / 15.62GiB
15:37:23,courseregistrationplatform-db-1,0.48%,377.8MiB / 15.62GiB
15:37:23,courseregistrationplatform-frontend-1,0.00%,47.67MiB / 15.62GiB
15:37:23,courseregistrationplatform-worker_1-1,0.00%,35.38MiB / 15.62GiB
15:37:23,courseregistrationplatform-worker_2-1,0.00%,34.71MiB / 15.62GiB
15:37:23,courseregistrationplatform-ai-server-1,0.17%,121.5MiB / 15.62GiB
15:37:23,courseregistrationplatform-rabbitmq-1,0.83%,164.3MiB / 15.62GiB
15:37:23,courseregistrationplatform-redis-1,0.39%,9.961MiB / 15.62GiB
15:37:23,courseregistrationplatform-grafana-1,0.07%,61.42MiB / 15.62GiB
15:37:23,courseregistrationplatform-prometheus-1,0.01%,56.81MiB / 15.62GiB
15:37:23,sugang-control-plane,8.78%,767.1MiB / 15.62GiB
15:37:23,sugang-worker,1.83%,1.201GiB / 15.62GiB
15:37:23,sugang-worker2,5.20%,1.398GiB / 15.62GiB
15:37:23,biostream_api,5.82%,219.3MiB / 15.62GiB
15:37:23,biostream_mcp,0.00%,0B / 0B
15:37:23,biostream_qdrant,0.10%,165.3MiB / 15.62GiB
15:37:23,biostream_db,0.00%,35.74MiB / 15.62GiB
15:37:23,courseregistrationplatform-nginx-1,0.00%,59.21MiB / 15.62GiB
15:37:31,courseregistrationplatform-backend_2-1,0.04%,52.65MiB / 15.62GiB
15:37:31,courseregistrationplatform-backend_1-1,94.72%,106.6MiB / 15.62GiB
15:37:31,courseregistrationplatform-nginx-1,0.00%,59.21MiB / 15.62GiB
15:37:31,courseregistrationplatform-backend_4-1,0.00%,35.65MiB / 15.62GiB
15:37:31,courseregistrationplatform-backend_3-1,0.00%,34.61MiB / 15.62GiB
15:37:31,courseregistrationplatform-db-1,33.58%,396.1MiB / 15.62GiB
15:37:31,courseregistrationplatform-frontend-1,0.00%,47.67MiB / 15.62GiB
15:37:31,courseregistrationplatform-worker_1-1,0.00%,35.38MiB / 15.62GiB
15:37:31,courseregistrationplatform-worker_2-1,0.00%,34.71MiB / 15.62GiB
15:37:31,courseregistrationplatform-ai-server-1,0.18%,121.5MiB / 15.62GiB
15:37:31,courseregistrationplatform-rabbitmq-1,0.21%,164.3MiB / 15.62GiB
15:37:31,courseregistrationplatform-redis-1,0.50%,9.973MiB / 15.62GiB
15:37:31,courseregistrationplatform-grafana-1,0.06%,61.42MiB / 15.62GiB
15:37:31,courseregistrationplatform-prometheus-1,0.00%,56.81MiB / 15.62GiB
15:37:31,sugang-control-plane,10.91%,765.8MiB / 15.62GiB
15:37:31,sugang-worker,8.49%,1.2GiB / 15.62GiB
15:37:31,sugang-worker2,8.92%,1.403GiB / 15.62GiB
15:37:31,biostream_api,7.29%,218.8MiB / 15.62GiB
15:37:31,biostream_mcp,0.00%,0B / 0B
15:37:31,biostream_qdrant,0.12%,165.3MiB / 15.62GiB
15:37:31,biostream_db,0.00%,35.74MiB / 15.62GiB
15:37:38,courseregistrationplatform-backend_2-1,0.49%,53.93MiB / 15.62GiB
15:37:38,courseregistrationplatform-backend_1-1,93.64%,113.4MiB / 15.62GiB
15:37:38,courseregistrationplatform-nginx-1,0.00%,59.21MiB / 15.62GiB
15:37:38,courseregistrationplatform-backend_4-1,0.07%,35.68MiB / 15.62GiB
15:37:38,courseregistrationplatform-backend_3-1,0.00%,34.64MiB / 15.62GiB
15:37:38,courseregistrationplatform-db-1,0.53%,396.1MiB / 15.62GiB
15:37:38,courseregistrationplatform-frontend-1,0.00%,47.67MiB / 15.62GiB
15:37:38,courseregistrationplatform-worker_1-1,0.00%,35.38MiB / 15.62GiB
15:37:38,courseregistrationplatform-worker_2-1,0.00%,34.71MiB / 15.62GiB
15:37:38,courseregistrationplatform-ai-server-1,0.16%,121.5MiB / 15.62GiB
15:37:38,courseregistrationplatform-rabbitmq-1,0.46%,164.6MiB / 15.62GiB
15:37:38,courseregistrationplatform-redis-1,0.49%,10.72MiB / 15.62GiB
15:37:38,courseregistrationplatform-grafana-1,0.12%,61.41MiB / 15.62GiB
15:37:38,courseregistrationplatform-prometheus-1,0.69%,57.06MiB / 15.62GiB
15:37:38,sugang-control-plane,9.51%,767MiB / 15.62GiB
15:37:38,sugang-worker,2.63%,1.2GiB / 15.62GiB
15:37:38,sugang-worker2,2.00%,1.403GiB / 15.62GiB
15:37:38,biostream_api,4.54%,218.6MiB / 15.62GiB
15:37:38,biostream_mcp,0.00%,0B / 0B
15:37:38,biostream_qdrant,2.18%,168.4MiB / 15.62GiB
15:37:38,biostream_db,3.32%,35.74MiB / 15.62GiB
15:37:46,courseregistrationplatform-k6-run-55d215337951,41.40%,1.807GiB / 15.62GiB
15:37:46,courseregistrationplatform-backend_2-1,103.18%,85.74MiB / 15.62GiB
15:37:46,courseregistrationplatform-backend_1-1,104.83%,91.79MiB / 15.62GiB
15:37:46,courseregistrationplatform-nginx-1,15.73%,276.8MiB / 15.62GiB
15:37:46,courseregistrationplatform-backend_4-1,103.51%,81.17MiB / 15.62GiB
15:37:46,courseregistrationplatform-backend_3-1,108.20%,80.34MiB / 15.62GiB
15:37:46,courseregistrationplatform-db-1,0.76%,396.1MiB / 15.62GiB
15:37:46,courseregistrationplatform-frontend-1,0.00%,47.67MiB / 15.62GiB
15:37:46,courseregistrationplatform-worker_1-1,0.00%,35.38MiB / 15.62GiB
15:37:46,courseregistrationplatform-worker_2-1,0.00%,34.71MiB / 15.62GiB
15:37:46,courseregistrationplatform-ai-server-1,0.18%,121.5MiB / 15.62GiB
15:37:46,courseregistrationplatform-rabbitmq-1,0.22%,164.3MiB / 15.62GiB
15:37:46,courseregistrationplatform-redis-1,19.77%,10.01MiB / 15.62GiB
15:37:46,courseregistrationplatform-grafana-1,0.07%,61.41MiB / 15.62GiB
15:37:46,courseregistrationplatform-prometheus-1,0.06%,53.5MiB / 15.62GiB
15:37:46,sugang-control-plane,12.34%,767.9MiB / 15.62GiB
15:37:46,sugang-worker,3.54%,1.2GiB / 15.62GiB
15:37:46,sugang-worker2,3.57%,1.403GiB / 15.62GiB
15:37:46,biostream_api,8.79%,218.8MiB / 15.62GiB
15:37:46,biostream_mcp,0.00%,0B / 0B
15:37:46,biostream_qdrant,0.15%,165.3MiB / 15.62GiB
15:37:46,biostream_db,0.00%,35.74MiB / 15.62GiB
15:37:53,courseregistrationplatform-k6-run-55d215337951,97.89%,2.037GiB / 15.62GiB
15:37:53,courseregistrationplatform-backend_2-1,97.62%,156.1MiB / 15.62GiB
15:37:53,courseregistrationplatform-backend_1-1,96.73%,159MiB / 15.62GiB
15:37:53,courseregistrationplatform-nginx-1,50.85%,230.4MiB / 15.62GiB
15:37:53,courseregistrationplatform-backend_4-1,94.50%,129.4MiB / 15.62GiB
15:37:53,courseregistrationplatform-backend_3-1,95.13%,139.7MiB / 15.62GiB
15:37:53,courseregistrationplatform-db-1,0.81%,396.1MiB / 15.62GiB
15:37:53,courseregistrationplatform-frontend-1,0.00%,47.67MiB / 15.62GiB
15:37:53,courseregistrationplatform-worker_1-1,0.00%,35.38MiB / 15.62GiB
15:37:53,courseregistrationplatform-worker_2-1,0.00%,34.71MiB / 15.62GiB
15:37:53,courseregistrationplatform-ai-server-1,0.18%,121.5MiB / 15.62GiB
15:37:53,courseregistrationplatform-rabbitmq-1,1.05%,164.3MiB / 15.62GiB
15:37:53,courseregistrationplatform-redis-1,14.64%,10.55MiB / 15.62GiB
15:37:53,courseregistrationplatform-grafana-1,0.07%,61.42MiB / 15.62GiB
15:37:53,courseregistrationplatform-prometheus-1,0.15%,53.53MiB / 15.62GiB
15:37:53,sugang-control-plane,10.59%,765.6MiB / 15.62GiB
15:37:53,sugang-worker,4.44%,1.201GiB / 15.62GiB
15:37:53,sugang-worker2,3.82%,1.404GiB / 15.62GiB
15:37:53,biostream_api,7.58%,217.8MiB / 15.62GiB
15:37:53,biostream_mcp,0.00%,0B / 0B
15:37:53,biostream_qdrant,0.12%,165.3MiB / 15.62GiB
15:37:53,biostream_db,4.17%,35.74MiB / 15.62GiB
15:38:00,courseregistrationplatform-k6-run-55d215337951,87.09%,2.103GiB / 15.62GiB
15:38:00,courseregistrationplatform-backend_2-1,98.73%,143.3MiB / 15.62GiB
15:38:00,courseregistrationplatform-backend_1-1,105.15%,173MiB / 15.62GiB
15:38:00,courseregistrationplatform-nginx-1,47.38%,226MiB / 15.62GiB
15:38:00,courseregistrationplatform-backend_4-1,95.14%,166.4MiB / 15.62GiB
15:38:00,courseregistrationplatform-backend_3-1,99.35%,155.4MiB / 15.62GiB
15:38:00,courseregistrationplatform-db-1,0.70%,396.1MiB / 15.62GiB
15:38:00,courseregistrationplatform-frontend-1,0.00%,47.67MiB / 15.62GiB
15:38:00,courseregistrationplatform-worker_1-1,0.00%,35.38MiB / 15.62GiB
15:38:00,courseregistrationplatform-worker_2-1,0.00%,34.71MiB / 15.62GiB
15:38:00,courseregistrationplatform-ai-server-1,0.19%,121.5MiB / 15.62GiB
15:38:00,courseregistrationplatform-rabbitmq-1,0.44%,164.3MiB / 15.62GiB
15:38:00,courseregistrationplatform-redis-1,16.51%,11.29MiB / 15.62GiB
15:38:00,courseregistrationplatform-grafana-1,0.08%,61.42MiB / 15.62GiB
15:38:00,courseregistrationplatform-prometheus-1,0.07%,53.53MiB / 15.62GiB
15:38:00,sugang-control-plane,11.39%,764.6MiB / 15.62GiB
15:38:00,sugang-worker,7.59%,1.2GiB / 15.62GiB
15:38:00,sugang-worker2,4.45%,1.403GiB / 15.62GiB
15:38:00,biostream_api,5.50%,218.1MiB / 15.62GiB
15:38:00,biostream_mcp,0.00%,0B / 0B
15:38:00,biostream_qdrant,0.14%,165.3MiB / 15.62GiB
15:38:00,biostream_db,0.00%,35.74MiB / 15.62GiB
15:38:08,courseregistrationplatform-k6-run-55d215337951,88.20%,2.127GiB / 15.62GiB
15:38:08,courseregistrationplatform-backend_2-1,91.32%,193.4MiB / 15.62GiB
15:38:08,courseregistrationplatform-backend_1-1,94.26%,223.1MiB / 15.62GiB
15:38:08,courseregistrationplatform-nginx-1,45.90%,213.1MiB / 15.62GiB
15:38:08,courseregistrationplatform-backend_4-1,96.90%,157.5MiB / 15.62GiB
15:38:08,courseregistrationplatform-backend_3-1,100.46%,153MiB / 15.62GiB
15:38:08,courseregistrationplatform-db-1,0.83%,396.1MiB / 15.62GiB
15:38:08,courseregistrationplatform-frontend-1,0.00%,47.67MiB / 15.62GiB
15:38:08,courseregistrationplatform-worker_1-1,0.00%,35.38MiB / 15.62GiB
15:38:08,courseregistrationplatform-worker_2-1,0.00%,34.71MiB / 15.62GiB
15:38:08,courseregistrationplatform-ai-server-1,0.23%,121.5MiB / 15.62GiB
15:38:08,courseregistrationplatform-rabbitmq-1,0.81%,164.4MiB / 15.62GiB
15:38:08,courseregistrationplatform-redis-1,17.47%,10.31MiB / 15.62GiB
15:38:08,courseregistrationplatform-grafana-1,0.06%,61.42MiB / 15.62GiB
15:38:08,courseregistrationplatform-prometheus-1,0.10%,53.54MiB / 15.62GiB
15:38:08,sugang-control-plane,16.99%,765.2MiB / 15.62GiB
15:38:08,sugang-worker,6.97%,1.2GiB / 15.62GiB
15:38:08,sugang-worker2,7.78%,1.403GiB / 15.62GiB
15:38:08,biostream_api,9.13%,218MiB / 15.62GiB
15:38:08,biostream_mcp,0.00%,0B / 0B
15:38:08,biostream_qdrant,0.13%,165.3MiB / 15.62GiB
15:38:08,biostream_db,0.00%,35.74MiB / 15.62GiB
15:38:15,courseregistrationplatform-k6-run-55d215337951,81.94%,2.279GiB / 15.62GiB
15:38:15,courseregistrationplatform-backend_2-1,92.26%,167.2MiB / 15.62GiB
15:38:15,courseregistrationplatform-backend_1-1,96.40%,218.6MiB / 15.62GiB
15:38:15,courseregistrationplatform-nginx-1,38.15%,214.5MiB / 15.62GiB
15:38:15,courseregistrationplatform-backend_4-1,97.05%,161.3MiB / 15.62GiB
15:38:15,courseregistrationplatform-backend_3-1,92.42%,168.1MiB / 15.62GiB
15:38:15,courseregistrationplatform-db-1,2.35%,396.2MiB / 15.62GiB
15:38:15,courseregistrationplatform-frontend-1,0.00%,47.67MiB / 15.62GiB
15:38:15,courseregistrationplatform-worker_1-1,0.46%,36.04MiB / 15.62GiB
15:38:15,courseregistrationplatform-worker_2-1,0.65%,35.19MiB / 15.62GiB
15:38:15,courseregistrationplatform-ai-server-1,0.25%,121.5MiB / 15.62GiB
15:38:15,courseregistrationplatform-rabbitmq-1,0.86%,163.9MiB / 15.62GiB
15:38:15,courseregistrationplatform-redis-1,17.66%,10.83MiB / 15.62GiB
15:38:15,courseregistrationplatform-grafana-1,0.12%,61.42MiB / 15.62GiB
15:38:15,courseregistrationplatform-prometheus-1,0.86%,53.54MiB / 15.62GiB
15:38:15,sugang-control-plane,9.40%,765.9MiB / 15.62GiB
15:38:15,sugang-worker,3.45%,1.201GiB / 15.62GiB
15:38:15,sugang-worker2,3.67%,1.403GiB / 15.62GiB
15:38:15,biostream_api,8.24%,217.8MiB / 15.62GiB
15:38:15,biostream_mcp,0.00%,0B / 0B
15:38:15,biostream_qdrant,0.38%,165.3MiB / 15.62GiB
15:38:15,biostream_db,0.00%,35.74MiB / 15.62GiB
15:38:22,courseregistrationplatform-k6-run-55d215337951,73.60%,2.466GiB / 15.62GiB
15:38:22,courseregistrationplatform-backend_2-1,90.52%,153.2MiB / 15.62GiB
15:38:22,courseregistrationplatform-backend_1-1,98.90%,230.2MiB / 15.62GiB
15:38:22,courseregistrationplatform-nginx-1,33.92%,218.2MiB / 15.62GiB
15:38:22,courseregistrationplatform-backend_4-1,90.49%,159.6MiB / 15.62GiB
15:38:22,courseregistrationplatform-backend_3-1,96.28%,173.9MiB / 15.62GiB
15:38:22,courseregistrationplatform-db-1,2.38%,396.2MiB / 15.62GiB
15:38:22,courseregistrationplatform-frontend-1,0.00%,47.67MiB / 15.62GiB
15:38:22,courseregistrationplatform-worker_1-1,0.48%,35.78MiB / 15.62GiB
15:38:22,courseregistrationplatform-worker_2-1,0.36%,35.86MiB / 15.62GiB
15:38:22,courseregistrationplatform-ai-server-1,0.22%,121.5MiB / 15.62GiB
15:38:22,courseregistrationplatform-rabbitmq-1,0.67%,163.9MiB / 15.62GiB
15:38:22,courseregistrationplatform-redis-1,18.70%,10.36MiB / 15.62GiB
15:38:22,courseregistrationplatform-grafana-1,0.11%,61.42MiB / 15.62GiB
15:38:22,courseregistrationplatform-prometheus-1,0.11%,53.54MiB / 15.62GiB
15:38:22,sugang-control-plane,13.17%,765.9MiB / 15.62GiB
15:38:22,sugang-worker,3.67%,1.2GiB / 15.62GiB
15:38:22,sugang-worker2,4.80%,1.404GiB / 15.62GiB
15:38:22,biostream_api,8.33%,218MiB / 15.62GiB
15:38:22,biostream_mcp,0.00%,0B / 0B
15:38:22,biostream_qdrant,0.16%,165.3MiB / 15.62GiB
15:38:22,biostream_db,0.00%,35.74MiB / 15.62GiB
15:38:29,courseregistrationplatform-k6-run-55d215337951,73.80%,2.605GiB / 15.62GiB
15:38:29,courseregistrationplatform-backend_2-1,86.24%,132.1MiB / 15.62GiB
15:38:29,courseregistrationplatform-backend_1-1,86.97%,255.8MiB / 15.62GiB
15:38:29,courseregistrationplatform-nginx-1,36.03%,224.8MiB / 15.62GiB
15:38:29,courseregistrationplatform-backend_4-1,83.06%,155.2MiB / 15.62GiB
15:38:29,courseregistrationplatform-backend_3-1,86.97%,174.2MiB / 15.62GiB
15:38:29,courseregistrationplatform-db-1,9.35%,396.3MiB / 15.62GiB
15:38:29,courseregistrationplatform-frontend-1,0.00%,47.67MiB / 15.62GiB
15:38:29,courseregistrationplatform-worker_1-1,2.23%,35.32MiB / 15.62GiB
15:38:29,courseregistrationplatform-worker_2-1,1.79%,35.2MiB / 15.62GiB
15:38:29,courseregistrationplatform-ai-server-1,0.21%,121.5MiB / 15.62GiB
15:38:29,courseregistrationplatform-rabbitmq-1,1.89%,163.9MiB / 15.62GiB
15:38:29,courseregistrationplatform-redis-1,15.80%,10.84MiB / 15.62GiB
15:38:29,courseregistrationplatform-grafana-1,0.08%,61.42MiB / 15.62GiB
15:38:29,courseregistrationplatform-prometheus-1,0.96%,53.55MiB / 15.62GiB
15:38:29,sugang-control-plane,19.52%,765.1MiB / 15.62GiB
15:38:29,sugang-worker,11.68%,1.2GiB / 15.62GiB
15:38:29,sugang-worker2,6.50%,1.403GiB / 15.62GiB
15:38:29,biostream_api,7.99%,218MiB / 15.62GiB
15:38:29,biostream_mcp,0.00%,0B / 0B
15:38:29,biostream_qdrant,0.32%,165.3MiB / 15.62GiB
15:38:29,biostream_db,4.36%,35.74MiB / 15.62GiB
15:38:36,courseregistrationplatform-k6-run-55d215337951,68.31%,2.608GiB / 15.62GiB
15:38:36,courseregistrationplatform-backend_2-1,84.38%,120.6MiB / 15.62GiB
15:38:36,courseregistrationplatform-backend_1-1,92.48%,235.2MiB / 15.62GiB
15:38:36,courseregistrationplatform-nginx-1,69.51%,222.1MiB / 15.62GiB
15:38:36,courseregistrationplatform-backend_4-1,90.50%,118MiB / 15.62GiB
15:38:36,courseregistrationplatform-backend_3-1,85.68%,171.9MiB / 15.62GiB
15:38:36,courseregistrationplatform-db-1,2.14%,396.3MiB / 15.62GiB
15:38:36,courseregistrationplatform-frontend-1,0.00%,47.67MiB / 15.62GiB
15:38:36,courseregistrationplatform-worker_1-1,0.25%,36.01MiB / 15.62GiB
15:38:36,courseregistrationplatform-worker_2-1,0.43%,35.39MiB / 15.62GiB
15:38:36,courseregistrationplatform-ai-server-1,0.24%,121.5MiB / 15.62GiB
15:38:36,courseregistrationplatform-rabbitmq-1,0.92%,164.2MiB / 15.62GiB
15:38:36,courseregistrationplatform-redis-1,15.61%,11.31MiB / 15.62GiB
15:38:36,courseregistrationplatform-grafana-1,0.07%,61.42MiB / 15.62GiB
15:38:36,courseregistrationplatform-prometheus-1,0.09%,53.54MiB / 15.62GiB
15:38:36,sugang-control-plane,11.69%,764.5MiB / 15.62GiB
15:38:36,sugang-worker,4.70%,1.2GiB / 15.62GiB
15:38:36,sugang-worker2,5.51%,1.402GiB / 15.62GiB
15:38:36,biostream_api,7.94%,218.8MiB / 15.62GiB
15:38:36,biostream_mcp,0.00%,0B / 0B
15:38:36,biostream_qdrant,0.16%,165.3MiB / 15.62GiB
15:38:36,biostream_db,0.00%,35.74MiB / 15.62GiB
15:38:43,courseregistrationplatform-k6-run-55d215337951,75.11%,2.624GiB / 15.62GiB
15:38:43,courseregistrationplatform-backend_2-1,87.21%,167.4MiB / 15.62GiB
15:38:43,courseregistrationplatform-backend_1-1,100.00%,182.7MiB / 15.62GiB
15:38:43,courseregistrationplatform-nginx-1,42.84%,220.8MiB / 15.62GiB
15:38:43,courseregistrationplatform-backend_4-1,90.88%,142MiB / 15.62GiB
15:38:43,courseregistrationplatform-backend_3-1,91.03%,169.5MiB / 15.62GiB
15:38:43,courseregistrationplatform-db-1,1.41%,396.3MiB / 15.62GiB
15:38:43,courseregistrationplatform-frontend-1,0.00%,47.67MiB / 15.62GiB
15:38:43,courseregistrationplatform-worker_1-1,0.03%,35.95MiB / 15.62GiB
15:38:43,courseregistrationplatform-worker_2-1,0.24%,35.64MiB / 15.62GiB
15:38:43,courseregistrationplatform-ai-server-1,0.20%,121.5MiB / 15.62GiB
15:38:43,courseregistrationplatform-rabbitmq-1,1.28%,164MiB / 15.62GiB
15:38:43,courseregistrationplatform-redis-1,16.44%,10.62MiB / 15.62GiB
15:38:43,courseregistrationplatform-grafana-1,0.08%,61.42MiB / 15.62GiB
15:38:43,courseregistrationplatform-prometheus-1,0.21%,54.36MiB / 15.62GiB
15:38:43,sugang-control-plane,16.14%,766.3MiB / 15.62GiB
15:38:43,sugang-worker,6.99%,1.2GiB / 15.62GiB
15:38:43,sugang-worker2,8.11%,1.403GiB / 15.62GiB
15:38:43,biostream_api,8.46%,218.1MiB / 15.62GiB
15:38:43,biostream_mcp,0.00%,0B / 0B
15:38:43,biostream_qdrant,0.15%,165.3MiB / 15.62GiB
15:38:43,biostream_db,0.00%,35.74MiB / 15.62GiB
15:38:50,courseregistrationplatform-k6-run-55d215337951,83.71%,2.642GiB / 15.62GiB
15:38:50,courseregistrationplatform-backend_2-1,86.87%,177.7MiB / 15.62GiB
15:38:50,courseregistrationplatform-backend_1-1,88.96%,178.6MiB / 15.62GiB
15:38:50,courseregistrationplatform-nginx-1,47.53%,214.1MiB / 15.62GiB
15:38:50,courseregistrationplatform-backend_4-1,89.17%,137.1MiB / 15.62GiB
15:38:50,courseregistrationplatform-backend_3-1,87.06%,165.6MiB / 15.62GiB
15:38:50,courseregistrationplatform-db-1,3.84%,396.3MiB / 15.62GiB
15:38:50,courseregistrationplatform-frontend-1,0.00%,47.67MiB / 15.62GiB
15:38:50,courseregistrationplatform-worker_1-1,1.52%,35.39MiB / 15.62GiB
15:38:50,courseregistrationplatform-worker_2-1,1.61%,35.38MiB / 15.62GiB
15:38:50,courseregistrationplatform-ai-server-1,0.19%,121.5MiB / 15.62GiB
15:38:50,courseregistrationplatform-rabbitmq-1,1.81%,163.9MiB / 15.62GiB
15:38:50,courseregistrationplatform-redis-1,16.97%,10.39MiB / 15.62GiB
15:38:50,courseregistrationplatform-grafana-1,0.06%,61.43MiB / 15.62GiB
15:38:50,courseregistrationplatform-prometheus-1,0.41%,56.07MiB / 15.62GiB
15:38:50,sugang-control-plane,18.75%,766.1MiB / 15.62GiB
15:38:50,sugang-worker,2.86%,1.208GiB / 15.62GiB
15:38:50,sugang-worker2,2.68%,1.403GiB / 15.62GiB
15:38:50,biostream_api,8.15%,218.3MiB / 15.62GiB
15:38:50,biostream_mcp,0.00%,0B / 0B
15:38:50,biostream_qdrant,2.58%,165.3MiB / 15.62GiB
15:38:50,biostream_db,0.00%,35.74MiB / 15.62GiB
15:38:57,courseregistrationplatform-k6-run-55d215337951,134.02%,2.67GiB / 15.62GiB
15:38:57,courseregistrationplatform-backend_2-1,86.44%,202.4MiB / 15.62GiB
15:38:57,courseregistrationplatform-backend_1-1,87.82%,175.3MiB / 15.62GiB
15:38:57,courseregistrationplatform-nginx-1,40.57%,208.7MiB / 15.62GiB
15:38:57,courseregistrationplatform-backend_4-1,85.01%,149.5MiB / 15.62GiB
15:38:57,courseregistrationplatform-backend_3-1,89.52%,174.2MiB / 15.62GiB
15:38:57,courseregistrationplatform-db-1,2.46%,396.4MiB / 15.62GiB
15:38:57,courseregistrationplatform-frontend-1,0.00%,47.67MiB / 15.62GiB
15:38:57,courseregistrationplatform-worker_1-1,0.84%,35.92MiB / 15.62GiB
15:38:57,courseregistrationplatform-worker_2-1,1.90%,35.27MiB / 15.62GiB
15:38:57,courseregistrationplatform-ai-server-1,0.24%,121.5MiB / 15.62GiB
15:38:57,courseregistrationplatform-rabbitmq-1,1.08%,163.9MiB / 15.62GiB
15:38:57,courseregistrationplatform-redis-1,16.27%,10.86MiB / 15.62GiB
15:38:57,courseregistrationplatform-grafana-1,0.05%,61.43MiB / 15.62GiB
15:38:57,courseregistrationplatform-prometheus-1,0.22%,57.54MiB / 15.62GiB
15:38:57,sugang-control-plane,17.07%,766.5MiB / 15.62GiB
15:38:57,sugang-worker,6.33%,1.208GiB / 15.62GiB
15:38:57,sugang-worker2,2.86%,1.404GiB / 15.62GiB
15:38:57,biostream_api,7.46%,218MiB / 15.62GiB
15:38:57,biostream_mcp,0.00%,0B / 0B
15:38:57,biostream_qdrant,0.13%,165.3MiB / 15.62GiB
15:38:57,biostream_db,0.00%,35.74MiB / 15.62GiB
15:39:04,courseregistrationplatform-k6-run-55d215337951,83.66%,2.695GiB / 15.62GiB
15:39:04,courseregistrationplatform-backend_2-1,86.80%,153.2MiB / 15.62GiB
15:39:04,courseregistrationplatform-backend_1-1,86.90%,163.1MiB / 15.62GiB
15:39:04,courseregistrationplatform-nginx-1,47.89%,217MiB / 15.62GiB
15:39:04,courseregistrationplatform-backend_4-1,94.02%,166.5MiB / 15.62GiB
15:39:04,courseregistrationplatform-backend_3-1,93.45%,187MiB / 15.62GiB
15:39:04,courseregistrationplatform-db-1,2.44%,396.4MiB / 15.62GiB
15:39:04,courseregistrationplatform-frontend-1,0.00%,47.67MiB / 15.62GiB
15:39:04,courseregistrationplatform-worker_1-1,0.48%,36.01MiB / 15.62GiB
15:39:04,courseregistrationplatform-worker_2-1,0.46%,35.84MiB / 15.62GiB
15:39:04,courseregistrationplatform-ai-server-1,0.22%,121.5MiB / 15.62GiB
15:39:04,courseregistrationplatform-rabbitmq-1,0.86%,163.9MiB / 15.62GiB
15:39:04,courseregistrationplatform-redis-1,16.30%,10.63MiB / 15.62GiB
15:39:04,courseregistrationplatform-grafana-1,0.04%,61.43MiB / 15.62GiB
15:39:04,courseregistrationplatform-prometheus-1,0.81%,58.63MiB / 15.62GiB
15:39:04,sugang-control-plane,17.45%,764.8MiB / 15.62GiB
15:39:04,sugang-worker,2.75%,1.207GiB / 15.62GiB
15:39:04,sugang-worker2,4.32%,1.403GiB / 15.62GiB
15:39:04,biostream_api,8.21%,217.8MiB / 15.62GiB
15:39:04,biostream_mcp,0.00%,0B / 0B
15:39:04,biostream_qdrant,0.34%,165.3MiB / 15.62GiB
15:39:04,biostream_db,4.02%,35.74MiB / 15.62GiB
15:39:11,courseregistrationplatform-k6-run-55d215337951,87.65%,2.696GiB / 15.62GiB
15:39:11,courseregistrationplatform-backend_2-1,84.19%,156.5MiB / 15.62GiB
15:39:11,courseregistrationplatform-backend_1-1,92.55%,160.1MiB / 15.62GiB
15:39:11,courseregistrationplatform-nginx-1,40.31%,213.2MiB / 15.62GiB
15:39:11,courseregistrationplatform-backend_4-1,94.33%,200.5MiB / 15.62GiB
15:39:11,courseregistrationplatform-backend_3-1,93.41%,207.7MiB / 15.62GiB
15:39:11,courseregistrationplatform-db-1,2.35%,396.4MiB / 15.62GiB
15:39:11,courseregistrationplatform-frontend-1,0.00%,47.67MiB / 15.62GiB
15:39:11,courseregistrationplatform-worker_1-1,0.54%,35.82MiB / 15.62GiB
15:39:11,courseregistrationplatform-worker_2-1,0.44%,35.61MiB / 15.62GiB
15:39:11,courseregistrationplatform-ai-server-1,0.22%,121.5MiB / 15.62GiB
15:39:11,courseregistrationplatform-rabbitmq-1,0.69%,164.2MiB / 15.62GiB
15:39:11,courseregistrationplatform-redis-1,17.02%,10.88MiB / 15.62GiB
15:39:11,courseregistrationplatform-grafana-1,0.07%,61.43MiB / 15.62GiB
15:39:11,courseregistrationplatform-prometheus-1,0.23%,59.03MiB / 15.62GiB
15:39:11,sugang-control-plane,15.94%,766MiB / 15.62GiB
15:39:11,sugang-worker,2.93%,1.207GiB / 15.62GiB
15:39:11,sugang-worker2,4.92%,1.403GiB / 15.62GiB
15:39:11,biostream_api,8.13%,218.1MiB / 15.62GiB
15:39:11,biostream_mcp,0.00%,0B / 0B
15:39:11,biostream_qdrant,0.11%,165.3MiB / 15.62GiB
15:39:11,biostream_db,0.01%,35.74MiB / 15.62GiB
15:39:18,courseregistrationplatform-k6-run-55d215337951,80.52%,2.696GiB / 15.62GiB
15:39:18,courseregistrationplatform-backend_2-1,86.91%,151.1MiB / 15.62GiB
15:39:18,courseregistrationplatform-backend_1-1,78.46%,157MiB / 15.62GiB
15:39:18,courseregistrationplatform-nginx-1,39.32%,212.9MiB / 15.62GiB
15:39:18,courseregistrationplatform-backend_4-1,88.02%,200.8MiB / 15.62GiB
15:39:18,courseregistrationplatform-backend_3-1,83.84%,200.1MiB / 15.62GiB
15:39:18,courseregistrationplatform-db-1,2.27%,396.4MiB / 15.62GiB
15:39:18,courseregistrationplatform-frontend-1,0.00%,47.67MiB / 15.62GiB
15:39:18,courseregistrationplatform-worker_1-1,0.29%,35.76MiB / 15.62GiB
15:39:18,courseregistrationplatform-worker_2-1,0.47%,35.64MiB / 15.62GiB
15:39:18,courseregistrationplatform-ai-server-1,0.22%,121.5MiB / 15.62GiB
15:39:18,courseregistrationplatform-rabbitmq-1,1.13%,164MiB / 15.62GiB
15:39:18,courseregistrationplatform-redis-1,15.72%,11.12MiB / 15.62GiB
15:39:18,courseregistrationplatform-grafana-1,0.19%,61.43MiB / 15.62GiB
15:39:18,courseregistrationplatform-prometheus-1,0.11%,59.06MiB / 15.62GiB
15:39:18,sugang-control-plane,13.07%,766.6MiB / 15.62GiB
15:39:18,sugang-worker,2.07%,1.208GiB / 15.62GiB
15:39:18,sugang-worker2,3.37%,1.403GiB / 15.62GiB
15:39:18,biostream_api,5.33%,218.3MiB / 15.62GiB
15:39:18,biostream_mcp,0.00%,0B / 0B
15:39:18,biostream_qdrant,0.15%,165.3MiB / 15.62GiB
15:39:18,biostream_db,0.00%,35.74MiB / 15.62GiB
15:39:25,courseregistrationplatform-k6-run-55d215337951,96.12%,2.696GiB / 15.62GiB
15:39:25,courseregistrationplatform-backend_2-1,86.35%,146.8MiB / 15.62GiB
15:39:25,courseregistrationplatform-backend_1-1,88.15%,152.4MiB / 15.62GiB
15:39:25,courseregistrationplatform-nginx-1,49.49%,214.9MiB / 15.62GiB
15:39:25,courseregistrationplatform-backend_4-1,96.94%,195.2MiB / 15.62GiB
15:39:25,courseregistrationplatform-backend_3-1,88.77%,231MiB / 15.62GiB
15:39:25,courseregistrationplatform-db-1,1.49%,396.4MiB / 15.62GiB
15:39:25,courseregistrationplatform-frontend-1,0.00%,47.67MiB / 15.62GiB
15:39:25,courseregistrationplatform-worker_1-1,0.18%,35.78MiB / 15.62GiB
15:39:25,courseregistrationplatform-worker_2-1,0.02%,35.61MiB / 15.62GiB
15:39:25,courseregistrationplatform-ai-server-1,0.25%,121.5MiB / 15.62GiB
15:39:25,courseregistrationplatform-rabbitmq-1,0.85%,164.3MiB / 15.62GiB
15:39:25,courseregistrationplatform-redis-1,15.03%,10.66MiB / 15.62GiB
15:39:25,courseregistrationplatform-grafana-1,0.58%,61.43MiB / 15.62GiB
15:39:25,courseregistrationplatform-prometheus-1,0.12%,59.07MiB / 15.62GiB
15:39:25,sugang-control-plane,12.42%,766MiB / 15.62GiB
15:39:25,sugang-worker,4.68%,1.208GiB / 15.62GiB
15:39:25,sugang-worker2,4.16%,1.404GiB / 15.62GiB
15:39:25,biostream_api,7.65%,218.6MiB / 15.62GiB
15:39:25,biostream_mcp,0.00%,0B / 0B
15:39:25,biostream_qdrant,0.13%,165.3MiB / 15.62GiB
15:39:25,biostream_db,0.00%,35.74MiB / 15.62GiB
15:39:32,courseregistrationplatform-k6-run-55d215337951,82.22%,2.708GiB / 15.62GiB
15:39:32,courseregistrationplatform-backend_2-1,88.94%,152.9MiB / 15.62GiB
15:39:32,courseregistrationplatform-backend_1-1,88.29%,141.4MiB / 15.62GiB
15:39:32,courseregistrationplatform-nginx-1,36.05%,213.5MiB / 15.62GiB
15:39:32,courseregistrationplatform-backend_4-1,96.35%,195.6MiB / 15.62GiB
15:39:32,courseregistrationplatform-backend_3-1,90.70%,231.9MiB / 15.62GiB
15:39:32,courseregistrationplatform-db-1,1.61%,396.4MiB / 15.62GiB
15:39:32,courseregistrationplatform-frontend-1,0.00%,47.67MiB / 15.62GiB
15:39:32,courseregistrationplatform-worker_1-1,0.30%,35.6MiB / 15.62GiB
15:39:32,courseregistrationplatform-worker_2-1,0.24%,35.41MiB / 15.62GiB
15:39:32,courseregistrationplatform-ai-server-1,0.22%,121.5MiB / 15.62GiB
15:39:32,courseregistrationplatform-rabbitmq-1,0.67%,164MiB / 15.62GiB
15:39:32,courseregistrationplatform-redis-1,17.12%,11.12MiB / 15.62GiB
15:39:32,courseregistrationplatform-grafana-1,0.06%,61.43MiB / 15.62GiB
15:39:32,courseregistrationplatform-prometheus-1,0.14%,59.07MiB / 15.62GiB
15:39:32,sugang-control-plane,15.15%,765.6MiB / 15.62GiB
15:39:32,sugang-worker,8.45%,1.208GiB / 15.62GiB
15:39:32,sugang-worker2,14.15%,1.404GiB / 15.62GiB
15:39:32,biostream_api,7.86%,218.6MiB / 15.62GiB
15:39:32,biostream_mcp,0.00%,0B / 0B
15:39:32,biostream_qdrant,0.13%,165.3MiB / 15.62GiB
15:39:32,biostream_db,0.00%,35.74MiB / 15.62GiB
15:39:40,courseregistrationplatform-k6-run-55d215337951,81.75%,2.708GiB / 15.62GiB
15:39:40,courseregistrationplatform-backend_2-1,82.35%,147.5MiB / 15.62GiB
15:39:40,courseregistrationplatform-backend_1-1,81.69%,144.1MiB / 15.62GiB
15:39:40,courseregistrationplatform-nginx-1,34.92%,206.8MiB / 15.62GiB
15:39:40,courseregistrationplatform-backend_4-1,84.60%,185.6MiB / 15.62GiB
15:39:40,courseregistrationplatform-backend_3-1,88.19%,254MiB / 15.62GiB
15:39:40,courseregistrationplatform-db-1,10.97%,396.4MiB / 15.62GiB
15:39:40,courseregistrationplatform-frontend-1,0.00%,47.67MiB / 15.62GiB
15:39:40,courseregistrationplatform-worker_1-1,4.75%,36.13MiB / 15.62GiB
15:39:40,courseregistrationplatform-worker_2-1,4.39%,36.14MiB / 15.62GiB
15:39:40,courseregistrationplatform-ai-server-1,0.24%,121.5MiB / 15.62GiB
15:39:40,courseregistrationplatform-rabbitmq-1,2.72%,164.3MiB / 15.62GiB
15:39:40,courseregistrationplatform-redis-1,15.16%,10.66MiB / 15.62GiB
15:39:40,courseregistrationplatform-grafana-1,0.08%,61.43MiB / 15.62GiB
15:39:40,courseregistrationplatform-prometheus-1,0.95%,59.14MiB / 15.62GiB
15:39:40,sugang-control-plane,13.04%,765.4MiB / 15.62GiB
15:39:40,sugang-worker,3.97%,1.208GiB / 15.62GiB
15:39:40,sugang-worker2,4.49%,1.404GiB / 15.62GiB
15:39:40,biostream_api,7.88%,218.3MiB / 15.62GiB
15:39:40,biostream_mcp,0.00%,0B / 0B
15:39:40,biostream_qdrant,0.39%,165.3MiB / 15.62GiB
15:39:40,biostream_db,4.09%,35.92MiB / 15.62GiB
15:39:47,courseregistrationplatform-k6-run-55d215337951,88.14%,2.708GiB / 15.62GiB
15:39:47,courseregistrationplatform-backend_2-1,91.51%,156.9MiB / 15.62GiB
15:39:47,courseregistrationplatform-backend_1-1,92.92%,156.1MiB / 15.62GiB
15:39:47,courseregistrationplatform-nginx-1,37.62%,210MiB / 15.62GiB
15:39:47,courseregistrationplatform-backend_4-1,84.92%,180.1MiB / 15.62GiB
15:39:47,courseregistrationplatform-backend_3-1,92.74%,229.7MiB / 15.62GiB
15:39:47,courseregistrationplatform-db-1,2.30%,396.4MiB / 15.62GiB
15:39:47,courseregistrationplatform-frontend-1,0.00%,47.67MiB / 15.62GiB
15:39:47,courseregistrationplatform-worker_1-1,0.38%,35.71MiB / 15.62GiB
15:39:47,courseregistrationplatform-worker_2-1,0.52%,36.4MiB / 15.62GiB
15:39:47,courseregistrationplatform-ai-server-1,0.24%,121.5MiB / 15.62GiB
15:39:47,courseregistrationplatform-rabbitmq-1,0.78%,164.3MiB / 15.62GiB
15:39:47,courseregistrationplatform-redis-1,17.02%,10.66MiB / 15.62GiB
15:39:47,courseregistrationplatform-grafana-1,0.04%,61.43MiB / 15.62GiB
15:39:47,courseregistrationplatform-prometheus-1,0.11%,59.87MiB / 15.62GiB
15:39:47,sugang-control-plane,14.47%,765.9MiB / 15.62GiB
15:39:47,sugang-worker,3.68%,1.208GiB / 15.62GiB
15:39:47,sugang-worker2,3.44%,1.404GiB / 15.62GiB
15:39:47,biostream_api,8.48%,218.3MiB / 15.62GiB
15:39:47,biostream_mcp,0.00%,0B / 0B
15:39:47,biostream_qdrant,0.14%,165.3MiB / 15.62GiB
15:39:47,biostream_db,0.01%,35.74MiB / 15.62GiB
15:39:54,courseregistrationplatform-k6-run-55d215337951,78.05%,2.712GiB / 15.62GiB
15:39:54,courseregistrationplatform-backend_2-1,91.75%,155.3MiB / 15.62GiB
15:39:54,courseregistrationplatform-backend_1-1,89.56%,152.5MiB / 15.62GiB
15:39:54,courseregistrationplatform-nginx-1,37.07%,205.8MiB / 15.62GiB
15:39:54,courseregistrationplatform-backend_4-1,95.01%,159.4MiB / 15.62GiB
15:39:54,courseregistrationplatform-backend_3-1,96.79%,241.2MiB / 15.62GiB
15:39:54,courseregistrationplatform-db-1,1.78%,396.4MiB / 15.62GiB
15:39:54,courseregistrationplatform-frontend-1,0.00%,47.67MiB / 15.62GiB
15:39:54,courseregistrationplatform-worker_1-1,0.35%,35.45MiB / 15.62GiB
15:39:54,courseregistrationplatform-worker_2-1,0.21%,35.59MiB / 15.62GiB
15:39:54,courseregistrationplatform-ai-server-1,0.24%,121.5MiB / 15.62GiB
15:39:54,courseregistrationplatform-rabbitmq-1,1.44%,164.4MiB / 15.62GiB
15:39:54,courseregistrationplatform-redis-1,18.15%,11.15MiB / 15.62GiB
15:39:54,courseregistrationplatform-grafana-1,0.07%,61.43MiB / 15.62GiB
15:39:54,courseregistrationplatform-prometheus-1,0.11%,59.95MiB / 15.62GiB
15:39:54,sugang-control-plane,12.17%,765.4MiB / 15.62GiB
15:39:54,sugang-worker,4.76%,1.209GiB / 15.62GiB
15:39:54,sugang-worker2,2.86%,1.413GiB / 15.62GiB
15:39:54,biostream_api,6.63%,217.8MiB / 15.62GiB
15:39:54,biostream_mcp,0.00%,0B / 0B
15:39:54,biostream_qdrant,0.16%,165.3MiB / 15.62GiB
15:39:54,biostream_db,0.00%,35.74MiB / 15.62GiB
15:40:01,courseregistrationplatform-k6-run-55d215337951,87.21%,2.712GiB / 15.62GiB
15:40:01,courseregistrationplatform-backend_2-1,85.15%,154.8MiB / 15.62GiB
15:40:01,courseregistrationplatform-backend_1-1,87.61%,157.3MiB / 15.62GiB
15:40:01,courseregistrationplatform-nginx-1,41.38%,204.5MiB / 15.62GiB
15:40:01,courseregistrationplatform-backend_4-1,84.74%,124.9MiB / 15.62GiB
15:40:01,courseregistrationplatform-backend_3-1,83.80%,220.1MiB / 15.62GiB
15:40:01,courseregistrationplatform-db-1,2.59%,396.4MiB / 15.62GiB
15:40:01,courseregistrationplatform-frontend-1,0.00%,47.67MiB / 15.62GiB
15:40:01,courseregistrationplatform-worker_1-1,0.68%,36.23MiB / 15.62GiB
15:40:01,courseregistrationplatform-worker_2-1,0.48%,36.14MiB / 15.62GiB
15:40:01,courseregistrationplatform-ai-server-1,0.25%,121.5MiB / 15.62GiB
15:40:01,courseregistrationplatform-rabbitmq-1,0.94%,164.3MiB / 15.62GiB
15:40:01,courseregistrationplatform-redis-1,16.38%,10.9MiB / 15.62GiB
15:40:01,courseregistrationplatform-grafana-1,0.07%,61.43MiB / 15.62GiB
15:40:01,courseregistrationplatform-prometheus-1,0.13%,59.95MiB / 15.62GiB
15:40:01,sugang-control-plane,17.25%,764.1MiB / 15.62GiB
15:40:01,sugang-worker,11.23%,1.208GiB / 15.62GiB
15:40:01,sugang-worker2,7.60%,1.413GiB / 15.62GiB
15:40:01,biostream_api,7.62%,218.3MiB / 15.62GiB
15:40:01,biostream_mcp,0.00%,0B / 0B
15:40:01,biostream_qdrant,3.26%,165.3MiB / 15.62GiB
15:40:01,biostream_db,4.34%,35.74MiB / 15.62GiB
15:40:09,courseregistrationplatform-k6-run-55d215337951,97.68%,2.712GiB / 15.62GiB
15:40:09,courseregistrationplatform-backend_2-1,88.42%,158.2MiB / 15.62GiB
15:40:09,courseregistrationplatform-backend_1-1,90.69%,154.9MiB / 15.62GiB
15:40:09,courseregistrationplatform-nginx-1,44.71%,202.5MiB / 15.62GiB
15:40:09,courseregistrationplatform-backend_4-1,95.20%,139.2MiB / 15.62GiB
15:40:09,courseregistrationplatform-backend_3-1,97.60%,233.3MiB / 15.62GiB
15:40:09,courseregistrationplatform-db-1,1.97%,396.4MiB / 15.62GiB
15:40:09,courseregistrationplatform-frontend-1,0.00%,47.67MiB / 15.62GiB
15:40:09,courseregistrationplatform-worker_1-1,0.64%,35.88MiB / 15.62GiB
15:40:09,courseregistrationplatform-worker_2-1,0.79%,35.41MiB / 15.62GiB
15:40:09,courseregistrationplatform-ai-server-1,0.22%,121.5MiB / 15.62GiB
15:40:09,courseregistrationplatform-rabbitmq-1,1.20%,164.6MiB / 15.62GiB
15:40:09,courseregistrationplatform-redis-1,16.04%,10.9MiB / 15.62GiB
15:40:09,courseregistrationplatform-grafana-1,0.06%,61.43MiB / 15.62GiB
15:40:09,courseregistrationplatform-prometheus-1,0.11%,59.95MiB / 15.62GiB
15:40:09,sugang-control-plane,14.07%,764.4MiB / 15.62GiB
15:40:09,sugang-worker,5.15%,1.213GiB / 15.62GiB
15:40:09,sugang-worker2,4.70%,1.412GiB / 15.62GiB
15:40:09,biostream_api,8.47%,218.3MiB / 15.62GiB
15:40:09,biostream_mcp,0.00%,0B / 0B
15:40:09,biostream_qdrant,0.13%,165.3MiB / 15.62GiB
15:40:09,biostream_db,0.00%,35.74MiB / 15.62GiB
15:40:16,courseregistrationplatform-k6-run-55d215337951,89.63%,2.712GiB / 15.62GiB
15:40:16,courseregistrationplatform-backend_2-1,90.96%,155.3MiB / 15.62GiB
15:40:16,courseregistrationplatform-backend_1-1,94.31%,154.3MiB / 15.62GiB
15:40:16,courseregistrationplatform-nginx-1,39.16%,201MiB / 15.62GiB
15:40:16,courseregistrationplatform-backend_4-1,94.20%,163.3MiB / 15.62GiB
15:40:16,courseregistrationplatform-backend_3-1,97.55%,234.2MiB / 15.62GiB
15:40:16,courseregistrationplatform-db-1,2.69%,396.4MiB / 15.62GiB
15:40:16,courseregistrationplatform-frontend-1,0.00%,47.67MiB / 15.62GiB
15:40:16,courseregistrationplatform-worker_1-1,0.52%,35.55MiB / 15.62GiB
15:40:16,courseregistrationplatform-worker_2-1,0.76%,36.02MiB / 15.62GiB
15:40:16,courseregistrationplatform-ai-server-1,0.20%,121.5MiB / 15.62GiB
15:40:16,courseregistrationplatform-rabbitmq-1,0.89%,164.7MiB / 15.62GiB
15:40:16,courseregistrationplatform-redis-1,17.26%,10.42MiB / 15.62GiB
15:40:16,courseregistrationplatform-grafana-1,0.05%,61.43MiB / 15.62GiB
15:40:16,courseregistrationplatform-prometheus-1,0.09%,59.95MiB / 15.62GiB
15:40:16,sugang-control-plane,12.02%,766MiB / 15.62GiB
15:40:16,sugang-worker,2.40%,1.213GiB / 15.62GiB
15:40:16,sugang-worker2,3.95%,1.413GiB / 15.62GiB
15:40:16,biostream_api,6.08%,218.6MiB / 15.62GiB
15:40:16,biostream_mcp,0.00%,0B / 0B
15:40:16,biostream_qdrant,0.11%,165.3MiB / 15.62GiB
15:40:16,biostream_db,0.01%,35.74MiB / 15.62GiB
15:40:24,courseregistrationplatform-k6-run-55d215337951,88.07%,2.722GiB / 15.62GiB
15:40:24,courseregistrationplatform-backend_2-1,81.63%,153.5MiB / 15.62GiB
15:40:24,courseregistrationplatform-backend_1-1,79.90%,152.7MiB / 15.62GiB
15:40:24,courseregistrationplatform-nginx-1,43.47%,203.2MiB / 15.62GiB
15:40:24,courseregistrationplatform-backend_4-1,90.26%,150.8MiB / 15.62GiB
15:40:24,courseregistrationplatform-backend_3-1,84.22%,237.9MiB / 15.62GiB
15:40:24,courseregistrationplatform-db-1,2.27%,396.5MiB / 15.62GiB
15:40:24,courseregistrationplatform-frontend-1,0.00%,47.67MiB / 15.62GiB
15:40:24,courseregistrationplatform-worker_1-1,0.58%,35.48MiB / 15.62GiB
15:40:24,courseregistrationplatform-worker_2-1,0.63%,35.69MiB / 15.62GiB
15:40:24,courseregistrationplatform-ai-server-1,0.22%,121.5MiB / 15.62GiB
15:40:24,courseregistrationplatform-rabbitmq-1,0.81%,164.8MiB / 15.62GiB
15:40:24,courseregistrationplatform-redis-1,15.42%,10.43MiB / 15.62GiB
15:40:24,courseregistrationplatform-grafana-1,0.16%,61.93MiB / 15.62GiB
15:40:24,courseregistrationplatform-prometheus-1,0.80%,60.33MiB / 15.62GiB
15:40:24,sugang-control-plane,11.02%,766MiB / 15.62GiB
15:40:24,sugang-worker,4.31%,1.213GiB / 15.62GiB
15:40:24,sugang-worker2,3.93%,1.413GiB / 15.62GiB
15:40:24,biostream_api,8.04%,218.5MiB / 15.62GiB
15:40:24,biostream_qdrant,0.34%,165.3MiB / 15.62GiB
15:40:24,biostream_db,0.00%,35.74MiB / 15.62GiB
15:40:32,courseregistrationplatform-k6-run-55d215337951,86.32%,2.857GiB / 15.62GiB
15:40:32,courseregistrationplatform-backend_2-1,91.69%,149.8MiB / 15.62GiB
15:40:32,courseregistrationplatform-backend_1-1,93.88%,152.8MiB / 15.62GiB
15:40:32,courseregistrationplatform-nginx-1,32.54%,201.6MiB / 15.62GiB
15:40:32,courseregistrationplatform-backend_4-1,90.47%,140.7MiB / 15.62GiB
15:40:32,courseregistrationplatform-backend_3-1,93.29%,237.9MiB / 15.62GiB
15:40:32,courseregistrationplatform-db-1,2.21%,396.5MiB / 15.62GiB
15:40:32,courseregistrationplatform-frontend-1,0.00%,47.67MiB / 15.62GiB
15:40:32,courseregistrationplatform-worker_1-1,0.61%,35.85MiB / 15.62GiB
15:40:32,courseregistrationplatform-worker_2-1,0.65%,35.92MiB / 15.62GiB
15:40:32,courseregistrationplatform-ai-server-1,0.20%,121.5MiB / 15.62GiB
15:40:32,courseregistrationplatform-rabbitmq-1,0.78%,164.8MiB / 15.62GiB
15:40:32,courseregistrationplatform-redis-1,17.56%,11.38MiB / 15.62GiB
15:40:32,courseregistrationplatform-grafana-1,0.09%,61.43MiB / 15.62GiB
15:40:32,courseregistrationplatform-prometheus-1,0.10%,60.32MiB / 15.62GiB
15:40:32,sugang-control-plane,16.07%,764.5MiB / 15.62GiB
15:40:32,sugang-worker,18.28%,1.213GiB / 15.62GiB
15:40:32,sugang-worker2,10.22%,1.436GiB / 15.62GiB
15:40:32,biostream_api,8.30%,218.5MiB / 15.62GiB
15:40:32,biostream_mcp,0.00%,0B / 0B
15:40:32,biostream_qdrant,0.12%,165.3MiB / 15.62GiB
15:40:32,biostream_db,0.01%,35.74MiB / 15.62GiB
15:40:40,courseregistrationplatform-k6-run-55d215337951,118.53%,2.915GiB / 15.62GiB
15:40:40,courseregistrationplatform-backend_2-1,91.00%,116.6MiB / 15.62GiB
15:40:40,courseregistrationplatform-backend_1-1,89.57%,158.9MiB / 15.62GiB
15:40:40,courseregistrationplatform-nginx-1,51.80%,199.2MiB / 15.62GiB
15:40:40,courseregistrationplatform-backend_4-1,85.34%,142.9MiB / 15.62GiB
15:40:40,courseregistrationplatform-backend_3-1,93.23%,229.5MiB / 15.62GiB
15:40:40,courseregistrationplatform-db-1,2.14%,396.5MiB / 15.62GiB
15:40:40,courseregistrationplatform-frontend-1,0.00%,47.67MiB / 15.62GiB
15:40:40,courseregistrationplatform-worker_1-1,0.27%,36.57MiB / 15.62GiB
15:40:40,courseregistrationplatform-worker_2-1,0.21%,35.71MiB / 15.62GiB
15:40:40,courseregistrationplatform-ai-server-1,0.28%,121.5MiB / 15.62GiB
15:40:40,courseregistrationplatform-rabbitmq-1,0.73%,164.9MiB / 15.62GiB
15:40:40,courseregistrationplatform-redis-1,16.50%,10.65MiB / 15.62GiB
15:40:40,courseregistrationplatform-grafana-1,0.05%,61.43MiB / 15.62GiB
15:40:40,courseregistrationplatform-prometheus-1,0.10%,60.32MiB / 15.62GiB
15:40:40,sugang-control-plane,12.73%,765.3MiB / 15.62GiB
15:40:40,sugang-worker,4.52%,1.136GiB / 15.62GiB
15:40:40,sugang-worker2,5.25%,1.435GiB / 15.62GiB
15:40:40,biostream_api,7.39%,217.8MiB / 15.62GiB
15:40:40,biostream_mcp,0.00%,0B / 0B
15:40:40,biostream_qdrant,5.21%,165.5MiB / 15.62GiB
15:40:40,biostream_db,0.00%,35.74MiB / 15.62GiB
15:40:48,courseregistrationplatform-k6-run-55d215337951,106.73%,2.914GiB / 15.62GiB
15:40:48,courseregistrationplatform-backend_2-1,88.58%,137.6MiB / 15.62GiB
15:40:48,courseregistrationplatform-backend_1-1,85.58%,155MiB / 15.62GiB
15:40:48,courseregistrationplatform-nginx-1,55.44%,201.3MiB / 15.62GiB
15:40:48,courseregistrationplatform-backend_4-1,87.30%,146.4MiB / 15.62GiB
15:40:48,courseregistrationplatform-backend_3-1,76.71%,231MiB / 15.62GiB
15:40:48,courseregistrationplatform-db-1,1.92%,396.5MiB / 15.62GiB
15:40:48,courseregistrationplatform-frontend-1,0.00%,47.67MiB / 15.62GiB
15:40:48,courseregistrationplatform-worker_1-1,0.41%,36.14MiB / 15.62GiB
15:40:48,courseregistrationplatform-worker_2-1,0.48%,35.52MiB / 15.62GiB
15:40:48,courseregistrationplatform-ai-server-1,0.25%,121.5MiB / 15.62GiB
15:40:48,courseregistrationplatform-rabbitmq-1,0.73%,165MiB / 15.62GiB
15:40:48,courseregistrationplatform-redis-1,13.85%,10.64MiB / 15.62GiB
15:40:48,courseregistrationplatform-grafana-1,0.12%,61.43MiB / 15.62GiB
15:40:48,courseregistrationplatform-prometheus-1,0.15%,60.45MiB / 15.62GiB
15:40:48,sugang-control-plane,13.36%,766.9MiB / 15.62GiB
15:40:48,sugang-worker,3.43%,1.136GiB / 15.62GiB
15:40:48,sugang-worker2,4.69%,1.436GiB / 15.62GiB
15:40:48,biostream_api,7.55%,218MiB / 15.62GiB
15:40:48,biostream_mcp,0.00%,0B / 0B
15:40:48,biostream_qdrant,0.13%,165.2MiB / 15.62GiB
15:40:48,biostream_db,0.96%,35.74MiB / 15.62GiB
15:40:55,courseregistrationplatform-k6-run-55d215337951,104.11%,2.915GiB / 15.62GiB
15:40:55,courseregistrationplatform-backend_2-1,97.43%,151.9MiB / 15.62GiB
15:40:55,courseregistrationplatform-backend_1-1,84.91%,156.5MiB / 15.62GiB
15:40:55,courseregistrationplatform-nginx-1,55.99%,190.1MiB / 15.62GiB
15:40:55,courseregistrationplatform-backend_4-1,94.42%,163.6MiB / 15.62GiB
15:40:55,courseregistrationplatform-backend_3-1,93.43%,228.4MiB / 15.62GiB
15:40:55,courseregistrationplatform-db-1,2.89%,396.6MiB / 15.62GiB
15:40:55,courseregistrationplatform-frontend-1,0.00%,47.67MiB / 15.62GiB
15:40:55,courseregistrationplatform-worker_1-1,0.92%,36.75MiB / 15.62GiB
15:40:55,courseregistrationplatform-worker_2-1,1.24%,37.5MiB / 15.62GiB
15:40:55,courseregistrationplatform-ai-server-1,0.21%,121.5MiB / 15.62GiB
15:40:55,courseregistrationplatform-rabbitmq-1,1.32%,165.7MiB / 15.62GiB
15:40:55,courseregistrationplatform-redis-1,15.76%,10.89MiB / 15.62GiB
15:40:55,courseregistrationplatform-grafana-1,0.52%,61.43MiB / 15.62GiB
15:40:55,courseregistrationplatform-prometheus-1,0.07%,60.7MiB / 15.62GiB
15:40:55,sugang-control-plane,19.67%,765.5MiB / 15.62GiB
15:40:55,sugang-worker,6.40%,1.137GiB / 15.62GiB
15:40:55,sugang-worker2,3.43%,1.444GiB / 15.62GiB
15:40:55,biostream_api,8.19%,218.1MiB / 15.62GiB
15:40:55,biostream_mcp,0.00%,0B / 0B
15:40:55,biostream_qdrant,0.34%,165.2MiB / 15.62GiB
15:40:55,biostream_db,0.00%,35.74MiB / 15.62GiB
15:41:03,courseregistrationplatform-k6-run-55d215337951,96.56%,2.931GiB / 15.62GiB
15:41:03,courseregistrationplatform-backend_2-1,94.75%,160.6MiB / 15.62GiB
15:41:03,courseregistrationplatform-backend_1-1,90.73%,160.2MiB / 15.62GiB
15:41:03,courseregistrationplatform-nginx-1,44.75%,182.4MiB / 15.62GiB
15:41:03,courseregistrationplatform-backend_4-1,87.09%,185.6MiB / 15.62GiB
15:41:03,courseregistrationplatform-backend_3-1,92.39%,225.7MiB / 15.62GiB
15:41:03,courseregistrationplatform-db-1,1.86%,396.6MiB / 15.62GiB
15:41:03,courseregistrationplatform-frontend-1,0.00%,47.67MiB / 15.62GiB
15:41:03,courseregistrationplatform-worker_1-1,0.61%,36.04MiB / 15.62GiB
15:41:03,courseregistrationplatform-worker_2-1,0.57%,34.5MiB / 15.62GiB
15:41:03,courseregistrationplatform-ai-server-1,0.23%,121.5MiB / 15.62GiB
15:41:03,courseregistrationplatform-rabbitmq-1,1.54%,165.5MiB / 15.62GiB
15:41:03,courseregistrationplatform-redis-1,17.28%,10.89MiB / 15.62GiB
15:41:03,courseregistrationplatform-grafana-1,0.07%,61.43MiB / 15.62GiB
15:41:03,courseregistrationplatform-prometheus-1,0.16%,60.71MiB / 15.62GiB
15:41:03,sugang-control-plane,9.97%,764.6MiB / 15.62GiB
15:41:03,sugang-worker,2.74%,1.136GiB / 15.62GiB
15:41:03,sugang-worker2,5.70%,1.444GiB / 15.62GiB
15:41:03,biostream_api,8.70%,218.5MiB / 15.62GiB
15:41:03,biostream_mcp,0.00%,0B / 0B
15:41:03,biostream_qdrant,0.16%,165.2MiB / 15.62GiB
15:41:03,biostream_db,0.00%,35.74MiB / 15.62GiB
15:41:11,courseregistrationplatform-k6-run-55d215337951,104.28%,2.959GiB / 15.62GiB
15:41:11,courseregistrationplatform-backend_2-1,78.34%,153.1MiB / 15.62GiB
15:41:11,courseregistrationplatform-backend_1-1,89.67%,159.2MiB / 15.62GiB
15:41:11,courseregistrationplatform-nginx-1,42.83%,179.6MiB / 15.62GiB
15:41:11,courseregistrationplatform-backend_4-1,79.21%,180.1MiB / 15.62GiB
15:41:11,courseregistrationplatform-backend_3-1,83.69%,212.8MiB / 15.62GiB
15:41:11,courseregistrationplatform-db-1,1.30%,396.9MiB / 15.62GiB
15:41:11,courseregistrationplatform-frontend-1,0.00%,47.67MiB / 15.62GiB
15:41:11,courseregistrationplatform-worker_1-1,1.16%,35.61MiB / 15.62GiB
15:41:11,courseregistrationplatform-worker_2-1,1.51%,34.46MiB / 15.62GiB
15:41:11,courseregistrationplatform-ai-server-1,0.22%,121.5MiB / 15.62GiB
15:41:11,courseregistrationplatform-rabbitmq-1,0.93%,165.5MiB / 15.62GiB
15:41:11,courseregistrationplatform-redis-1,12.90%,10.89MiB / 15.62GiB
15:41:11,courseregistrationplatform-grafana-1,0.04%,61.43MiB / 15.62GiB
15:41:11,courseregistrationplatform-prometheus-1,0.09%,60.71MiB / 15.62GiB
15:41:11,sugang-control-plane,9.73%,766.5MiB / 15.62GiB
15:41:11,sugang-worker,2.24%,1.136GiB / 15.62GiB
15:41:11,sugang-worker2,3.98%,1.444GiB / 15.62GiB
15:41:11,biostream_api,6.71%,217.8MiB / 15.62GiB
15:41:11,biostream_mcp,0.00%,0B / 0B
15:41:11,biostream_qdrant,2.59%,165.8MiB / 15.62GiB
15:41:11,biostream_db,0.00%,35.74MiB / 15.62GiB
15:41:19,courseregistrationplatform-k6-run-55d215337951,97.19%,2.965GiB / 15.62GiB
15:41:19,courseregistrationplatform-backend_2-1,92.48%,151.1MiB / 15.62GiB
15:41:19,courseregistrationplatform-backend_1-1,96.83%,155.8MiB / 15.62GiB
15:41:19,courseregistrationplatform-nginx-1,38.54%,184.8MiB / 15.62GiB
15:41:19,courseregistrationplatform-backend_4-1,97.77%,204MiB / 15.62GiB
15:41:19,courseregistrationplatform-backend_3-1,100.59%,160.3MiB / 15.62GiB
15:41:19,courseregistrationplatform-db-1,2.23%,396.7MiB / 15.62GiB
15:41:19,courseregistrationplatform-frontend-1,0.00%,47.67MiB / 15.62GiB
15:41:19,courseregistrationplatform-worker_1-1,0.73%,35.72MiB / 15.62GiB
15:41:19,courseregistrationplatform-worker_2-1,0.56%,34.23MiB / 15.62GiB
15:41:19,courseregistrationplatform-ai-server-1,0.23%,121.5MiB / 15.62GiB
15:41:19,courseregistrationplatform-rabbitmq-1,1.35%,165.6MiB / 15.62GiB
15:41:19,courseregistrationplatform-redis-1,18.50%,10.67MiB / 15.62GiB
15:41:19,courseregistrationplatform-grafana-1,0.08%,61.43MiB / 15.62GiB
15:41:19,courseregistrationplatform-prometheus-1,0.79%,60.71MiB / 15.62GiB
15:41:19,sugang-control-plane,12.74%,766MiB / 15.62GiB
15:41:19,sugang-worker,3.52%,1.144GiB / 15.62GiB
15:41:19,sugang-worker2,4.13%,1.444GiB / 15.62GiB
15:41:19,biostream_api,6.79%,217.8MiB / 15.62GiB
15:41:19,biostream_mcp,0.00%,0B / 0B
15:41:19,biostream_qdrant,0.23%,165.2MiB / 15.62GiB
15:41:19,biostream_db,0.00%,35.74MiB / 15.62GiB
15:41:26,courseregistrationplatform-k6-run-55d215337951,91.20%,2.965GiB / 15.62GiB
15:41:26,courseregistrationplatform-backend_2-1,76.55%,150.1MiB / 15.62GiB
15:41:26,courseregistrationplatform-backend_1-1,92.54%,156MiB / 15.62GiB
15:41:26,courseregistrationplatform-nginx-1,32.62%,181MiB / 15.62GiB
15:41:26,courseregistrationplatform-backend_4-1,89.68%,215.3MiB / 15.62GiB
15:41:26,courseregistrationplatform-backend_3-1,82.41%,159.6MiB / 15.62GiB
15:41:26,courseregistrationplatform-db-1,1.48%,396.8MiB / 15.62GiB
15:41:26,courseregistrationplatform-frontend-1,0.00%,47.58MiB / 15.62GiB
15:41:26,courseregistrationplatform-worker_1-1,0.01%,36.22MiB / 15.62GiB
15:41:26,courseregistrationplatform-worker_2-1,0.01%,34.4MiB / 15.62GiB
15:41:26,courseregistrationplatform-ai-server-1,0.20%,121.4MiB / 15.62GiB
15:41:26,courseregistrationplatform-rabbitmq-1,0.28%,165.5MiB / 15.62GiB
15:41:26,courseregistrationplatform-redis-1,15.26%,10.91MiB / 15.62GiB
15:41:26,courseregistrationplatform-grafana-1,0.07%,61.38MiB / 15.62GiB
15:41:26,courseregistrationplatform-prometheus-1,0.09%,60.89MiB / 15.62GiB
15:41:26,sugang-control-plane,11.81%,766.2MiB / 15.62GiB
15:41:26,sugang-worker,6.95%,1.145GiB / 15.62GiB
15:41:26,sugang-worker2,6.40%,1.445GiB / 15.62GiB
15:41:26,biostream_api,6.60%,217.9MiB / 15.62GiB
15:41:26,biostream_mcp,96.69%,69.45MiB / 15.62GiB
15:41:26,biostream_qdrant,0.14%,164.5MiB / 15.62GiB
15:41:26,biostream_db,0.00%,35.74MiB / 15.62GiB
15:41:33,courseregistrationplatform-k6-run-55d215337951,98.20%,2.965GiB / 15.62GiB
15:41:33,courseregistrationplatform-backend_2-1,85.99%,152.6MiB / 15.62GiB
15:41:33,courseregistrationplatform-backend_1-1,88.53%,156.1MiB / 15.62GiB
15:41:33,courseregistrationplatform-nginx-1,34.98%,183.6MiB / 15.62GiB
15:41:33,courseregistrationplatform-backend_4-1,93.24%,205.3MiB / 15.62GiB
15:41:33,courseregistrationplatform-backend_3-1,90.55%,164.1MiB / 15.62GiB
15:41:33,courseregistrationplatform-db-1,2.71%,396.8MiB / 15.62GiB
15:41:33,courseregistrationplatform-frontend-1,0.00%,47.55MiB / 15.62GiB
15:41:33,courseregistrationplatform-worker_1-1,0.71%,35.83MiB / 15.62GiB
15:41:33,courseregistrationplatform-worker_2-1,0.39%,33.71MiB / 15.62GiB
15:41:33,courseregistrationplatform-ai-server-1,0.22%,121.4MiB / 15.62GiB
15:41:33,courseregistrationplatform-rabbitmq-1,1.50%,166.2MiB / 15.62GiB
15:41:33,courseregistrationplatform-redis-1,17.07%,11.14MiB / 15.62GiB
15:41:33,courseregistrationplatform-grafana-1,0.09%,61.38MiB / 15.62GiB
15:41:33,courseregistrationplatform-prometheus-1,0.16%,61.2MiB / 15.62GiB
15:41:33,sugang-control-plane,16.81%,765.5MiB / 15.62GiB
15:41:33,sugang-worker,6.17%,1.145GiB / 15.62GiB
15:41:33,sugang-worker2,12.54%,1.444GiB / 15.62GiB
15:41:33,biostream_api,8.00%,217.9MiB / 15.62GiB
15:41:33,biostream_mcp,0.00%,0B / 0B
15:41:33,biostream_qdrant,0.14%,164.5MiB / 15.62GiB
15:41:33,biostream_db,0.00%,35.74MiB / 15.62GiB
15:41:40,courseregistrationplatform-k6-run-55d215337951,114.08%,2.965GiB / 15.62GiB
15:41:40,courseregistrationplatform-backend_2-1,88.97%,150.5MiB / 15.62GiB
15:41:40,courseregistrationplatform-backend_1-1,87.28%,149.9MiB / 15.62GiB
15:41:40,courseregistrationplatform-nginx-1,41.50%,180.9MiB / 15.62GiB
15:41:40,courseregistrationplatform-backend_4-1,83.84%,207.1MiB / 15.62GiB
15:41:40,courseregistrationplatform-backend_3-1,86.97%,161.5MiB / 15.62GiB
15:41:40,courseregistrationplatform-db-1,5.75%,396.8MiB / 15.62GiB
15:41:40,courseregistrationplatform-frontend-1,0.00%,47.55MiB / 15.62GiB
15:41:40,courseregistrationplatform-worker_1-1,0.20%,36.3MiB / 15.62GiB
15:41:40,courseregistrationplatform-worker_2-1,0.50%,33.68MiB / 15.62GiB
15:41:40,courseregistrationplatform-ai-server-1,0.23%,121.4MiB / 15.62GiB
15:41:40,courseregistrationplatform-rabbitmq-1,0.93%,166MiB / 15.62GiB
15:41:40,courseregistrationplatform-redis-1,15.25%,10.42MiB / 15.62GiB
15:41:40,courseregistrationplatform-grafana-1,0.05%,61.38MiB / 15.62GiB
15:41:40,courseregistrationplatform-prometheus-1,0.09%,61.2MiB / 15.62GiB
15:41:40,sugang-control-plane,11.82%,765.7MiB / 15.62GiB
15:41:40,sugang-worker,5.00%,1.144GiB / 15.62GiB
15:41:40,sugang-worker2,4.29%,1.444GiB / 15.62GiB
15:41:40,biostream_api,7.22%,217.9MiB / 15.62GiB
15:41:40,biostream_mcp,0.00%,0B / 0B
15:41:40,biostream_qdrant,0.12%,164.5MiB / 15.62GiB
15:41:40,biostream_db,0.00%,35.74MiB / 15.62GiB
15:41:47,courseregistrationplatform-k6-run-55d215337951,103.71%,2.967GiB / 15.62GiB
15:41:47,courseregistrationplatform-backend_2-1,91.21%,149.8MiB / 15.62GiB
15:41:47,courseregistrationplatform-backend_1-1,87.21%,152.6MiB / 15.62GiB
15:41:47,courseregistrationplatform-nginx-1,37.78%,180.4MiB / 15.62GiB
15:41:47,courseregistrationplatform-backend_4-1,91.31%,200.8MiB / 15.62GiB
15:41:47,courseregistrationplatform-backend_3-1,85.97%,160.7MiB / 15.62GiB
15:41:47,courseregistrationplatform-db-1,4.30%,397.1MiB / 15.62GiB
15:41:47,courseregistrationplatform-frontend-1,0.00%,47.55MiB / 15.62GiB
15:41:47,courseregistrationplatform-worker_1-1,1.16%,36.18MiB / 15.62GiB
15:41:47,courseregistrationplatform-worker_2-1,1.29%,33.96MiB / 15.62GiB
15:41:47,courseregistrationplatform-ai-server-1,0.23%,121.4MiB / 15.62GiB
15:41:47,courseregistrationplatform-rabbitmq-1,2.16%,166.5MiB / 15.62GiB
15:41:47,courseregistrationplatform-redis-1,16.37%,10.66MiB / 15.62GiB
15:41:47,courseregistrationplatform-grafana-1,0.17%,61.38MiB / 15.62GiB
15:41:47,courseregistrationplatform-prometheus-1,0.14%,59.59MiB / 15.62GiB
15:41:47,sugang-control-plane,11.05%,767MiB / 15.62GiB
15:41:47,sugang-worker,2.17%,1.144GiB / 15.62GiB
15:41:47,sugang-worker2,4.65%,1.444GiB / 15.62GiB
15:41:47,biostream_api,7.12%,218.4MiB / 15.62GiB
15:41:47,biostream_mcp,0.00%,0B / 0B
15:41:47,biostream_qdrant,0.13%,164.5MiB / 15.62GiB
15:41:47,biostream_db,0.61%,35.75MiB / 15.62GiB
15:41:55,courseregistrationplatform-k6-run-55d215337951,98.43%,3.007GiB / 15.62GiB
15:41:55,courseregistrationplatform-backend_2-1,84.80%,149.4MiB / 15.62GiB
15:41:55,courseregistrationplatform-backend_1-1,83.19%,158.3MiB / 15.62GiB
15:41:55,courseregistrationplatform-nginx-1,39.52%,181.7MiB / 15.62GiB
15:41:55,courseregistrationplatform-backend_4-1,88.56%,205.6MiB / 15.62GiB
15:41:55,courseregistrationplatform-backend_3-1,98.40%,161.6MiB / 15.62GiB
15:41:55,courseregistrationplatform-db-1,3.86%,396.8MiB / 15.62GiB
15:41:55,courseregistrationplatform-frontend-1,0.00%,47.56MiB / 15.62GiB
15:41:55,courseregistrationplatform-worker_1-1,1.17%,36MiB / 15.62GiB
15:41:55,courseregistrationplatform-worker_2-1,1.45%,33.77MiB / 15.62GiB
15:41:55,courseregistrationplatform-ai-server-1,0.23%,121.4MiB / 15.62GiB
15:41:55,courseregistrationplatform-rabbitmq-1,1.72%,166.3MiB / 15.62GiB
15:41:55,courseregistrationplatform-redis-1,15.90%,10.67MiB / 15.62GiB
15:41:55,courseregistrationplatform-grafana-1,0.58%,61.38MiB / 15.62GiB
15:41:55,courseregistrationplatform-prometheus-1,0.08%,64.73MiB / 15.62GiB
15:41:55,sugang-control-plane,11.76%,767.1MiB / 15.62GiB
15:41:55,sugang-worker,4.74%,1.146GiB / 15.62GiB
15:41:55,sugang-worker2,7.31%,1.445GiB / 15.62GiB
15:41:55,biostream_api,7.95%,217.9MiB / 15.62GiB
15:41:55,biostream_mcp,0.00%,0B / 0B
15:41:55,biostream_qdrant,0.12%,164.5MiB / 15.62GiB
15:41:55,biostream_db,0.00%,35.74MiB / 15.62GiB
15:42:03,courseregistrationplatform-k6-run-55d215337951,102.84%,3.007GiB / 15.62GiB
15:42:03,courseregistrationplatform-backend_2-1,90.40%,148.5MiB / 15.62GiB
15:42:03,courseregistrationplatform-backend_1-1,95.09%,156.7MiB / 15.62GiB
15:42:03,courseregistrationplatform-nginx-1,36.26%,177.8MiB / 15.62GiB
15:42:03,courseregistrationplatform-backend_4-1,95.08%,205.9MiB / 15.62GiB
15:42:03,courseregistrationplatform-backend_3-1,90.32%,160.2MiB / 15.62GiB
15:42:03,courseregistrationplatform-db-1,3.33%,396.9MiB / 15.62GiB
15:42:03,courseregistrationplatform-frontend-1,0.00%,47.56MiB / 15.62GiB
15:42:03,courseregistrationplatform-worker_1-1,0.88%,36.65MiB / 15.62GiB
15:42:03,courseregistrationplatform-worker_2-1,0.90%,34.22MiB / 15.62GiB
15:42:03,courseregistrationplatform-ai-server-1,0.25%,121.4MiB / 15.62GiB
15:42:03,courseregistrationplatform-rabbitmq-1,1.75%,166.3MiB / 15.62GiB
15:42:03,courseregistrationplatform-redis-1,17.11%,10.67MiB / 15.62GiB
15:42:03,courseregistrationplatform-grafana-1,0.08%,61.38MiB / 15.62GiB
15:42:03,courseregistrationplatform-prometheus-1,0.18%,64.73MiB / 15.62GiB
15:42:03,sugang-control-plane,17.67%,767.6MiB / 15.62GiB
15:42:03,sugang-worker,9.75%,1.146GiB / 15.62GiB
15:42:03,sugang-worker2,13.85%,1.444GiB / 15.62GiB
15:42:03,biostream_api,7.41%,218.2MiB / 15.62GiB
15:42:03,biostream_mcp,0.00%,0B / 0B
15:42:03,biostream_qdrant,0.12%,164.5MiB / 15.62GiB
15:42:03,biostream_db,4.06%,35.74MiB / 15.62GiB
15:42:10,courseregistrationplatform-k6-run-55d215337951,102.90%,3.006GiB / 15.62GiB
15:42:10,courseregistrationplatform-backend_2-1,92.24%,146.7MiB / 15.62GiB
15:42:10,courseregistrationplatform-backend_1-1,90.88%,156MiB / 15.62GiB
15:42:10,courseregistrationplatform-nginx-1,35.42%,178MiB / 15.62GiB
15:42:10,courseregistrationplatform-backend_4-1,99.12%,225.1MiB / 15.62GiB
15:42:10,courseregistrationplatform-backend_3-1,95.43%,158.1MiB / 15.62GiB
15:42:10,courseregistrationplatform-db-1,2.92%,396.9MiB / 15.62GiB
15:42:10,courseregistrationplatform-frontend-1,0.00%,47.56MiB / 15.62GiB
15:42:10,courseregistrationplatform-worker_1-1,0.63%,35.91MiB / 15.62GiB
15:42:10,courseregistrationplatform-worker_2-1,0.64%,33.8MiB / 15.62GiB
15:42:10,courseregistrationplatform-ai-server-1,0.19%,121.4MiB / 15.62GiB
15:42:10,courseregistrationplatform-rabbitmq-1,1.19%,165.8MiB / 15.62GiB
15:42:10,courseregistrationplatform-redis-1,18.23%,10.43MiB / 15.62GiB
15:42:10,courseregistrationplatform-grafana-1,0.09%,61.38MiB / 15.62GiB
15:42:10,courseregistrationplatform-prometheus-1,0.08%,64.93MiB / 15.62GiB
15:42:10,sugang-control-plane,13.27%,767.1MiB / 15.62GiB
15:42:10,sugang-worker,3.88%,1.154GiB / 15.62GiB
15:42:10,sugang-worker2,3.66%,1.444GiB / 15.62GiB
15:42:10,biostream_api,7.10%,217.7MiB / 15.62GiB
15:42:10,biostream_mcp,0.00%,0B / 0B
15:42:10,biostream_qdrant,0.29%,164.5MiB / 15.62GiB
15:42:10,biostream_db,0.00%,35.74MiB / 15.62GiB
15:42:17,courseregistrationplatform-k6-run-55d215337951,109.59%,3.006GiB / 15.62GiB
15:42:17,courseregistrationplatform-backend_2-1,84.88%,148.2MiB / 15.62GiB
15:42:17,courseregistrationplatform-backend_1-1,83.50%,161.7MiB / 15.62GiB
15:42:17,courseregistrationplatform-nginx-1,42.11%,175.5MiB / 15.62GiB
15:42:17,courseregistrationplatform-backend_4-1,61.64%,214MiB / 15.62GiB
15:42:17,courseregistrationplatform-backend_3-1,91.74%,156.1MiB / 15.62GiB
15:42:17,courseregistrationplatform-db-1,19.53%,397.2MiB / 15.62GiB
15:42:17,courseregistrationplatform-frontend-1,0.00%,47.55MiB / 15.62GiB
15:42:17,courseregistrationplatform-worker_1-1,15.64%,35.99MiB / 15.62GiB
15:42:17,courseregistrationplatform-worker_2-1,15.95%,34.29MiB / 15.62GiB
15:42:17,courseregistrationplatform-ai-server-1,0.22%,121.4MiB / 15.62GiB
15:42:17,courseregistrationplatform-rabbitmq-1,8.52%,166.2MiB / 15.62GiB
15:42:17,courseregistrationplatform-redis-1,15.30%,10.91MiB / 15.62GiB
15:42:17,courseregistrationplatform-grafana-1,0.06%,61.38MiB / 15.62GiB
15:42:17,courseregistrationplatform-prometheus-1,0.12%,64.93MiB / 15.62GiB
15:42:17,sugang-control-plane,14.41%,767.6MiB / 15.62GiB
15:42:17,sugang-worker,4.43%,1.154GiB / 15.62GiB
15:42:17,sugang-worker2,4.93%,1.443GiB / 15.62GiB
15:42:17,biostream_api,7.98%,217.9MiB / 15.62GiB
15:42:17,biostream_mcp,0.00%,0B / 0B
15:42:17,biostream_qdrant,0.12%,164.3MiB / 15.62GiB
15:42:17,biostream_db,0.00%,35.74MiB / 15.62GiB
15:42:24,courseregistrationplatform-k6-run-55d215337951,102.52%,3.006GiB / 15.62GiB
15:42:24,courseregistrationplatform-backend_2-1,94.88%,147.7MiB / 15.62GiB
15:42:24,courseregistrationplatform-backend_1-1,94.72%,162.5MiB / 15.62GiB
15:42:24,courseregistrationplatform-nginx-1,34.29%,166.9MiB / 15.62GiB
15:42:24,courseregistrationplatform-backend_4-1,91.26%,160.2MiB / 15.62GiB
15:42:24,courseregistrationplatform-backend_3-1,90.99%,161.4MiB / 15.62GiB
15:42:24,courseregistrationplatform-db-1,3.07%,397.2MiB / 15.62GiB
15:42:24,courseregistrationplatform-frontend-1,0.00%,47.52MiB / 15.62GiB
15:42:24,courseregistrationplatform-worker_1-1,0.61%,36.55MiB / 15.62GiB
15:42:24,courseregistrationplatform-worker_2-1,1.05%,33.73MiB / 15.62GiB
15:42:24,courseregistrationplatform-ai-server-1,0.19%,121.1MiB / 15.62GiB
15:42:24,courseregistrationplatform-rabbitmq-1,1.19%,166MiB / 15.62GiB
15:42:24,courseregistrationplatform-redis-1,17.47%,10.68MiB / 15.62GiB
15:42:24,courseregistrationplatform-grafana-1,0.40%,61.2MiB / 15.62GiB
15:42:24,courseregistrationplatform-prometheus-1,0.81%,64.95MiB / 15.62GiB
15:42:24,sugang-control-plane,9.31%,767.1MiB / 15.62GiB
15:42:24,sugang-worker,4.31%,1.153GiB / 15.62GiB
15:42:24,sugang-worker2,4.91%,1.443GiB / 15.62GiB
15:42:24,biostream_api,8.06%,218.1MiB / 15.62GiB
15:42:24,biostream_mcp,0.00%,0B / 0B
15:42:24,biostream_qdrant,0.35%,163.9MiB / 15.62GiB
15:42:24,biostream_db,0.00%,35.74MiB / 15.62GiB
15:42:32,courseregistrationplatform-k6-run-55d215337951,104.76%,3.019GiB / 15.62GiB
15:42:32,courseregistrationplatform-backend_2-1,85.06%,161.7MiB / 15.62GiB
15:42:32,courseregistrationplatform-backend_1-1,90.42%,167.9MiB / 15.62GiB
15:42:32,courseregistrationplatform-nginx-1,39.35%,176.3MiB / 15.62GiB
15:42:32,courseregistrationplatform-backend_4-1,82.05%,168.8MiB / 15.62GiB
15:42:32,courseregistrationplatform-backend_3-1,82.55%,171.7MiB / 15.62GiB
15:42:32,courseregistrationplatform-db-1,1.87%,397.2MiB / 15.62GiB
15:42:32,courseregistrationplatform-frontend-1,0.00%,47.35MiB / 15.62GiB
15:42:32,courseregistrationplatform-worker_1-1,0.26%,36.3MiB / 15.62GiB
15:42:32,courseregistrationplatform-worker_2-1,0.22%,33.68MiB / 15.62GiB
15:42:32,courseregistrationplatform-ai-server-1,0.21%,122.9MiB / 15.62GiB
15:42:32,courseregistrationplatform-rabbitmq-1,1.28%,166.3MiB / 15.62GiB
15:42:32,courseregistrationplatform-redis-1,17.64%,11.15MiB / 15.62GiB
15:42:32,courseregistrationplatform-grafana-1,0.05%,61.29MiB / 15.62GiB
15:42:32,courseregistrationplatform-prometheus-1,0.20%,64.91MiB / 15.62GiB
15:42:32,sugang-control-plane,16.01%,765.1MiB / 15.62GiB
15:42:32,sugang-worker,16.44%,1.151GiB / 15.62GiB
15:42:32,sugang-worker2,10.24%,1.442GiB / 15.62GiB
15:42:32,biostream_api,6.39%,218.3MiB / 15.62GiB
15:42:32,biostream_qdrant,0.15%,162.7MiB / 15.62GiB
15:42:32,biostream_db,0.00%,35.66MiB / 15.62GiB
15:42:40,courseregistrationplatform-k6-run-55d215337951,98.76%,3.019GiB / 15.62GiB
15:42:40,courseregistrationplatform-backend_2-1,90.14%,167MiB / 15.62GiB
15:42:40,courseregistrationplatform-backend_1-1,84.85%,164.6MiB / 15.62GiB
15:42:40,courseregistrationplatform-nginx-1,37.14%,168.5MiB / 15.62GiB
15:42:40,courseregistrationplatform-backend_4-1,93.03%,165.6MiB / 15.62GiB
15:42:40,courseregistrationplatform-backend_3-1,89.11%,172.8MiB / 15.62GiB
15:42:40,courseregistrationplatform-db-1,5.56%,397.2MiB / 15.62GiB
15:42:40,courseregistrationplatform-frontend-1,0.00%,47.35MiB / 15.62GiB
15:42:40,courseregistrationplatform-worker_1-1,0.41%,36.04MiB / 15.62GiB
15:42:40,courseregistrationplatform-worker_2-1,0.21%,34.41MiB / 15.62GiB
15:42:40,courseregistrationplatform-ai-server-1,0.22%,122.9MiB / 15.62GiB
15:42:40,courseregistrationplatform-rabbitmq-1,0.69%,166.2MiB / 15.62GiB
15:42:40,courseregistrationplatform-redis-1,16.95%,10.44MiB / 15.62GiB
15:42:40,courseregistrationplatform-grafana-1,0.05%,61.29MiB / 15.62GiB
15:42:40,courseregistrationplatform-prometheus-1,0.09%,64.91MiB / 15.62GiB
15:42:40,sugang-control-plane,13.14%,766.2MiB / 15.62GiB
15:42:40,sugang-worker,3.29%,1.159GiB / 15.62GiB
15:42:40,sugang-worker2,6.54%,1.442GiB / 15.62GiB
15:42:40,biostream_api,7.17%,217.8MiB / 15.62GiB
15:42:40,biostream_mcp,0.00%,0B / 0B
15:42:40,biostream_qdrant,0.11%,162.7MiB / 15.62GiB
15:42:40,biostream_db,0.00%,35.66MiB / 15.62GiB
15:42:48,courseregistrationplatform-k6-run-55d215337951,106.59%,3.019GiB / 15.62GiB
15:42:48,courseregistrationplatform-backend_2-1,84.72%,161.9MiB / 15.62GiB
15:42:48,courseregistrationplatform-backend_1-1,86.72%,164.2MiB / 15.62GiB
15:42:48,courseregistrationplatform-nginx-1,39.82%,170.6MiB / 15.62GiB
15:42:48,courseregistrationplatform-backend_4-1,90.02%,169.6MiB / 15.62GiB
15:42:48,courseregistrationplatform-backend_3-1,88.59%,174.9MiB / 15.62GiB
15:42:48,courseregistrationplatform-db-1,3.14%,397.2MiB / 15.62GiB
15:42:48,courseregistrationplatform-frontend-1,0.00%,47.35MiB / 15.62GiB
15:42:48,courseregistrationplatform-worker_1-1,1.28%,36.63MiB / 15.62GiB
15:42:48,courseregistrationplatform-worker_2-1,0.91%,34.2MiB / 15.62GiB
15:42:48,courseregistrationplatform-ai-server-1,0.19%,122.9MiB / 15.62GiB
15:42:48,courseregistrationplatform-rabbitmq-1,1.94%,166.7MiB / 15.62GiB
15:42:48,courseregistrationplatform-redis-1,16.56%,10.7MiB / 15.62GiB
15:42:48,courseregistrationplatform-grafana-1,0.17%,61.29MiB / 15.62GiB
15:42:48,courseregistrationplatform-prometheus-1,0.21%,64.91MiB / 15.62GiB
15:42:48,sugang-control-plane,13.69%,766.9MiB / 15.62GiB
15:42:48,sugang-worker,5.03%,1.159GiB / 15.62GiB
15:42:48,sugang-worker2,4.57%,1.442GiB / 15.62GiB
15:42:48,biostream_api,7.92%,218.1MiB / 15.62GiB
15:42:48,biostream_mcp,0.00%,0B / 0B
15:42:48,biostream_qdrant,0.14%,162.7MiB / 15.62GiB
15:42:48,biostream_db,4.70%,37.26MiB / 15.62GiB
15:42:55,courseregistrationplatform-k6-run-55d215337951,109.07%,3.025GiB / 15.62GiB
15:42:55,courseregistrationplatform-backend_2-1,76.11%,155.7MiB / 15.62GiB
15:42:55,courseregistrationplatform-backend_1-1,76.08%,173.7MiB / 15.62GiB
15:42:55,courseregistrationplatform-nginx-1,45.31%,217.7MiB / 15.62GiB
15:42:55,courseregistrationplatform-backend_4-1,72.85%,166.4MiB / 15.62GiB
15:42:55,courseregistrationplatform-backend_3-1,77.17%,176.6MiB / 15.62GiB
15:42:55,courseregistrationplatform-db-1,3.21%,398.2MiB / 15.62GiB
15:42:55,courseregistrationplatform-frontend-1,0.00%,47.35MiB / 15.62GiB
15:42:55,courseregistrationplatform-worker_1-1,1.26%,36.41MiB / 15.62GiB
15:42:55,courseregistrationplatform-worker_2-1,0.87%,34.26MiB / 15.62GiB
15:42:55,courseregistrationplatform-ai-server-1,0.24%,122.9MiB / 15.62GiB
15:42:55,courseregistrationplatform-rabbitmq-1,1.79%,166.7MiB / 15.62GiB
15:42:55,courseregistrationplatform-redis-1,15.21%,10.45MiB / 15.62GiB
15:42:55,courseregistrationplatform-grafana-1,0.19%,61.29MiB / 15.62GiB
15:42:55,courseregistrationplatform-prometheus-1,0.14%,65.4MiB / 15.62GiB
15:42:55,sugang-control-plane,26.40%,766.6MiB / 15.62GiB
15:42:55,sugang-worker,11.53%,1.16GiB / 15.62GiB
15:42:55,sugang-worker2,13.22%,1.442GiB / 15.62GiB
15:42:55,biostream_api,7.10%,218.3MiB / 15.62GiB
15:42:55,biostream_mcp,0.00%,0B / 0B
15:42:55,biostream_qdrant,0.24%,162.7MiB / 15.62GiB
15:42:55,biostream_db,0.00%,35.66MiB / 15.62GiB
15:43:05,courseregistrationplatform-k6-run-55d215337951,114.89%,3.025GiB / 15.62GiB
15:43:05,courseregistrationplatform-backend_2-1,86.19%,151.4MiB / 15.62GiB
15:43:05,courseregistrationplatform-backend_1-1,89.74%,192.1MiB / 15.62GiB
15:43:05,courseregistrationplatform-nginx-1,37.88%,210.7MiB / 15.62GiB
15:43:05,courseregistrationplatform-backend_4-1,83.72%,96.43MiB / 15.62GiB
15:43:05,courseregistrationplatform-backend_3-1,87.73%,176.1MiB / 15.62GiB
15:43:05,courseregistrationplatform-db-1,3.06%,397.2MiB / 15.62GiB
15:43:05,courseregistrationplatform-frontend-1,0.00%,47.35MiB / 15.62GiB
15:43:05,courseregistrationplatform-worker_1-1,0.30%,36.35MiB / 15.62GiB
15:43:05,courseregistrationplatform-worker_2-1,0.38%,34.2MiB / 15.62GiB
15:43:05,courseregistrationplatform-ai-server-1,0.27%,122.9MiB / 15.62GiB
15:43:05,courseregistrationplatform-rabbitmq-1,1.12%,166MiB / 15.62GiB
15:43:05,courseregistrationplatform-redis-1,17.33%,10.95MiB / 15.62GiB
15:43:05,courseregistrationplatform-grafana-1,0.96%,61.29MiB / 15.62GiB
15:43:05,courseregistrationplatform-prometheus-1,0.16%,65.4MiB / 15.62GiB
15:43:05,sugang-control-plane,15.96%,765.9MiB / 15.62GiB
15:43:05,sugang-worker,7.81%,1.159GiB / 15.62GiB
15:43:05,sugang-worker2,6.23%,1.442GiB / 15.62GiB
15:43:05,biostream_api,6.14%,218.1MiB / 15.62GiB
15:43:05,biostream_mcp,0.00%,0B / 0B
15:43:05,biostream_qdrant,0.19%,162.7MiB / 15.62GiB
15:43:05,biostream_db,0.00%,35.66MiB / 15.62GiB
15:43:13,courseregistrationplatform-k6-run-55d215337951,127.44%,3.069GiB / 15.62GiB
15:43:13,courseregistrationplatform-backend_2-1,85.56%,151.2MiB / 15.62GiB
15:43:13,courseregistrationplatform-backend_1-1,87.31%,197.6MiB / 15.62GiB
15:43:13,courseregistrationplatform-nginx-1,42.16%,220.2MiB / 15.62GiB
15:43:13,courseregistrationplatform-backend_4-1,84.92%,130.2MiB / 15.62GiB
15:43:13,courseregistrationplatform-backend_3-1,85.28%,179.5MiB / 15.62GiB
15:43:13,courseregistrationplatform-db-1,3.01%,397.5MiB / 15.62GiB
15:43:13,courseregistrationplatform-frontend-1,0.00%,47.35MiB / 15.62GiB
15:43:13,courseregistrationplatform-worker_1-1,0.68%,35.96MiB / 15.62GiB
15:43:13,courseregistrationplatform-worker_2-1,0.41%,33.99MiB / 15.62GiB
15:43:13,courseregistrationplatform-ai-server-1,0.76%,123.4MiB / 15.62GiB
15:43:13,courseregistrationplatform-rabbitmq-1,1.37%,166.5MiB / 15.62GiB
15:43:13,courseregistrationplatform-redis-1,15.67%,11.45MiB / 15.62GiB
15:43:13,courseregistrationplatform-grafana-1,0.73%,61.29MiB / 15.62GiB
15:43:13,courseregistrationplatform-prometheus-1,0.46%,65.41MiB / 15.62GiB
15:43:13,sugang-control-plane,16.14%,768.2MiB / 15.62GiB
15:43:13,sugang-worker,6.73%,1.159GiB / 15.62GiB
15:43:13,sugang-worker2,10.03%,1.451GiB / 15.62GiB
15:43:13,biostream_api,7.63%,218.8MiB / 15.62GiB
15:43:13,biostream_mcp,0.00%,0B / 0B
15:43:13,biostream_qdrant,0.29%,162.6MiB / 15.62GiB
15:43:13,biostream_db,6.19%,35.66MiB / 15.62GiB
15:43:23,courseregistrationplatform-k6-run-55d215337951,131.86%,3.069GiB / 15.62GiB
15:43:23,courseregistrationplatform-backend_2-1,90.84%,109.8MiB / 15.62GiB
15:43:23,courseregistrationplatform-backend_1-1,86.52%,216MiB / 15.62GiB
15:43:23,courseregistrationplatform-nginx-1,39.54%,218.6MiB / 15.62GiB
15:43:23,courseregistrationplatform-backend_4-1,86.79%,140.4MiB / 15.62GiB
15:43:23,courseregistrationplatform-backend_3-1,55.50%,176MiB / 15.62GiB
15:43:23,courseregistrationplatform-db-1,2.73%,397.3MiB / 15.62GiB
15:43:23,courseregistrationplatform-frontend-1,0.00%,47.35MiB / 15.62GiB
15:43:23,courseregistrationplatform-worker_1-1,0.53%,36.41MiB / 15.62GiB
15:43:23,courseregistrationplatform-worker_2-1,0.43%,34.12MiB / 15.62GiB
15:43:23,courseregistrationplatform-ai-server-1,0.28%,123.5MiB / 15.62GiB
15:43:23,courseregistrationplatform-rabbitmq-1,1.81%,167.5MiB / 15.62GiB
15:43:23,courseregistrationplatform-redis-1,14.64%,10.49MiB / 15.62GiB
15:43:23,courseregistrationplatform-grafana-1,0.08%,61.29MiB / 15.62GiB
15:43:23,courseregistrationplatform-prometheus-1,0.26%,65.41MiB / 15.62GiB
15:43:23,sugang-control-plane,9.76%,767.8MiB / 15.62GiB
15:43:23,sugang-worker,9.74%,1.168GiB / 15.62GiB
15:43:23,sugang-worker2,9.59%,1.453GiB / 15.62GiB
15:43:23,biostream_api,8.01%,219MiB / 15.62GiB
15:43:23,biostream_mcp,0.00%,0B / 0B
15:43:23,biostream_qdrant,3.61%,162.7MiB / 15.62GiB
15:43:23,biostream_db,0.00%,35.66MiB / 15.62GiB
15:43:30,courseregistrationplatform-k6-run-55d215337951,97.71%,3.069GiB / 15.62GiB
15:43:30,courseregistrationplatform-backend_2-1,76.98%,134MiB / 15.62GiB
15:43:30,courseregistrationplatform-backend_1-1,80.92%,191.8MiB / 15.62GiB
15:43:30,courseregistrationplatform-nginx-1,44.60%,222.9MiB / 15.62GiB
15:43:30,courseregistrationplatform-backend_4-1,73.82%,169.5MiB / 15.62GiB
15:43:30,courseregistrationplatform-backend_3-1,86.95%,179.7MiB / 15.62GiB
15:43:30,courseregistrationplatform-db-1,7.03%,398.1MiB / 15.62GiB
15:43:30,courseregistrationplatform-frontend-1,0.00%,47.13MiB / 15.62GiB
15:43:30,courseregistrationplatform-worker_1-1,0.55%,36.43MiB / 15.62GiB
15:43:30,courseregistrationplatform-worker_2-1,0.23%,33.64MiB / 15.62GiB
15:43:30,courseregistrationplatform-ai-server-1,0.28%,123.5MiB / 15.62GiB
15:43:30,courseregistrationplatform-rabbitmq-1,0.70%,166.8MiB / 15.62GiB
15:43:30,courseregistrationplatform-redis-1,12.54%,10.48MiB / 15.62GiB
15:43:30,courseregistrationplatform-grafana-1,0.06%,62.11MiB / 15.62GiB
15:43:30,courseregistrationplatform-prometheus-1,0.08%,66.6MiB / 15.62GiB
15:43:30,sugang-control-plane,15.00%,767.5MiB / 15.62GiB
15:43:30,sugang-worker,23.64%,1.167GiB / 15.62GiB
15:43:30,sugang-worker2,10.07%,1.453GiB / 15.62GiB
15:43:30,biostream_api,7.12%,219.5MiB / 15.62GiB
15:43:30,biostream_mcp,0.00%,0B / 0B
15:43:30,biostream_qdrant,0.20%,164.4MiB / 15.62GiB
15:43:30,biostream_db,0.01%,35.53MiB / 15.62GiB
15:43:39,courseregistrationplatform-k6-run-55d215337951,97.49%,3.069GiB / 15.62GiB
15:43:39,courseregistrationplatform-backend_2-1,93.24%,159.7MiB / 15.62GiB
15:43:39,courseregistrationplatform-backend_1-1,82.65%,197MiB / 15.62GiB
15:43:39,courseregistrationplatform-nginx-1,26.37%,217.6MiB / 15.62GiB
15:43:39,courseregistrationplatform-backend_4-1,78.74%,202.1MiB / 15.62GiB
15:43:39,courseregistrationplatform-backend_3-1,94.60%,186.1MiB / 15.62GiB
15:43:39,courseregistrationplatform-db-1,2.91%,397.3MiB / 15.62GiB
15:43:39,courseregistrationplatform-frontend-1,0.00%,47.19MiB / 15.62GiB
15:43:39,courseregistrationplatform-worker_1-1,0.57%,36.16MiB / 15.62GiB
15:43:39,courseregistrationplatform-worker_2-1,0.56%,33.66MiB / 15.62GiB
15:43:39,courseregistrationplatform-ai-server-1,0.26%,123.4MiB / 15.62GiB
15:43:39,courseregistrationplatform-rabbitmq-1,1.08%,167.3MiB / 15.62GiB
15:43:39,courseregistrationplatform-redis-1,17.55%,10.96MiB / 15.62GiB
15:43:39,courseregistrationplatform-grafana-1,0.06%,65.31MiB / 15.62GiB
15:43:39,courseregistrationplatform-prometheus-1,1.04%,66.55MiB / 15.62GiB
15:43:39,sugang-control-plane,15.34%,770.1MiB / 15.62GiB
15:43:39,sugang-worker,3.96%,1.166GiB / 15.62GiB
15:43:39,sugang-worker2,4.41%,1.453GiB / 15.62GiB
15:43:39,biostream_api,7.72%,219.6MiB / 15.62GiB
15:43:39,biostream_mcp,0.00%,0B / 0B
15:43:39,biostream_qdrant,0.37%,169.3MiB / 15.62GiB
15:43:39,biostream_db,3.76%,35.65MiB / 15.62GiB
15:43:47,courseregistrationplatform-k6-run-55d215337951,128.68%,3.068GiB / 15.62GiB
15:43:47,courseregistrationplatform-backend_2-1,86.76%,148.7MiB / 15.62GiB
15:43:47,courseregistrationplatform-backend_1-1,85.76%,170.4MiB / 15.62GiB
15:43:47,courseregistrationplatform-nginx-1,37.24%,215MiB / 15.62GiB
15:43:47,courseregistrationplatform-backend_4-1,84.51%,158.6MiB / 15.62GiB
15:43:47,courseregistrationplatform-backend_3-1,88.46%,181.9MiB / 15.62GiB
15:43:47,courseregistrationplatform-db-1,3.56%,397.5MiB / 15.62GiB
15:43:47,courseregistrationplatform-frontend-1,0.00%,47.19MiB / 15.62GiB
15:43:47,courseregistrationplatform-worker_1-1,2.19%,35.7MiB / 15.62GiB
15:43:47,courseregistrationplatform-worker_2-1,1.91%,34.37MiB / 15.62GiB
15:43:47,courseregistrationplatform-ai-server-1,0.28%,123.4MiB / 15.62GiB
15:43:47,courseregistrationplatform-rabbitmq-1,1.33%,167.6MiB / 15.62GiB
15:43:47,courseregistrationplatform-redis-1,14.86%,11.46MiB / 15.62GiB
15:43:47,courseregistrationplatform-grafana-1,0.13%,65.34MiB / 15.62GiB
15:43:47,courseregistrationplatform-prometheus-1,0.25%,66.8MiB / 15.62GiB
15:43:47,sugang-control-plane,11.98%,771.1MiB / 15.62GiB
15:43:47,sugang-worker,3.39%,1.166GiB / 15.62GiB
15:43:47,sugang-worker2,3.78%,1.454GiB / 15.62GiB
15:43:47,biostream_api,7.24%,220.4MiB / 15.62GiB
15:43:47,biostream_mcp,0.00%,0B / 0B
15:43:47,biostream_qdrant,0.19%,169.3MiB / 15.62GiB
15:43:47,biostream_db,0.65%,35.65MiB / 15.62GiB
15:43:55,courseregistrationplatform-k6-run-55d215337951,119.70%,3.069GiB / 15.62GiB
15:43:55,courseregistrationplatform-backend_2-1,87.63%,142.6MiB / 15.62GiB
15:43:55,courseregistrationplatform-backend_1-1,93.65%,154.4MiB / 15.62GiB
15:43:55,courseregistrationplatform-nginx-1,42.40%,196MiB / 15.62GiB
15:43:55,courseregistrationplatform-backend_4-1,85.31%,168.4MiB / 15.62GiB
15:43:55,courseregistrationplatform-backend_3-1,86.99%,169.7MiB / 15.62GiB
15:43:55,courseregistrationplatform-db-1,3.94%,397.5MiB / 15.62GiB
15:43:55,courseregistrationplatform-frontend-1,0.00%,47.19MiB / 15.62GiB
15:43:55,courseregistrationplatform-worker_1-1,1.22%,36.43MiB / 15.62GiB
15:43:55,courseregistrationplatform-worker_2-1,1.06%,34.46MiB / 15.62GiB
15:43:55,courseregistrationplatform-ai-server-1,0.22%,123.4MiB / 15.62GiB
15:43:55,courseregistrationplatform-rabbitmq-1,1.56%,167.2MiB / 15.62GiB
15:43:55,courseregistrationplatform-redis-1,15.63%,10.74MiB / 15.62GiB
15:43:55,courseregistrationplatform-grafana-1,0.60%,65.34MiB / 15.62GiB
15:43:55,courseregistrationplatform-prometheus-1,0.16%,66.58MiB / 15.62GiB
15:43:55,sugang-control-plane,13.58%,770.6MiB / 15.62GiB
15:43:55,sugang-worker,7.24%,1.166GiB / 15.62GiB
15:43:55,sugang-worker2,4.59%,1.454GiB / 15.62GiB
15:43:55,biostream_api,8.21%,219.4MiB / 15.62GiB
15:43:55,biostream_mcp,0.00%,0B / 0B
15:43:55,biostream_qdrant,0.24%,169.3MiB / 15.62GiB
15:43:55,biostream_db,0.00%,35.65MiB / 15.62GiB
15:44:02,courseregistrationplatform-k6-run-55d215337951,107.37%,3.068GiB / 15.62GiB
15:44:02,courseregistrationplatform-backend_2-1,87.35%,156.5MiB / 15.62GiB
15:44:02,courseregistrationplatform-backend_1-1,90.58%,152.5MiB / 15.62GiB
15:44:02,courseregistrationplatform-nginx-1,43.58%,171.6MiB / 15.62GiB
15:44:02,courseregistrationplatform-backend_4-1,91.84%,204.2MiB / 15.62GiB
15:44:02,courseregistrationplatform-backend_3-1,86.04%,149.3MiB / 15.62GiB
15:44:02,courseregistrationplatform-db-1,8.08%,397.3MiB / 15.62GiB
15:44:02,courseregistrationplatform-frontend-1,0.00%,47.19MiB / 15.62GiB
15:44:02,courseregistrationplatform-worker_1-1,1.30%,36.33MiB / 15.62GiB
15:44:02,courseregistrationplatform-worker_2-1,1.28%,34.46MiB / 15.62GiB
15:44:02,courseregistrationplatform-ai-server-1,0.25%,123.4MiB / 15.62GiB
15:44:02,courseregistrationplatform-rabbitmq-1,1.72%,167.2MiB / 15.62GiB
15:44:02,courseregistrationplatform-redis-1,16.67%,10.73MiB / 15.62GiB
15:44:02,courseregistrationplatform-grafana-1,0.06%,65.34MiB / 15.62GiB
15:44:02,courseregistrationplatform-prometheus-1,0.16%,66.58MiB / 15.62GiB
15:44:02,sugang-control-plane,12.42%,770MiB / 15.62GiB
15:44:02,sugang-worker,14.64%,1.165GiB / 15.62GiB
15:44:02,sugang-worker2,11.35%,1.454GiB / 15.62GiB
15:44:02,biostream_api,6.42%,219.1MiB / 15.62GiB
15:44:02,biostream_mcp,0.00%,0B / 0B
15:44:02,biostream_qdrant,0.12%,169.3MiB / 15.62GiB
15:44:02,biostream_db,0.00%,35.65MiB / 15.62GiB
15:44:09,courseregistrationplatform-k6-run-55d215337951,125.29%,3.068GiB / 15.62GiB
15:44:09,courseregistrationplatform-backend_2-1,89.18%,139.2MiB / 15.62GiB
15:44:09,courseregistrationplatform-backend_1-1,90.61%,157.5MiB / 15.62GiB
15:44:09,courseregistrationplatform-nginx-1,38.38%,153.2MiB / 15.62GiB
15:44:09,courseregistrationplatform-backend_4-1,89.01%,175.3MiB / 15.62GiB
15:44:09,courseregistrationplatform-backend_3-1,88.21%,142.2MiB / 15.62GiB
15:44:09,courseregistrationplatform-db-1,3.82%,397.6MiB / 15.62GiB
15:44:09,courseregistrationplatform-frontend-1,0.00%,47.19MiB / 15.62GiB
15:44:09,courseregistrationplatform-worker_1-1,1.08%,36.58MiB / 15.62GiB
15:44:09,courseregistrationplatform-worker_2-1,1.10%,34.36MiB / 15.62GiB
15:44:09,courseregistrationplatform-ai-server-1,0.22%,123.4MiB / 15.62GiB
15:44:09,courseregistrationplatform-rabbitmq-1,1.78%,167.5MiB / 15.62GiB
15:44:09,courseregistrationplatform-redis-1,16.35%,10.75MiB / 15.62GiB
15:44:09,courseregistrationplatform-grafana-1,0.09%,65.34MiB / 15.62GiB
15:44:09,courseregistrationplatform-prometheus-1,0.85%,66.59MiB / 15.62GiB
15:44:09,sugang-control-plane,15.73%,773.3MiB / 15.62GiB
15:44:09,sugang-worker,2.71%,1.165GiB / 15.62GiB
15:44:09,sugang-worker2,4.44%,1.453GiB / 15.62GiB
15:44:09,biostream_api,7.30%,219.2MiB / 15.62GiB
15:44:09,biostream_mcp,0.00%,0B / 0B
15:44:09,biostream_qdrant,0.35%,169.4MiB / 15.62GiB
15:44:09,biostream_db,0.00%,35.65MiB / 15.62GiB
15:44:16,courseregistrationplatform-k6-run-55d215337951,136.09%,3.067GiB / 15.62GiB
15:44:16,courseregistrationplatform-backend_2-1,78.07%,155MiB / 15.62GiB
15:44:16,courseregistrationplatform-backend_1-1,88.20%,161.1MiB / 15.62GiB
15:44:16,courseregistrationplatform-nginx-1,37.68%,169.1MiB / 15.62GiB
15:44:16,courseregistrationplatform-backend_4-1,86.42%,183.5MiB / 15.62GiB
15:44:16,courseregistrationplatform-backend_3-1,87.44%,162.2MiB / 15.62GiB
15:44:16,courseregistrationplatform-db-1,2.37%,397.3MiB / 15.62GiB
15:44:16,courseregistrationplatform-frontend-1,0.00%,47.19MiB / 15.62GiB
15:44:16,courseregistrationplatform-worker_1-1,0.56%,35.99MiB / 15.62GiB
15:44:16,courseregistrationplatform-worker_2-1,0.52%,33.73MiB / 15.62GiB
15:44:16,courseregistrationplatform-ai-server-1,0.25%,123.4MiB / 15.62GiB
15:44:16,courseregistrationplatform-rabbitmq-1,1.03%,167.1MiB / 15.62GiB
15:44:16,courseregistrationplatform-redis-1,15.35%,10.75MiB / 15.62GiB
15:44:16,courseregistrationplatform-grafana-1,0.05%,65.34MiB / 15.62GiB
15:44:16,courseregistrationplatform-prometheus-1,0.11%,66.59MiB / 15.62GiB
15:44:16,sugang-control-plane,12.96%,774MiB / 15.62GiB
15:44:16,sugang-worker,3.39%,1.165GiB / 15.62GiB
15:44:16,sugang-worker2,6.10%,1.454GiB / 15.62GiB
15:44:16,biostream_api,7.71%,219.4MiB / 15.62GiB
15:44:16,biostream_mcp,0.00%,0B / 0B
15:44:16,biostream_qdrant,0.18%,169.3MiB / 15.62GiB
15:44:16,biostream_db,5.07%,35.65MiB / 15.62GiB
15:44:23,courseregistrationplatform-k6-run-55d215337951,124.35%,3.068GiB / 15.62GiB
15:44:23,courseregistrationplatform-backend_2-1,91.48%,168.3MiB / 15.62GiB
15:44:23,courseregistrationplatform-backend_1-1,91.77%,164.2MiB / 15.62GiB
15:44:23,courseregistrationplatform-nginx-1,39.42%,163.7MiB / 15.62GiB
15:44:23,courseregistrationplatform-backend_4-1,87.06%,153.8MiB / 15.62GiB
15:44:23,courseregistrationplatform-backend_3-1,85.81%,179.5MiB / 15.62GiB
15:44:23,courseregistrationplatform-db-1,3.23%,397.6MiB / 15.62GiB
15:44:23,courseregistrationplatform-frontend-1,0.00%,47.19MiB / 15.62GiB
15:44:23,courseregistrationplatform-worker_1-1,1.16%,35.94MiB / 15.62GiB
15:44:23,courseregistrationplatform-worker_2-1,0.94%,34.39MiB / 15.62GiB
15:44:23,courseregistrationplatform-ai-server-1,0.18%,123.4MiB / 15.62GiB
15:44:23,courseregistrationplatform-rabbitmq-1,1.85%,167.5MiB / 15.62GiB
15:44:23,courseregistrationplatform-redis-1,16.75%,10.52MiB / 15.62GiB
15:44:23,courseregistrationplatform-grafana-1,0.06%,65.34MiB / 15.62GiB
15:44:23,courseregistrationplatform-prometheus-1,0.11%,66.58MiB / 15.62GiB
15:44:23,sugang-control-plane,12.41%,773.5MiB / 15.62GiB
15:44:23,sugang-worker,6.38%,1.165GiB / 15.62GiB
15:44:23,sugang-worker2,4.62%,1.454GiB / 15.62GiB
15:44:23,biostream_api,6.97%,219.4MiB / 15.62GiB
15:44:23,biostream_mcp,0.00%,0B / 0B
15:44:23,biostream_qdrant,3.21%,169.3MiB / 15.62GiB
15:44:23,biostream_db,0.00%,35.65MiB / 15.62GiB
15:44:31,courseregistrationplatform-k6-run-55d215337951,137.55%,3.067GiB / 15.62GiB
15:44:31,courseregistrationplatform-backend_2-1,86.12%,157.2MiB / 15.62GiB
15:44:31,courseregistrationplatform-backend_1-1,86.74%,163MiB / 15.62GiB
15:44:31,courseregistrationplatform-nginx-1,40.02%,146.7MiB / 15.62GiB
15:44:31,courseregistrationplatform-backend_4-1,90.57%,151.4MiB / 15.62GiB
15:44:31,courseregistrationplatform-backend_3-1,87.42%,161.3MiB / 15.62GiB
15:44:31,courseregistrationplatform-db-1,3.82%,397.6MiB / 15.62GiB
15:44:31,courseregistrationplatform-frontend-1,0.00%,47.19MiB / 15.62GiB
15:44:31,courseregistrationplatform-worker_1-1,1.20%,36.52MiB / 15.62GiB
15:44:31,courseregistrationplatform-worker_2-1,1.31%,34.29MiB / 15.62GiB
15:44:31,courseregistrationplatform-ai-server-1,0.20%,123.4MiB / 15.62GiB
15:44:31,courseregistrationplatform-rabbitmq-1,1.67%,167.1MiB / 15.62GiB
15:44:31,courseregistrationplatform-redis-1,15.91%,10.76MiB / 15.62GiB
15:44:31,courseregistrationplatform-grafana-1,0.07%,65.34MiB / 15.62GiB
15:44:31,courseregistrationplatform-prometheus-1,0.08%,66.59MiB / 15.62GiB
15:44:31,sugang-control-plane,10.82%,773.9MiB / 15.62GiB
15:44:31,sugang-worker,8.68%,1.165GiB / 15.62GiB
15:44:31,sugang-worker2,10.69%,1.456GiB / 15.62GiB
15:44:31,biostream_api,7.69%,219.9MiB / 15.62GiB
15:44:31,biostream_mcp,0.00%,0B / 0B
15:44:31,biostream_qdrant,0.12%,169.3MiB / 15.62GiB
15:44:31,biostream_db,0.00%,35.65MiB / 15.62GiB
15:44:38,courseregistrationplatform-k6-run-55d215337951,116.74%,3.068GiB / 15.62GiB
15:44:38,courseregistrationplatform-backend_2-1,77.22%,151.2MiB / 15.62GiB
15:44:38,courseregistrationplatform-backend_1-1,87.80%,161.3MiB / 15.62GiB
15:44:38,courseregistrationplatform-nginx-1,33.51%,143.2MiB / 15.62GiB
15:44:38,courseregistrationplatform-backend_4-1,88.73%,167.3MiB / 15.62GiB
15:44:38,courseregistrationplatform-backend_3-1,82.58%,156.8MiB / 15.62GiB
15:44:38,courseregistrationplatform-db-1,3.54%,398.1MiB / 15.62GiB
15:44:38,courseregistrationplatform-frontend-1,0.00%,47.19MiB / 15.62GiB
15:44:38,courseregistrationplatform-worker_1-1,1.49%,35.84MiB / 15.62GiB
15:44:38,courseregistrationplatform-worker_2-1,1.09%,34.59MiB / 15.62GiB
15:44:38,courseregistrationplatform-ai-server-1,0.23%,123.4MiB / 15.62GiB
15:44:38,courseregistrationplatform-rabbitmq-1,1.31%,167.7MiB / 15.62GiB
15:44:38,courseregistrationplatform-redis-1,15.19%,10.79MiB / 15.62GiB
15:44:38,courseregistrationplatform-grafana-1,0.04%,65.34MiB / 15.62GiB
15:44:38,courseregistrationplatform-prometheus-1,0.27%,66.59MiB / 15.62GiB
15:44:38,sugang-control-plane,14.30%,773.3MiB / 15.62GiB
15:44:38,sugang-worker,2.69%,1.165GiB / 15.62GiB
15:44:38,sugang-worker2,3.89%,1.454GiB / 15.62GiB
15:44:38,biostream_api,7.11%,219.4MiB / 15.62GiB
15:44:38,biostream_mcp,0.00%,0B / 0B
15:44:38,biostream_qdrant,0.13%,169.3MiB / 15.62GiB
15:44:38,biostream_db,0.00%,35.65MiB / 15.62GiB
15:44:45,courseregistrationplatform-k6-run-55d215337951,107.22%,3.08GiB / 15.62GiB
15:44:45,courseregistrationplatform-backend_2-1,67.22%,153.1MiB / 15.62GiB
15:44:45,courseregistrationplatform-backend_1-1,74.75%,166.4MiB / 15.62GiB
15:44:45,courseregistrationplatform-nginx-1,39.51%,167.1MiB / 15.62GiB
15:44:45,courseregistrationplatform-backend_4-1,85.27%,162MiB / 15.62GiB
15:44:45,courseregistrationplatform-backend_3-1,60.40%,166MiB / 15.62GiB
15:44:45,courseregistrationplatform-db-1,3.12%,397.6MiB / 15.62GiB
15:44:45,courseregistrationplatform-frontend-1,0.00%,47.19MiB / 15.62GiB
15:44:45,courseregistrationplatform-worker_1-1,1.13%,36.28MiB / 15.62GiB
15:44:45,courseregistrationplatform-worker_2-1,1.10%,34.48MiB / 15.62GiB
15:44:45,courseregistrationplatform-ai-server-1,0.25%,123.4MiB / 15.62GiB
15:44:45,courseregistrationplatform-rabbitmq-1,2.50%,167.8MiB / 15.62GiB
15:44:45,courseregistrationplatform-redis-1,12.95%,11.28MiB / 15.62GiB
15:44:45,courseregistrationplatform-grafana-1,0.11%,65.34MiB / 15.62GiB
15:44:45,courseregistrationplatform-prometheus-1,1.40%,68.87MiB / 15.62GiB
15:44:45,sugang-control-plane,13.21%,774.5MiB / 15.62GiB
15:44:45,sugang-worker,4.48%,1.174GiB / 15.62GiB
15:44:45,sugang-worker2,5.51%,1.454GiB / 15.62GiB
15:44:45,biostream_api,4.92%,219.6MiB / 15.62GiB
15:44:45,biostream_mcp,0.00%,0B / 0B
15:44:45,biostream_qdrant,0.45%,169.3MiB / 15.62GiB
15:44:45,biostream_db,0.00%,35.65MiB / 15.62GiB
15:44:53,courseregistrationplatform-k6-run-55d215337951,124.73%,3.124GiB / 15.62GiB
15:44:53,courseregistrationplatform-backend_2-1,73.30%,116.3MiB / 15.62GiB
15:44:53,courseregistrationplatform-backend_1-1,90.06%,163.7MiB / 15.62GiB
15:44:53,courseregistrationplatform-nginx-1,40.26%,162.2MiB / 15.62GiB
15:44:53,courseregistrationplatform-backend_4-1,91.05%,162MiB / 15.62GiB
15:44:53,courseregistrationplatform-backend_3-1,91.06%,166.6MiB / 15.62GiB
15:44:53,courseregistrationplatform-db-1,3.21%,397.4MiB / 15.62GiB
15:44:53,courseregistrationplatform-frontend-1,0.00%,47.19MiB / 15.62GiB
15:44:53,courseregistrationplatform-worker_1-1,1.09%,35.93MiB / 15.62GiB
15:44:53,courseregistrationplatform-worker_2-1,1.24%,34.53MiB / 15.62GiB
15:44:53,courseregistrationplatform-ai-server-1,0.21%,123.4MiB / 15.62GiB
15:44:53,courseregistrationplatform-rabbitmq-1,2.03%,167.7MiB / 15.62GiB
15:44:53,courseregistrationplatform-redis-1,16.39%,11.28MiB / 15.62GiB
15:44:53,courseregistrationplatform-grafana-1,0.05%,65.34MiB / 15.62GiB
15:44:53,courseregistrationplatform-prometheus-1,1.15%,68.91MiB / 15.62GiB
15:44:53,sugang-control-plane,15.63%,774.8MiB / 15.62GiB
15:44:53,sugang-worker,8.14%,1.172GiB / 15.62GiB
15:44:53,sugang-worker2,7.73%,1.456GiB / 15.62GiB
15:44:53,biostream_api,7.49%,219.9MiB / 15.62GiB
15:44:53,biostream_mcp,0.00%,0B / 0B
15:44:53,biostream_qdrant,3.37%,169.4MiB / 15.62GiB
15:44:53,biostream_db,0.00%,35.65MiB / 15.62GiB
15:45:01,courseregistrationplatform-k6-run-55d215337951,122.18%,3.124GiB / 15.62GiB
15:45:01,courseregistrationplatform-backend_2-1,89.44%,123.1MiB / 15.62GiB
15:45:01,courseregistrationplatform-backend_1-1,85.07%,169.2MiB / 15.62GiB
15:45:01,courseregistrationplatform-nginx-1,41.68%,145.2MiB / 15.62GiB
15:45:01,courseregistrationplatform-backend_4-1,92.55%,155.5MiB / 15.62GiB
15:45:01,courseregistrationplatform-backend_3-1,90.99%,165.3MiB / 15.62GiB
15:45:01,courseregistrationplatform-db-1,2.71%,397.4MiB / 15.62GiB
15:45:01,courseregistrationplatform-frontend-1,0.00%,47.19MiB / 15.62GiB
15:45:01,courseregistrationplatform-worker_1-1,1.12%,36.29MiB / 15.62GiB
15:45:01,courseregistrationplatform-worker_2-1,0.73%,34.17MiB / 15.62GiB
15:45:01,courseregistrationplatform-ai-server-1,0.21%,123.4MiB / 15.62GiB
15:45:01,courseregistrationplatform-rabbitmq-1,0.96%,168.1MiB / 15.62GiB
15:45:01,courseregistrationplatform-redis-1,16.17%,11.29MiB / 15.62GiB
15:45:01,courseregistrationplatform-grafana-1,0.06%,65.34MiB / 15.62GiB
15:45:01,courseregistrationplatform-prometheus-1,0.17%,68.91MiB / 15.62GiB
15:45:01,sugang-control-plane,10.49%,772.8MiB / 15.62GiB
15:45:01,sugang-worker,13.34%,1.173GiB / 15.62GiB
15:45:01,sugang-worker2,10.99%,1.454GiB / 15.62GiB
15:45:01,biostream_api,8.12%,219.4MiB / 15.62GiB
15:45:01,biostream_mcp,0.00%,0B / 0B
15:45:01,biostream_qdrant,0.13%,169.3MiB / 15.62GiB
15:45:01,biostream_db,0.00%,35.65MiB / 15.62GiB
15:45:08,courseregistrationplatform-k6-run-55d215337951,125.18%,3.123GiB / 15.62GiB
15:45:08,courseregistrationplatform-backend_2-1,88.71%,143.1MiB / 15.62GiB
15:45:08,courseregistrationplatform-backend_1-1,83.23%,167.2MiB / 15.62GiB
15:45:08,courseregistrationplatform-nginx-1,36.75%,142.2MiB / 15.62GiB
15:45:08,courseregistrationplatform-backend_4-1,88.16%,155.8MiB / 15.62GiB
15:45:08,courseregistrationplatform-backend_3-1,87.70%,166.3MiB / 15.62GiB
15:45:08,courseregistrationplatform-db-1,3.64%,397.4MiB / 15.62GiB
15:45:08,courseregistrationplatform-frontend-1,0.00%,47.19MiB / 15.62GiB
15:45:08,courseregistrationplatform-worker_1-1,1.07%,36.11MiB / 15.62GiB
15:45:08,courseregistrationplatform-worker_2-1,1.03%,33.98MiB / 15.62GiB
15:45:08,courseregistrationplatform-ai-server-1,0.21%,123.4MiB / 15.62GiB
15:45:08,courseregistrationplatform-rabbitmq-1,1.22%,167.9MiB / 15.62GiB
15:45:08,courseregistrationplatform-redis-1,15.93%,10.57MiB / 15.62GiB
15:45:08,courseregistrationplatform-grafana-1,0.14%,65.34MiB / 15.62GiB
15:45:08,courseregistrationplatform-prometheus-1,0.19%,68.91MiB / 15.62GiB
15:45:08,sugang-control-plane,9.31%,776.1MiB / 15.62GiB
15:45:08,sugang-worker,2.88%,1.173GiB / 15.62GiB
15:45:08,sugang-worker2,4.80%,1.454GiB / 15.62GiB
15:45:08,biostream_api,7.64%,219.4MiB / 15.62GiB
15:45:08,biostream_mcp,0.00%,0B / 0B
15:45:08,biostream_qdrant,0.11%,169.3MiB / 15.62GiB
15:45:08,biostream_db,0.00%,35.65MiB / 15.62GiB
15:45:15,courseregistrationplatform-k6-run-55d215337951,127.76%,3.123GiB / 15.62GiB
15:45:15,courseregistrationplatform-backend_2-1,90.72%,142.8MiB / 15.62GiB
15:45:15,courseregistrationplatform-backend_1-1,86.74%,164.8MiB / 15.62GiB
15:45:15,courseregistrationplatform-nginx-1,37.74%,131.5MiB / 15.62GiB
15:45:15,courseregistrationplatform-backend_4-1,90.64%,150.5MiB / 15.62GiB
15:45:15,courseregistrationplatform-backend_3-1,91.28%,159.7MiB / 15.62GiB
15:45:15,courseregistrationplatform-db-1,2.61%,397.4MiB / 15.62GiB
15:45:15,courseregistrationplatform-frontend-1,0.00%,47.19MiB / 15.62GiB
15:45:15,courseregistrationplatform-worker_1-1,0.71%,36.58MiB / 15.62GiB
15:45:15,courseregistrationplatform-worker_2-1,1.09%,33.79MiB / 15.62GiB
15:45:15,courseregistrationplatform-ai-server-1,0.23%,123.4MiB / 15.62GiB
15:45:15,courseregistrationplatform-rabbitmq-1,1.16%,168.1MiB / 15.62GiB
15:45:15,courseregistrationplatform-redis-1,16.36%,11.55MiB / 15.62GiB
15:45:15,courseregistrationplatform-grafana-1,0.49%,65.34MiB / 15.62GiB
15:45:15,courseregistrationplatform-prometheus-1,0.11%,68.91MiB / 15.62GiB
15:45:15,sugang-control-plane,11.62%,776MiB / 15.62GiB
15:45:15,sugang-worker,5.52%,1.173GiB / 15.62GiB
15:45:15,sugang-worker2,3.79%,1.454GiB / 15.62GiB
15:45:15,biostream_api,6.62%,219.7MiB / 15.62GiB
15:45:15,biostream_mcp,0.00%,0B / 0B
15:45:15,biostream_qdrant,0.21%,169.3MiB / 15.62GiB
15:45:15,biostream_db,0.00%,35.65MiB / 15.62GiB
15:45:22,courseregistrationplatform-k6-run-55d215337951,124.56%,3.123GiB / 15.62GiB
15:45:22,courseregistrationplatform-backend_2-1,85.66%,143.6MiB / 15.62GiB
15:45:22,courseregistrationplatform-backend_1-1,86.05%,159.6MiB / 15.62GiB
15:45:22,courseregistrationplatform-nginx-1,38.22%,130.1MiB / 15.62GiB
15:45:22,courseregistrationplatform-backend_4-1,86.43%,154.5MiB / 15.62GiB
15:45:22,courseregistrationplatform-backend_3-1,84.79%,154.1MiB / 15.62GiB
15:45:22,courseregistrationplatform-db-1,3.10%,397.7MiB / 15.62GiB
15:45:22,courseregistrationplatform-frontend-1,0.00%,47.19MiB / 15.62GiB
15:45:22,courseregistrationplatform-worker_1-1,0.97%,36.4MiB / 15.62GiB
15:45:22,courseregistrationplatform-worker_2-1,0.72%,34.16MiB / 15.62GiB
15:45:22,courseregistrationplatform-ai-server-1,0.23%,123.4MiB / 15.62GiB
15:45:22,courseregistrationplatform-rabbitmq-1,1.01%,167.9MiB / 15.62GiB
15:45:22,courseregistrationplatform-redis-1,16.26%,10.83MiB / 15.62GiB
15:45:22,courseregistrationplatform-grafana-1,0.04%,65.33MiB / 15.62GiB
15:45:22,courseregistrationplatform-prometheus-1,0.21%,68.91MiB / 15.62GiB
15:45:22,sugang-control-plane,9.08%,774.7MiB / 15.62GiB
15:45:22,sugang-worker,2.33%,1.174GiB / 15.62GiB
15:45:22,sugang-worker2,5.12%,1.452GiB / 15.62GiB
15:45:22,biostream_api,7.50%,219.4MiB / 15.62GiB
15:45:22,biostream_mcp,0.00%,0B / 0B
15:45:22,biostream_qdrant,0.14%,169.3MiB / 15.62GiB
15:45:22,biostream_db,4.28%,35.65MiB / 15.62GiB
15:45:29,courseregistrationplatform-k6-run-55d215337951,122.43%,3.124GiB / 15.62GiB
15:45:29,courseregistrationplatform-backend_2-1,84.16%,145.8MiB / 15.62GiB
15:45:29,courseregistrationplatform-backend_1-1,88.72%,157.1MiB / 15.62GiB
15:45:29,courseregistrationplatform-nginx-1,33.41%,133.2MiB / 15.62GiB
15:45:29,courseregistrationplatform-backend_4-1,82.47%,155.3MiB / 15.62GiB
15:45:29,courseregistrationplatform-backend_3-1,88.46%,158.1MiB / 15.62GiB
15:45:29,courseregistrationplatform-db-1,2.91%,397.4MiB / 15.62GiB
15:45:29,courseregistrationplatform-frontend-1,0.00%,47.19MiB / 15.62GiB
15:45:29,courseregistrationplatform-worker_1-1,0.71%,36.64MiB / 15.62GiB
15:45:29,courseregistrationplatform-worker_2-1,0.90%,34.32MiB / 15.62GiB
15:45:29,courseregistrationplatform-ai-server-1,0.21%,123.4MiB / 15.62GiB
15:45:29,courseregistrationplatform-rabbitmq-1,1.54%,168.1MiB / 15.62GiB
15:45:29,courseregistrationplatform-redis-1,15.93%,10.83MiB / 15.62GiB
15:45:29,courseregistrationplatform-grafana-1,0.06%,65.34MiB / 15.62GiB
15:45:29,courseregistrationplatform-prometheus-1,0.81%,68.92MiB / 15.62GiB
15:45:29,sugang-control-plane,14.67%,774.8MiB / 15.62GiB
15:45:29,sugang-worker,6.42%,1.173GiB / 15.62GiB
15:45:29,sugang-worker2,6.14%,1.456GiB / 15.62GiB
15:45:29,biostream_api,7.81%,219.4MiB / 15.62GiB
15:45:29,biostream_mcp,0.00%,0B / 0B
15:45:29,biostream_qdrant,0.35%,169.3MiB / 15.62GiB
15:45:29,biostream_db,0.00%,35.65MiB / 15.62GiB
15:45:36,courseregistrationplatform-k6-run-55d215337951,123.53%,3.123GiB / 15.62GiB
15:45:36,courseregistrationplatform-backend_2-1,82.41%,147.1MiB / 15.62GiB
15:45:36,courseregistrationplatform-backend_1-1,84.10%,158.2MiB / 15.62GiB
15:45:36,courseregistrationplatform-nginx-1,37.82%,141.6MiB / 15.62GiB
15:45:36,courseregistrationplatform-backend_4-1,86.64%,157.3MiB / 15.62GiB
15:45:36,courseregistrationplatform-backend_3-1,83.72%,160.4MiB / 15.62GiB
15:45:36,courseregistrationplatform-db-1,5.67%,397.4MiB / 15.62GiB
15:45:36,courseregistrationplatform-frontend-1,0.00%,47.19MiB / 15.62GiB
15:45:36,courseregistrationplatform-worker_1-1,2.23%,36.8MiB / 15.62GiB
15:45:36,courseregistrationplatform-worker_2-1,2.89%,34.14MiB / 15.62GiB
15:45:36,courseregistrationplatform-ai-server-1,0.25%,123.4MiB / 15.62GiB
15:45:36,courseregistrationplatform-rabbitmq-1,2.40%,168.1MiB / 15.62GiB
15:45:36,courseregistrationplatform-redis-1,15.09%,10.86MiB / 15.62GiB
15:45:36,courseregistrationplatform-grafana-1,0.06%,65.34MiB / 15.62GiB
15:45:36,courseregistrationplatform-prometheus-1,0.15%,68.92MiB / 15.62GiB
15:45:36,sugang-control-plane,12.37%,773.3MiB / 15.62GiB
15:45:36,sugang-worker,3.24%,1.172GiB / 15.62GiB
15:45:36,sugang-worker2,4.76%,1.456GiB / 15.62GiB
15:45:36,biostream_api,8.00%,219.6MiB / 15.62GiB
15:45:36,biostream_mcp,0.00%,0B / 0B
15:45:36,biostream_qdrant,0.12%,169.3MiB / 15.62GiB
15:45:36,biostream_db,0.00%,35.65MiB / 15.62GiB
15:45:44,courseregistrationplatform-k6-run-55d215337951,121.08%,3.122GiB / 15.62GiB
15:45:44,courseregistrationplatform-backend_2-1,66.12%,143.1MiB / 15.62GiB
15:45:44,courseregistrationplatform-backend_1-1,81.78%,172.3MiB / 15.62GiB
15:45:44,courseregistrationplatform-nginx-1,34.57%,158.8MiB / 15.62GiB
15:45:44,courseregistrationplatform-backend_4-1,72.49%,149.9MiB / 15.62GiB
15:45:44,courseregistrationplatform-backend_3-1,60.49%,158.1MiB / 15.62GiB
15:45:44,courseregistrationplatform-db-1,6.43%,397.4MiB / 15.62GiB
15:45:44,courseregistrationplatform-frontend-1,0.00%,47.14MiB / 15.62GiB
15:45:44,courseregistrationplatform-worker_1-1,0.41%,36.25MiB / 15.62GiB
15:45:44,courseregistrationplatform-worker_2-1,1.03%,34.01MiB / 15.62GiB
15:45:44,courseregistrationplatform-ai-server-1,0.24%,123.4MiB / 15.62GiB
15:45:44,courseregistrationplatform-rabbitmq-1,1.59%,167.9MiB / 15.62GiB
15:45:44,courseregistrationplatform-redis-1,12.59%,11.34MiB / 15.62GiB
15:45:44,courseregistrationplatform-grafana-1,0.07%,66.29MiB / 15.62GiB
15:45:44,courseregistrationplatform-prometheus-1,0.12%,68.89MiB / 15.62GiB
15:45:44,sugang-control-plane,15.56%,774.2MiB / 15.62GiB
15:45:44,sugang-worker,3.70%,1.173GiB / 15.62GiB
15:45:44,sugang-worker2,2.87%,1.456GiB / 15.62GiB
15:45:44,biostream_api,7.39%,219.3MiB / 15.62GiB
15:45:44,biostream_mcp,74.44%,90.65MiB / 15.62GiB
15:45:44,biostream_qdrant,3.27%,168.5MiB / 15.62GiB
15:45:44,biostream_db,0.00%,35.63MiB / 15.62GiB
15:45:51,courseregistrationplatform-k6-run-55d215337951,123.15%,3.123GiB / 15.62GiB
15:45:51,courseregistrationplatform-backend_2-1,86.25%,134.1MiB / 15.62GiB
15:45:51,courseregistrationplatform-backend_1-1,90.91%,173.5MiB / 15.62GiB
15:45:51,courseregistrationplatform-nginx-1,39.35%,167MiB / 15.62GiB
15:45:51,courseregistrationplatform-backend_4-1,87.84%,148.4MiB / 15.62GiB
15:45:51,courseregistrationplatform-backend_3-1,85.24%,160.5MiB / 15.62GiB
15:45:51,courseregistrationplatform-db-1,3.23%,397.4MiB / 15.62GiB
15:45:51,courseregistrationplatform-frontend-1,0.00%,47.14MiB / 15.62GiB
15:45:51,courseregistrationplatform-worker_1-1,0.73%,36.27MiB / 15.62GiB
15:45:51,courseregistrationplatform-worker_2-1,0.59%,34.1MiB / 15.62GiB
15:45:51,courseregistrationplatform-ai-server-1,0.26%,123.4MiB / 15.62GiB
15:45:51,courseregistrationplatform-rabbitmq-1,1.02%,167.5MiB / 15.62GiB
15:45:51,courseregistrationplatform-redis-1,16.02%,10.87MiB / 15.62GiB
15:45:51,courseregistrationplatform-grafana-1,0.05%,66.29MiB / 15.62GiB
15:45:51,courseregistrationplatform-prometheus-1,0.14%,68.92MiB / 15.62GiB
15:45:51,sugang-control-plane,10.07%,774MiB / 15.62GiB
15:45:51,sugang-worker,3.14%,1.172GiB / 15.62GiB
15:45:51,sugang-worker2,4.05%,1.457GiB / 15.62GiB
15:45:51,biostream_api,5.49%,219.3MiB / 15.62GiB
15:45:51,biostream_mcp,0.00%,0B / 0B
15:45:51,biostream_qdrant,0.15%,168.1MiB / 15.62GiB
15:45:51,biostream_db,0.00%,35.63MiB / 15.62GiB
15:45:58,courseregistrationplatform-k6-run-55d215337951,126.32%,3.122GiB / 15.62GiB
15:45:58,courseregistrationplatform-backend_2-1,76.05%,128.5MiB / 15.62GiB
15:45:58,courseregistrationplatform-backend_1-1,91.54%,211.8MiB / 15.62GiB
15:45:58,courseregistrationplatform-nginx-1,28.40%,152.3MiB / 15.62GiB
15:45:58,courseregistrationplatform-backend_4-1,82.38%,149.4MiB / 15.62GiB
15:45:58,courseregistrationplatform-backend_3-1,76.47%,114.9MiB / 15.62GiB
15:45:58,courseregistrationplatform-db-1,2.94%,397.7MiB / 15.62GiB
15:45:58,courseregistrationplatform-frontend-1,0.00%,47.14MiB / 15.62GiB
15:45:58,courseregistrationplatform-worker_1-1,0.90%,36.65MiB / 15.62GiB
15:45:58,courseregistrationplatform-worker_2-1,0.60%,34.36MiB / 15.62GiB
15:45:58,courseregistrationplatform-ai-server-1,0.24%,123.4MiB / 15.62GiB
15:45:58,courseregistrationplatform-rabbitmq-1,1.03%,167.8MiB / 15.62GiB
15:45:58,courseregistrationplatform-redis-1,16.02%,10.87MiB / 15.62GiB
15:45:58,courseregistrationplatform-grafana-1,0.19%,66.29MiB / 15.62GiB
15:45:58,courseregistrationplatform-prometheus-1,0.11%,68.92MiB / 15.62GiB
15:45:58,sugang-control-plane,18.15%,775.9MiB / 15.62GiB
15:45:58,sugang-worker,8.80%,1.172GiB / 15.62GiB
15:45:58,sugang-worker2,6.26%,1.458GiB / 15.62GiB
15:45:58,biostream_api,7.65%,220.1MiB / 15.62GiB
15:45:58,biostream_mcp,0.00%,0B / 0B
15:45:58,biostream_qdrant,0.14%,168.1MiB / 15.62GiB
15:45:58,biostream_db,4.17%,35.63MiB / 15.62GiB
15:46:05,courseregistrationplatform-k6-run-55d215337951,127.27%,3.122GiB / 15.62GiB
15:46:05,courseregistrationplatform-backend_2-1,96.64%,140.6MiB / 15.62GiB
15:46:05,courseregistrationplatform-backend_1-1,47.00%,201.8MiB / 15.62GiB
15:46:05,courseregistrationplatform-nginx-1,40.95%,141.3MiB / 15.62GiB
15:46:05,courseregistrationplatform-backend_4-1,87.13%,148.9MiB / 15.62GiB
15:46:05,courseregistrationplatform-backend_3-1,86.53%,156.3MiB / 15.62GiB
15:46:05,courseregistrationplatform-db-1,2.10%,397.5MiB / 15.62GiB
15:46:05,courseregistrationplatform-frontend-1,0.00%,47.14MiB / 15.62GiB
15:46:05,courseregistrationplatform-worker_1-1,0.19%,36.51MiB / 15.62GiB
15:46:05,courseregistrationplatform-worker_2-1,0.51%,34.25MiB / 15.62GiB
15:46:05,courseregistrationplatform-ai-server-1,0.24%,123.4MiB / 15.62GiB
15:46:05,courseregistrationplatform-rabbitmq-1,1.12%,167.9MiB / 15.62GiB
15:46:05,courseregistrationplatform-redis-1,15.07%,10.86MiB / 15.62GiB
15:46:05,courseregistrationplatform-grafana-1,0.57%,66.29MiB / 15.62GiB
15:46:05,courseregistrationplatform-prometheus-1,0.10%,68.94MiB / 15.62GiB
15:46:05,sugang-control-plane,12.21%,775.3MiB / 15.62GiB
15:46:05,sugang-worker,4.33%,1.172GiB / 15.62GiB
15:46:05,sugang-worker2,5.18%,1.458GiB / 15.62GiB
15:46:05,biostream_api,7.65%,219.1MiB / 15.62GiB
15:46:05,biostream_mcp,0.00%,0B / 0B
15:46:05,biostream_qdrant,0.25%,168.1MiB / 15.62GiB
15:46:05,biostream_db,0.00%,35.63MiB / 15.62GiB
15:46:12,courseregistrationplatform-k6-run-55d215337951,130.62%,3.122GiB / 15.62GiB
15:46:12,courseregistrationplatform-backend_2-1,86.04%,145.7MiB / 15.62GiB
15:46:12,courseregistrationplatform-backend_1-1,83.28%,231.4MiB / 15.62GiB
15:46:12,courseregistrationplatform-nginx-1,36.33%,116.4MiB / 15.62GiB
15:46:12,courseregistrationplatform-backend_4-1,80.80%,151.8MiB / 15.62GiB
15:46:12,courseregistrationplatform-backend_3-1,84.81%,141.3MiB / 15.62GiB
15:46:12,courseregistrationplatform-db-1,2.64%,397.4MiB / 15.62GiB
15:46:12,courseregistrationplatform-frontend-1,0.00%,47.14MiB / 15.62GiB
15:46:12,courseregistrationplatform-worker_1-1,0.68%,34.88MiB / 15.62GiB
15:46:12,courseregistrationplatform-worker_2-1,0.38%,34.04MiB / 15.62GiB
15:46:12,courseregistrationplatform-ai-server-1,0.19%,123.4MiB / 15.62GiB
15:46:12,courseregistrationplatform-rabbitmq-1,0.95%,168.2MiB / 15.62GiB
15:46:12,courseregistrationplatform-redis-1,14.69%,10.86MiB / 15.62GiB
15:46:12,courseregistrationplatform-grafana-1,0.08%,66.29MiB / 15.62GiB
15:46:12,courseregistrationplatform-prometheus-1,0.13%,68.94MiB / 15.62GiB
15:46:12,sugang-control-plane,12.37%,775.8MiB / 15.62GiB
15:46:12,sugang-worker,2.37%,1.18GiB / 15.62GiB
15:46:12,sugang-worker2,3.91%,1.457GiB / 15.62GiB
15:46:12,biostream_api,6.89%,219.3MiB / 15.62GiB
15:46:12,biostream_mcp,0.00%,0B / 0B
15:46:12,biostream_qdrant,0.11%,168.1MiB / 15.62GiB
15:46:12,biostream_db,0.00%,35.63MiB / 15.62GiB
15:46:19,courseregistrationplatform-k6-run-55d215337951,124.63%,3.121GiB / 15.62GiB
15:46:19,courseregistrationplatform-backend_2-1,87.57%,137.7MiB / 15.62GiB
15:46:19,courseregistrationplatform-backend_1-1,84.12%,199.2MiB / 15.62GiB
15:46:19,courseregistrationplatform-nginx-1,37.92%,131.4MiB / 15.62GiB
15:46:19,courseregistrationplatform-backend_4-1,88.60%,158.3MiB / 15.62GiB
15:46:19,courseregistrationplatform-backend_3-1,88.27%,139.5MiB / 15.62GiB
15:46:19,courseregistrationplatform-db-1,4.34%,397.5MiB / 15.62GiB
15:46:19,courseregistrationplatform-frontend-1,0.02%,47.14MiB / 15.62GiB
15:46:19,courseregistrationplatform-worker_1-1,1.71%,34.95MiB / 15.62GiB
15:46:19,courseregistrationplatform-worker_2-1,1.15%,34.41MiB / 15.62GiB
15:46:19,courseregistrationplatform-ai-server-1,0.22%,123.4MiB / 15.62GiB
15:46:19,courseregistrationplatform-rabbitmq-1,1.97%,168.6MiB / 15.62GiB
15:46:19,courseregistrationplatform-redis-1,15.87%,11.36MiB / 15.62GiB
15:46:19,courseregistrationplatform-grafana-1,0.07%,66.83MiB / 15.62GiB
15:46:19,courseregistrationplatform-prometheus-1,0.89%,68.94MiB / 15.62GiB
15:46:19,sugang-control-plane,9.37%,777.1MiB / 15.62GiB
15:46:19,sugang-worker,4.07%,1.181GiB / 15.62GiB
15:46:19,sugang-worker2,5.07%,1.459GiB / 15.62GiB
15:46:19,biostream_api,7.69%,219.6MiB / 15.62GiB
15:46:19,biostream_mcp,0.00%,0B / 0B
15:46:19,biostream_qdrant,0.44%,168.1MiB / 15.62GiB
15:46:19,biostream_db,0.00%,35.63MiB / 15.62GiB
15:46:26,courseregistrationplatform-k6-run-55d215337951,129.42%,3.121GiB / 15.62GiB
15:46:26,courseregistrationplatform-backend_2-1,87.03%,136.4MiB / 15.62GiB
15:46:26,courseregistrationplatform-backend_1-1,88.96%,167.7MiB / 15.62GiB
15:46:26,courseregistrationplatform-nginx-1,35.62%,127.3MiB / 15.62GiB
15:46:26,courseregistrationplatform-backend_4-1,90.61%,126.2MiB / 15.62GiB
15:46:26,courseregistrationplatform-backend_3-1,89.17%,139.3MiB / 15.62GiB
15:46:26,courseregistrationplatform-db-1,4.05%,397.5MiB / 15.62GiB
15:46:26,courseregistrationplatform-frontend-1,0.00%,47.14MiB / 15.62GiB
15:46:26,courseregistrationplatform-worker_1-1,1.66%,35.02MiB / 15.62GiB
15:46:26,courseregistrationplatform-worker_2-1,1.30%,33.93MiB / 15.62GiB
15:46:26,courseregistrationplatform-ai-server-1,0.21%,123.4MiB / 15.62GiB
15:46:26,courseregistrationplatform-rabbitmq-1,1.70%,168.4MiB / 15.62GiB
15:46:26,courseregistrationplatform-redis-1,15.15%,11.11MiB / 15.62GiB
15:46:26,courseregistrationplatform-grafana-1,0.05%,66.83MiB / 15.62GiB
15:46:26,courseregistrationplatform-prometheus-1,0.11%,68.94MiB / 15.62GiB
15:46:26,sugang-control-plane,11.53%,776.8MiB / 15.62GiB
15:46:26,sugang-worker,5.40%,1.182GiB / 15.62GiB
15:46:26,sugang-worker2,5.36%,1.458GiB / 15.62GiB
15:46:26,biostream_api,5.36%,219.3MiB / 15.62GiB
15:46:26,biostream_mcp,0.00%,0B / 0B
15:46:26,biostream_qdrant,0.13%,168.1MiB / 15.62GiB
15:46:26,biostream_db,0.00%,35.63MiB / 15.62GiB
15:46:33,courseregistrationplatform-k6-run-55d215337951,137.34%,3.184GiB / 15.62GiB
15:46:33,courseregistrationplatform-backend_2-1,85.46%,134.1MiB / 15.62GiB
15:46:33,courseregistrationplatform-backend_1-1,82.24%,166.4MiB / 15.62GiB
15:46:33,courseregistrationplatform-nginx-1,39.87%,122MiB / 15.62GiB
15:46:33,courseregistrationplatform-backend_4-1,87.06%,138.5MiB / 15.62GiB
15:46:33,courseregistrationplatform-backend_3-1,83.32%,137.7MiB / 15.62GiB
15:46:33,courseregistrationplatform-db-1,6.38%,397.5MiB / 15.62GiB
15:46:33,courseregistrationplatform-frontend-1,0.00%,47.14MiB / 15.62GiB
15:46:33,courseregistrationplatform-worker_1-1,0.28%,34.98MiB / 15.62GiB
15:46:33,courseregistrationplatform-worker_2-1,0.20%,34.03MiB / 15.62GiB
15:46:33,courseregistrationplatform-ai-server-1,0.28%,123.4MiB / 15.62GiB
15:46:33,courseregistrationplatform-rabbitmq-1,1.41%,168.1MiB / 15.62GiB
15:46:33,courseregistrationplatform-redis-1,15.28%,10.87MiB / 15.62GiB
15:46:33,courseregistrationplatform-grafana-1,0.08%,66.83MiB / 15.62GiB
15:46:33,courseregistrationplatform-prometheus-1,0.16%,68.94MiB / 15.62GiB
15:46:33,sugang-control-plane,11.64%,774.9MiB / 15.62GiB
15:46:33,sugang-worker,5.42%,1.182GiB / 15.62GiB
15:46:33,sugang-worker2,6.66%,1.465GiB / 15.62GiB
15:46:33,biostream_api,7.49%,219.3MiB / 15.62GiB
15:46:33,biostream_mcp,0.00%,0B / 0B
15:46:33,biostream_qdrant,0.13%,168.1MiB / 15.62GiB
15:46:33,biostream_db,4.67%,35.78MiB / 15.62GiB
15:46:41,courseregistrationplatform-k6-run-55d215337951,150.23%,3.184GiB / 15.62GiB
15:46:41,courseregistrationplatform-backend_2-1,84.63%,135MiB / 15.62GiB
15:46:41,courseregistrationplatform-backend_1-1,85.14%,163.5MiB / 15.62GiB
15:46:41,courseregistrationplatform-nginx-1,46.59%,129.2MiB / 15.62GiB
15:46:41,courseregistrationplatform-backend_4-1,83.49%,138.9MiB / 15.62GiB
15:46:41,courseregistrationplatform-backend_3-1,83.82%,148.8MiB / 15.62GiB
15:46:41,courseregistrationplatform-db-1,2.32%,397.5MiB / 15.62GiB
15:46:41,courseregistrationplatform-frontend-1,0.00%,47.14MiB / 15.62GiB
15:46:41,courseregistrationplatform-worker_1-1,0.61%,34.84MiB / 15.62GiB
15:46:41,courseregistrationplatform-worker_2-1,0.68%,34.72MiB / 15.62GiB
15:46:41,courseregistrationplatform-ai-server-1,0.22%,123.4MiB / 15.62GiB
15:46:41,courseregistrationplatform-rabbitmq-1,1.17%,168.3MiB / 15.62GiB
15:46:41,courseregistrationplatform-redis-1,13.83%,11.34MiB / 15.62GiB
15:46:41,courseregistrationplatform-grafana-1,0.09%,66.83MiB / 15.62GiB
15:46:41,courseregistrationplatform-prometheus-1,0.17%,68.94MiB / 15.62GiB
15:46:41,sugang-control-plane,17.62%,775.8MiB / 15.62GiB
15:46:41,sugang-worker,4.63%,1.206GiB / 15.62GiB
15:46:41,sugang-worker2,4.17%,1.465GiB / 15.62GiB
15:46:41,biostream_api,7.29%,219.3MiB / 15.62GiB
15:46:41,biostream_mcp,0.00%,0B / 0B
15:46:41,biostream_qdrant,0.11%,168.1MiB / 15.62GiB
15:46:41,biostream_db,0.00%,35.63MiB / 15.62GiB
15:46:49,courseregistrationplatform-k6-run-55d215337951,126.18%,3.184GiB / 15.62GiB
15:46:49,courseregistrationplatform-backend_2-1,82.34%,147.8MiB / 15.62GiB
15:46:49,courseregistrationplatform-backend_1-1,88.82%,172.6MiB / 15.62GiB
15:46:49,courseregistrationplatform-nginx-1,33.28%,152.1MiB / 15.62GiB
15:46:49,courseregistrationplatform-backend_4-1,89.21%,147.2MiB / 15.62GiB
15:46:49,courseregistrationplatform-backend_3-1,85.07%,139.4MiB / 15.62GiB
15:46:49,courseregistrationplatform-db-1,1.76%,397.2MiB / 15.62GiB
15:46:49,courseregistrationplatform-frontend-1,0.00%,46.76MiB / 15.62GiB
15:46:49,courseregistrationplatform-worker_1-1,0.01%,34.9MiB / 15.62GiB
15:46:49,courseregistrationplatform-worker_2-1,0.24%,34.38MiB / 15.62GiB
15:46:49,courseregistrationplatform-ai-server-1,0.22%,123.2MiB / 15.62GiB
15:46:49,courseregistrationplatform-rabbitmq-1,1.10%,169.2MiB / 15.62GiB
15:46:49,courseregistrationplatform-redis-1,14.99%,10.93MiB / 15.62GiB
15:46:49,courseregistrationplatform-grafana-1,0.08%,70.82MiB / 15.62GiB
15:46:49,courseregistrationplatform-prometheus-1,0.85%,68.77MiB / 15.62GiB
15:46:49,sugang-control-plane,14.99%,778.4MiB / 15.62GiB
15:46:49,sugang-worker,6.31%,1.212GiB / 15.62GiB
15:46:49,sugang-worker2,6.05%,1.464GiB / 15.62GiB
15:46:49,biostream_api,7.63%,219.2MiB / 15.62GiB
15:46:49,biostream_mcp,86.33%,52.38MiB / 15.62GiB
15:46:49,biostream_qdrant,0.22%,163.6MiB / 15.62GiB
15:46:49,biostream_db,4.58%,35.56MiB / 15.62GiB
15:46:56,courseregistrationplatform-k6-run-55d215337951,136.44%,3.098GiB / 15.62GiB
15:46:56,courseregistrationplatform-backend_2-1,99.56%,152.2MiB / 15.62GiB
15:46:56,courseregistrationplatform-backend_1-1,93.61%,172.8MiB / 15.62GiB
15:46:56,courseregistrationplatform-nginx-1,40.13%,146.7MiB / 15.62GiB
15:46:56,courseregistrationplatform-backend_4-1,93.15%,151.9MiB / 15.62GiB
15:46:56,courseregistrationplatform-backend_3-1,88.71%,147.6MiB / 15.62GiB
15:46:56,courseregistrationplatform-db-1,4.04%,397.6MiB / 15.62GiB
15:46:56,courseregistrationplatform-frontend-1,0.00%,46.87MiB / 15.62GiB
15:46:56,courseregistrationplatform-worker_1-1,1.19%,34.29MiB / 15.62GiB
15:46:56,courseregistrationplatform-worker_2-1,0.76%,34.46MiB / 15.62GiB
15:46:56,courseregistrationplatform-ai-server-1,0.26%,123.2MiB / 15.62GiB
15:46:56,courseregistrationplatform-rabbitmq-1,1.21%,168MiB / 15.62GiB
15:46:56,courseregistrationplatform-redis-1,17.46%,11.18MiB / 15.62GiB
15:46:56,courseregistrationplatform-grafana-1,0.05%,70.82MiB / 15.62GiB
15:46:56,courseregistrationplatform-prometheus-1,0.11%,68.81MiB / 15.62GiB
15:46:56,sugang-control-plane,14.52%,778.7MiB / 15.62GiB
15:46:56,sugang-worker,6.03%,1.212GiB / 15.62GiB
15:46:56,sugang-worker2,5.52%,1.465GiB / 15.62GiB
15:46:56,biostream_api,6.44%,219MiB / 15.62GiB
15:46:56,biostream_mcp,0.00%,0B / 0B
15:46:56,biostream_qdrant,0.14%,162.8MiB / 15.62GiB
15:46:56,biostream_db,0.00%,35.56MiB / 15.62GiB
15:47:04,courseregistrationplatform-k6-run-55d215337951,130.11%,3.097GiB / 15.62GiB
15:47:04,courseregistrationplatform-backend_2-1,75.74%,147MiB / 15.62GiB
15:47:04,courseregistrationplatform-backend_1-1,78.24%,163.2MiB / 15.62GiB
15:47:04,courseregistrationplatform-nginx-1,27.08%,147MiB / 15.62GiB
15:47:04,courseregistrationplatform-backend_4-1,87.78%,154.5MiB / 15.62GiB
15:47:04,courseregistrationplatform-backend_3-1,85.33%,159.6MiB / 15.62GiB
15:47:04,courseregistrationplatform-db-1,3.88%,397.7MiB / 15.62GiB
15:47:04,courseregistrationplatform-frontend-1,0.00%,46.87MiB / 15.62GiB
15:47:04,courseregistrationplatform-worker_1-1,0.53%,34.42MiB / 15.62GiB
15:47:04,courseregistrationplatform-worker_2-1,0.73%,34.33MiB / 15.62GiB
15:47:04,courseregistrationplatform-ai-server-1,0.25%,123.2MiB / 15.62GiB
15:47:04,courseregistrationplatform-rabbitmq-1,1.46%,168MiB / 15.62GiB
15:47:04,courseregistrationplatform-redis-1,15.17%,11.17MiB / 15.62GiB
15:47:04,courseregistrationplatform-grafana-1,0.50%,70.83MiB / 15.62GiB
15:47:04,courseregistrationplatform-prometheus-1,0.28%,69.07MiB / 15.62GiB
15:47:04,sugang-control-plane,21.14%,779.7MiB / 15.62GiB
15:47:04,sugang-worker,9.68%,1.212GiB / 15.62GiB
15:47:04,sugang-worker2,10.80%,1.464GiB / 15.62GiB
15:47:04,biostream_api,7.82%,219MiB / 15.62GiB
15:47:04,biostream_mcp,0.00%,0B / 0B
15:47:04,biostream_qdrant,3.68%,162.8MiB / 15.62GiB
15:47:04,biostream_db,4.64%,35.56MiB / 15.62GiB
15:47:12,courseregistrationplatform-k6-run-55d215337951,141.95%,3.097GiB / 15.62GiB
15:47:12,courseregistrationplatform-backend_2-1,89.52%,135.4MiB / 15.62GiB
15:47:12,courseregistrationplatform-backend_1-1,82.55%,164.2MiB / 15.62GiB
15:47:12,courseregistrationplatform-nginx-1,39.47%,143MiB / 15.62GiB
15:47:12,courseregistrationplatform-backend_4-1,81.50%,154.8MiB / 15.62GiB
15:47:12,courseregistrationplatform-backend_3-1,85.38%,157.6MiB / 15.62GiB
15:47:12,courseregistrationplatform-db-1,5.14%,397.7MiB / 15.62GiB
15:47:12,courseregistrationplatform-frontend-1,0.00%,46.87MiB / 15.62GiB
15:47:12,courseregistrationplatform-worker_1-1,1.07%,34.53MiB / 15.62GiB
15:47:12,courseregistrationplatform-worker_2-1,1.29%,34.68MiB / 15.62GiB
15:47:12,courseregistrationplatform-ai-server-1,0.19%,123.2MiB / 15.62GiB
15:47:12,courseregistrationplatform-rabbitmq-1,1.28%,167.8MiB / 15.62GiB
15:47:12,courseregistrationplatform-redis-1,16.79%,10.93MiB / 15.62GiB
15:47:12,courseregistrationplatform-grafana-1,0.04%,70.83MiB / 15.62GiB
15:47:12,courseregistrationplatform-prometheus-1,0.14%,68.82MiB / 15.62GiB
15:47:12,sugang-control-plane,8.91%,777.3MiB / 15.62GiB
15:47:12,sugang-worker,3.34%,1.21GiB / 15.62GiB
15:47:12,sugang-worker2,3.26%,1.464GiB / 15.62GiB
15:47:12,biostream_api,7.06%,219MiB / 15.62GiB
15:47:12,biostream_mcp,0.00%,0B / 0B
15:47:12,biostream_qdrant,0.12%,162.8MiB / 15.62GiB
15:47:12,biostream_db,0.00%,35.56MiB / 15.62GiB
15:47:20,courseregistrationplatform-k6-run-55d215337951,147.15%,3.097GiB / 15.62GiB
15:47:20,courseregistrationplatform-backend_2-1,84.87%,137.6MiB / 15.62GiB
15:47:20,courseregistrationplatform-backend_1-1,91.22%,160MiB / 15.62GiB
15:47:20,courseregistrationplatform-nginx-1,36.09%,137.8MiB / 15.62GiB
15:47:20,courseregistrationplatform-backend_4-1,88.17%,157.2MiB / 15.62GiB
15:47:20,courseregistrationplatform-backend_3-1,80.45%,157.7MiB / 15.62GiB
15:47:20,courseregistrationplatform-db-1,3.67%,397.7MiB / 15.62GiB
15:47:20,courseregistrationplatform-frontend-1,0.01%,46.87MiB / 15.62GiB
15:47:20,courseregistrationplatform-worker_1-1,1.29%,35.35MiB / 15.62GiB
15:47:20,courseregistrationplatform-worker_2-1,1.08%,34.45MiB / 15.62GiB
15:47:20,courseregistrationplatform-ai-server-1,0.21%,123.2MiB / 15.62GiB
15:47:20,courseregistrationplatform-rabbitmq-1,1.46%,168MiB / 15.62GiB
15:47:20,courseregistrationplatform-redis-1,16.83%,10.93MiB / 15.62GiB
15:47:20,courseregistrationplatform-grafana-1,0.06%,70.83MiB / 15.62GiB
15:47:20,courseregistrationplatform-prometheus-1,0.12%,68.82MiB / 15.62GiB
15:47:20,sugang-control-plane,8.79%,778.5MiB / 15.62GiB
15:47:20,sugang-worker,7.08%,1.212GiB / 15.62GiB
15:47:20,sugang-worker2,4.26%,1.465GiB / 15.62GiB
15:47:20,biostream_api,8.34%,218.7MiB / 15.62GiB
15:47:20,biostream_mcp,0.00%,0B / 0B
15:47:20,biostream_qdrant,0.14%,162.8MiB / 15.62GiB
15:47:20,biostream_db,0.00%,35.56MiB / 15.62GiB
15:47:28,courseregistrationplatform-k6-run-55d215337951,131.95%,3.097GiB / 15.62GiB
15:47:28,courseregistrationplatform-backend_2-1,82.47%,139.2MiB / 15.62GiB
15:47:28,courseregistrationplatform-backend_1-1,86.33%,155.5MiB / 15.62GiB
15:47:28,courseregistrationplatform-nginx-1,37.43%,133.3MiB / 15.62GiB
15:47:28,courseregistrationplatform-backend_4-1,84.41%,161.3MiB / 15.62GiB
15:47:28,courseregistrationplatform-backend_3-1,87.84%,153.7MiB / 15.62GiB
15:47:28,courseregistrationplatform-db-1,2.69%,397.7MiB / 15.62GiB
15:47:28,courseregistrationplatform-frontend-1,0.00%,46.87MiB / 15.62GiB
15:47:28,courseregistrationplatform-worker_1-1,0.66%,35.19MiB / 15.62GiB
15:47:28,courseregistrationplatform-worker_2-1,0.42%,34.53MiB / 15.62GiB
15:47:28,courseregistrationplatform-ai-server-1,0.20%,123.2MiB / 15.62GiB
15:47:28,courseregistrationplatform-rabbitmq-1,1.14%,168.5MiB / 15.62GiB
15:47:28,courseregistrationplatform-redis-1,15.84%,11.18MiB / 15.62GiB
15:47:28,courseregistrationplatform-grafana-1,0.18%,70.83MiB / 15.62GiB
15:47:28,courseregistrationplatform-prometheus-1,0.12%,68.82MiB / 15.62GiB
15:47:28,sugang-control-plane,17.78%,777MiB / 15.62GiB
15:47:28,sugang-worker,6.28%,1.211GiB / 15.62GiB
15:47:28,sugang-worker2,11.48%,1.465GiB / 15.62GiB
15:47:28,biostream_api,5.19%,219MiB / 15.62GiB
15:47:28,biostream_mcp,0.00%,0B / 0B
15:47:28,biostream_qdrant,0.14%,162.8MiB / 15.62GiB
15:47:28,biostream_db,0.00%,35.56MiB / 15.62GiB
15:47:36,courseregistrationplatform-k6-run-55d215337951,201.38%,3.093GiB / 15.62GiB
15:47:36,courseregistrationplatform-backend_2-1,84.95%,145.2MiB / 15.62GiB
15:47:36,courseregistrationplatform-backend_1-1,87.78%,154.5MiB / 15.62GiB
15:47:36,courseregistrationplatform-nginx-1,40.00%,133.8MiB / 15.62GiB
15:47:36,courseregistrationplatform-backend_4-1,84.73%,155.3MiB / 15.62GiB
15:47:36,courseregistrationplatform-backend_3-1,87.10%,160.6MiB / 15.62GiB
15:47:36,courseregistrationplatform-db-1,3.16%,397.7MiB / 15.62GiB
15:47:36,courseregistrationplatform-frontend-1,0.00%,46.87MiB / 15.62GiB
15:47:36,courseregistrationplatform-worker_1-1,1.54%,35.26MiB / 15.62GiB
15:47:36,courseregistrationplatform-worker_2-1,0.82%,34.41MiB / 15.62GiB
15:47:36,courseregistrationplatform-ai-server-1,0.21%,123.2MiB / 15.62GiB
15:47:36,courseregistrationplatform-rabbitmq-1,1.39%,168.3MiB / 15.62GiB
15:47:36,courseregistrationplatform-redis-1,15.84%,10.94MiB / 15.62GiB
15:47:36,courseregistrationplatform-grafana-1,0.08%,70.83MiB / 15.62GiB
15:47:36,courseregistrationplatform-prometheus-1,0.08%,68.82MiB / 15.62GiB
15:47:36,sugang-control-plane,12.34%,777.6MiB / 15.62GiB
15:47:36,sugang-worker,7.32%,1.211GiB / 15.62GiB
15:47:36,sugang-worker2,5.23%,1.473GiB / 15.62GiB
15:47:36,biostream_api,7.16%,219MiB / 15.62GiB
15:47:36,biostream_mcp,0.00%,0B / 0B
15:47:36,biostream_qdrant,0.14%,162.8MiB / 15.62GiB
15:47:36,biostream_db,0.00%,35.56MiB / 15.62GiB
15:47:44,courseregistrationplatform-k6-run-55d215337951,111.90%,3.092GiB / 15.62GiB
15:47:44,courseregistrationplatform-backend_2-1,78.84%,143.2MiB / 15.62GiB
15:47:44,courseregistrationplatform-backend_1-1,75.66%,156.5MiB / 15.62GiB
15:47:44,courseregistrationplatform-nginx-1,31.63%,124.1MiB / 15.62GiB
15:47:44,courseregistrationplatform-backend_4-1,71.26%,158.4MiB / 15.62GiB
15:47:44,courseregistrationplatform-backend_3-1,70.32%,149.4MiB / 15.62GiB
15:47:44,courseregistrationplatform-db-1,6.45%,397.9MiB / 15.62GiB
15:47:44,courseregistrationplatform-frontend-1,0.00%,46.87MiB / 15.62GiB
15:47:44,courseregistrationplatform-worker_1-1,0.59%,34.77MiB / 15.62GiB
15:47:44,courseregistrationplatform-worker_2-1,0.50%,34.44MiB / 15.62GiB
15:47:44,courseregistrationplatform-ai-server-1,0.22%,123.2MiB / 15.62GiB
15:47:44,courseregistrationplatform-rabbitmq-1,1.81%,168.2MiB / 15.62GiB
15:47:44,courseregistrationplatform-redis-1,13.56%,11.18MiB / 15.62GiB
15:47:44,courseregistrationplatform-grafana-1,1.52%,70.83MiB / 15.62GiB
15:47:44,courseregistrationplatform-prometheus-1,0.89%,68.82MiB / 15.62GiB
15:47:44,sugang-control-plane,14.13%,778.8MiB / 15.62GiB
15:47:44,sugang-worker,10.03%,1.211GiB / 15.62GiB
15:47:44,sugang-worker2,7.17%,1.473GiB / 15.62GiB
15:47:44,biostream_api,6.71%,219.7MiB / 15.62GiB
15:47:44,biostream_mcp,0.00%,0B / 0B
15:47:44,biostream_qdrant,0.42%,162.8MiB / 15.62GiB
15:47:44,biostream_db,0.69%,36.81MiB / 15.62GiB
15:47:52,courseregistrationplatform-k6-run-55d215337951,132.91%,3.093GiB / 15.62GiB
15:47:52,courseregistrationplatform-backend_2-1,82.99%,155.4MiB / 15.62GiB
15:47:52,courseregistrationplatform-backend_1-1,87.04%,159.4MiB / 15.62GiB
15:47:52,courseregistrationplatform-nginx-1,39.64%,124.3MiB / 15.62GiB
15:47:52,courseregistrationplatform-backend_4-1,80.31%,152.8MiB / 15.62GiB
15:47:52,courseregistrationplatform-backend_3-1,83.66%,148.9MiB / 15.62GiB
15:47:52,courseregistrationplatform-db-1,3.41%,397.7MiB / 15.62GiB
15:47:52,courseregistrationplatform-frontend-1,0.00%,46.87MiB / 15.62GiB
15:47:52,courseregistrationplatform-worker_1-1,1.68%,34.83MiB / 15.62GiB
15:47:52,courseregistrationplatform-worker_2-1,0.88%,34.25MiB / 15.62GiB
15:47:52,courseregistrationplatform-ai-server-1,0.19%,123.2MiB / 15.62GiB
15:47:52,courseregistrationplatform-rabbitmq-1,1.43%,168MiB / 15.62GiB
15:47:52,courseregistrationplatform-redis-1,14.76%,11.43MiB / 15.62GiB
15:47:52,courseregistrationplatform-grafana-1,0.05%,70.83MiB / 15.62GiB
15:47:52,courseregistrationplatform-prometheus-1,0.18%,68.87MiB / 15.62GiB
15:47:52,sugang-control-plane,10.68%,778.1MiB / 15.62GiB
15:47:52,sugang-worker,3.82%,1.211GiB / 15.62GiB
15:47:52,sugang-worker2,3.74%,1.473GiB / 15.62GiB
15:47:52,biostream_api,5.40%,219MiB / 15.62GiB
15:47:52,biostream_qdrant,0.14%,162.8MiB / 15.62GiB
15:47:52,biostream_db,0.00%,35.56MiB / 15.62GiB
15:48:00,courseregistrationplatform-k6-run-55d215337951,142.23%,3.092GiB / 15.62GiB
15:48:00,courseregistrationplatform-backend_2-1,89.54%,151.4MiB / 15.62GiB
15:48:00,courseregistrationplatform-backend_1-1,86.51%,157.1MiB / 15.62GiB
15:48:00,courseregistrationplatform-nginx-1,38.97%,105.7MiB / 15.62GiB
15:48:00,courseregistrationplatform-backend_4-1,90.03%,125.1MiB / 15.62GiB
15:48:00,courseregistrationplatform-backend_3-1,86.30%,150.4MiB / 15.62GiB
15:48:00,courseregistrationplatform-db-1,2.59%,397.7MiB / 15.62GiB
15:48:00,courseregistrationplatform-frontend-1,0.00%,46.87MiB / 15.62GiB
15:48:00,courseregistrationplatform-worker_1-1,0.65%,34.55MiB / 15.62GiB
15:48:00,courseregistrationplatform-worker_2-1,0.68%,33.96MiB / 15.62GiB
15:48:00,courseregistrationplatform-ai-server-1,0.19%,123.2MiB / 15.62GiB
15:48:00,courseregistrationplatform-rabbitmq-1,1.32%,168.5MiB / 15.62GiB
15:48:00,courseregistrationplatform-redis-1,16.48%,11.44MiB / 15.62GiB
15:48:00,courseregistrationplatform-grafana-1,0.05%,70.83MiB / 15.62GiB
15:48:00,courseregistrationplatform-prometheus-1,0.08%,69.13MiB / 15.62GiB
15:48:00,sugang-control-plane,13.20%,777.4MiB / 15.62GiB
15:48:00,sugang-worker,4.62%,1.211GiB / 15.62GiB
15:48:00,sugang-worker2,5.78%,1.473GiB / 15.62GiB
15:48:00,biostream_api,7.66%,219MiB / 15.62GiB
15:48:00,biostream_mcp,0.00%,0B / 0B
15:48:00,biostream_qdrant,0.31%,162.9MiB / 15.62GiB
15:48:00,biostream_db,0.00%,35.56MiB / 15.62GiB
15:48:07,courseregistrationplatform-k6-run-55d215337951,135.50%,3.092GiB / 15.62GiB
15:48:07,courseregistrationplatform-backend_2-1,87.70%,171.6MiB / 15.62GiB
15:48:07,courseregistrationplatform-backend_1-1,91.48%,164.3MiB / 15.62GiB
15:48:07,courseregistrationplatform-nginx-1,28.85%,163.4MiB / 15.62GiB
15:48:07,courseregistrationplatform-backend_4-1,89.77%,135.3MiB / 15.62GiB
15:48:07,courseregistrationplatform-backend_3-1,54.06%,147.8MiB / 15.62GiB
15:48:07,courseregistrationplatform-db-1,2.38%,397.7MiB / 15.62GiB
15:48:07,courseregistrationplatform-frontend-1,0.00%,46.87MiB / 15.62GiB
15:48:07,courseregistrationplatform-worker_1-1,0.23%,34.95MiB / 15.62GiB
15:48:07,courseregistrationplatform-worker_2-1,0.22%,34.72MiB / 15.62GiB
15:48:07,courseregistrationplatform-ai-server-1,0.24%,123.2MiB / 15.62GiB
15:48:07,courseregistrationplatform-rabbitmq-1,0.74%,168.3MiB / 15.62GiB
15:48:07,courseregistrationplatform-redis-1,16.26%,11.66MiB / 15.62GiB
15:48:07,courseregistrationplatform-grafana-1,0.16%,70.83MiB / 15.62GiB
15:48:07,courseregistrationplatform-prometheus-1,0.22%,68.89MiB / 15.62GiB
15:48:07,sugang-control-plane,14.04%,777.3MiB / 15.62GiB
15:48:07,sugang-worker,5.97%,1.211GiB / 15.62GiB
15:48:07,sugang-worker2,2.72%,1.473GiB / 15.62GiB
15:48:07,biostream_api,7.51%,219.2MiB / 15.62GiB
15:48:07,biostream_mcp,0.00%,0B / 0B
15:48:07,biostream_qdrant,0.15%,162.9MiB / 15.62GiB
15:48:07,biostream_db,0.00%,35.56MiB / 15.62GiB
15:48:15,courseregistrationplatform-k6-run-55d215337951,156.38%,3.092GiB / 15.62GiB
15:48:15,courseregistrationplatform-backend_2-1,86.33%,132.1MiB / 15.62GiB
15:48:15,courseregistrationplatform-backend_1-1,86.82%,162.9MiB / 15.62GiB
15:48:15,courseregistrationplatform-nginx-1,42.49%,116.7MiB / 15.62GiB
15:48:15,courseregistrationplatform-backend_4-1,85.06%,141.7MiB / 15.62GiB
15:48:15,courseregistrationplatform-backend_3-1,88.32%,136.7MiB / 15.62GiB
15:48:15,courseregistrationplatform-db-1,7.32%,397.8MiB / 15.62GiB
15:48:15,courseregistrationplatform-frontend-1,0.00%,46.87MiB / 15.62GiB
15:48:15,courseregistrationplatform-worker_1-1,0.87%,34.96MiB / 15.62GiB
15:48:15,courseregistrationplatform-worker_2-1,0.87%,34.04MiB / 15.62GiB
15:48:15,courseregistrationplatform-ai-server-1,0.26%,123.2MiB / 15.62GiB
15:48:15,courseregistrationplatform-rabbitmq-1,1.34%,168.1MiB / 15.62GiB
15:48:15,courseregistrationplatform-redis-1,16.12%,10.7MiB / 15.62GiB
15:48:15,courseregistrationplatform-grafana-1,0.36%,70.83MiB / 15.62GiB
15:48:15,courseregistrationplatform-prometheus-1,0.09%,68.89MiB / 15.62GiB
15:48:15,sugang-control-plane,13.17%,781.2MiB / 15.62GiB
15:48:15,sugang-worker,9.27%,1.219GiB / 15.62GiB
15:48:15,sugang-worker2,7.70%,1.473GiB / 15.62GiB
15:48:15,biostream_api,4.70%,218.7MiB / 15.62GiB
15:48:15,biostream_mcp,0.00%,0B / 0B
15:48:15,biostream_qdrant,0.22%,162.9MiB / 15.62GiB
15:48:15,biostream_db,0.00%,35.56MiB / 15.62GiB
15:48:22,courseregistrationplatform-k6-run-55d215337951,374.02%,3.092GiB / 15.62GiB
15:48:22,courseregistrationplatform-backend_2-1,43.95%,126.6MiB / 15.62GiB
15:48:22,courseregistrationplatform-backend_1-1,52.05%,160MiB / 15.62GiB
15:48:22,courseregistrationplatform-nginx-1,19.30%,156.3MiB / 15.62GiB
15:48:22,courseregistrationplatform-backend_4-1,53.69%,143.1MiB / 15.62GiB
15:48:22,courseregistrationplatform-backend_3-1,85.20%,169.6MiB / 15.62GiB
15:48:22,courseregistrationplatform-db-1,6.01%,397.8MiB / 15.62GiB
15:48:22,courseregistrationplatform-frontend-1,0.00%,46.87MiB / 15.62GiB
15:48:22,courseregistrationplatform-worker_1-1,2.19%,34.65MiB / 15.62GiB
15:48:22,courseregistrationplatform-worker_2-1,1.18%,34.66MiB / 15.62GiB
15:48:22,courseregistrationplatform-ai-server-1,0.23%,123.2MiB / 15.62GiB
15:48:22,courseregistrationplatform-rabbitmq-1,3.07%,168.3MiB / 15.62GiB
15:48:22,courseregistrationplatform-redis-1,11.91%,10.95MiB / 15.62GiB
15:48:22,courseregistrationplatform-grafana-1,0.05%,70.83MiB / 15.62GiB
15:48:22,courseregistrationplatform-prometheus-1,0.24%,68.9MiB / 15.62GiB
15:48:22,sugang-control-plane,15.30%,780.9MiB / 15.62GiB
15:48:22,sugang-worker,3.29%,1.219GiB / 15.62GiB
15:48:22,sugang-worker2,4.24%,1.473GiB / 15.62GiB
15:48:22,biostream_api,8.32%,219.2MiB / 15.62GiB
15:48:22,biostream_mcp,0.00%,0B / 0B
15:48:22,biostream_qdrant,0.14%,162.9MiB / 15.62GiB
15:48:22,biostream_db,0.00%,35.56MiB / 15.62GiB
15:48:31,courseregistrationplatform-k6-run-55d215337951,138.45%,3.016GiB / 15.62GiB
15:48:31,courseregistrationplatform-backend_2-1,80.43%,150.8MiB / 15.62GiB
15:48:31,courseregistrationplatform-backend_1-1,82.66%,106.6MiB / 15.62GiB
15:48:31,courseregistrationplatform-nginx-1,46.06%,129.8MiB / 15.62GiB
15:48:31,courseregistrationplatform-backend_4-1,81.02%,127MiB / 15.62GiB
15:48:31,courseregistrationplatform-backend_3-1,74.84%,220.5MiB / 15.62GiB
15:48:31,courseregistrationplatform-db-1,4.54%,398.3MiB / 15.62GiB
15:48:31,courseregistrationplatform-frontend-1,0.00%,46.87MiB / 15.62GiB
15:48:31,courseregistrationplatform-worker_1-1,2.37%,35.46MiB / 15.62GiB
15:48:31,courseregistrationplatform-worker_2-1,2.17%,35.08MiB / 15.62GiB
15:48:31,courseregistrationplatform-ai-server-1,0.22%,123.2MiB / 15.62GiB
15:48:31,courseregistrationplatform-rabbitmq-1,2.23%,168.1MiB / 15.62GiB
15:48:31,courseregistrationplatform-redis-1,13.40%,10.94MiB / 15.62GiB
15:48:31,courseregistrationplatform-grafana-1,0.08%,70.83MiB / 15.62GiB
15:48:31,courseregistrationplatform-prometheus-1,0.00%,68.9MiB / 15.62GiB
15:48:31,sugang-control-plane,14.02%,781.2MiB / 15.62GiB
15:48:31,sugang-worker,15.87%,1.218GiB / 15.62GiB
15:48:31,sugang-worker2,8.87%,1.473GiB / 15.62GiB
15:48:31,biostream_api,7.42%,219.2MiB / 15.62GiB
15:48:31,biostream_mcp,0.00%,0B / 0B
15:48:31,biostream_qdrant,0.13%,162.9MiB / 15.62GiB
15:48:31,biostream_db,4.10%,35.56MiB / 15.62GiB
15:48:38,courseregistrationplatform-k6-run-55d215337951,136.87%,3.016GiB / 15.62GiB
15:48:38,courseregistrationplatform-backend_2-1,89.78%,135.7MiB / 15.62GiB
15:48:38,courseregistrationplatform-backend_1-1,85.89%,110.1MiB / 15.62GiB
15:48:38,courseregistrationplatform-nginx-1,36.37%,113.9MiB / 15.62GiB
15:48:38,courseregistrationplatform-backend_4-1,88.45%,125.2MiB / 15.62GiB
15:48:38,courseregistrationplatform-backend_3-1,88.74%,164.9MiB / 15.62GiB
15:48:38,courseregistrationplatform-db-1,3.79%,397.9MiB / 15.62GiB
15:48:38,courseregistrationplatform-frontend-1,0.00%,46.87MiB / 15.62GiB
15:48:38,courseregistrationplatform-worker_1-1,1.94%,34.5MiB / 15.62GiB
15:48:38,courseregistrationplatform-worker_2-1,1.45%,34.04MiB / 15.62GiB
15:48:38,courseregistrationplatform-ai-server-1,0.20%,123.2MiB / 15.62GiB
15:48:38,courseregistrationplatform-rabbitmq-1,1.80%,167.8MiB / 15.62GiB
15:48:38,courseregistrationplatform-redis-1,16.17%,11.16MiB / 15.62GiB
15:48:38,courseregistrationplatform-grafana-1,0.13%,70.83MiB / 15.62GiB
15:48:38,courseregistrationplatform-prometheus-1,0.14%,68.9MiB / 15.62GiB
15:48:38,sugang-control-plane,13.04%,781.2MiB / 15.62GiB
15:48:38,sugang-worker,3.04%,1.217GiB / 15.62GiB
15:48:38,sugang-worker2,4.87%,1.473GiB / 15.62GiB
15:48:38,biostream_api,7.14%,219.2MiB / 15.62GiB
15:48:38,biostream_mcp,0.00%,0B / 0B
15:48:38,biostream_qdrant,0.17%,162.9MiB / 15.62GiB
15:48:38,biostream_db,0.00%,35.56MiB / 15.62GiB
15:48:46,courseregistrationplatform-k6-run-55d215337951,143.49%,3.078GiB / 15.62GiB
15:48:46,courseregistrationplatform-backend_2-1,81.74%,138.8MiB / 15.62GiB
15:48:46,courseregistrationplatform-backend_1-1,87.49%,150.3MiB / 15.62GiB
15:48:46,courseregistrationplatform-nginx-1,40.80%,121.1MiB / 15.62GiB
15:48:46,courseregistrationplatform-backend_4-1,85.75%,130MiB / 15.62GiB
15:48:46,courseregistrationplatform-backend_3-1,87.24%,166.3MiB / 15.62GiB
15:48:46,courseregistrationplatform-db-1,2.12%,397.9MiB / 15.62GiB
15:48:46,courseregistrationplatform-frontend-1,0.00%,46.87MiB / 15.62GiB
15:48:46,courseregistrationplatform-worker_1-1,0.83%,34.59MiB / 15.62GiB
15:48:46,courseregistrationplatform-worker_2-1,0.56%,33.96MiB / 15.62GiB
15:48:46,courseregistrationplatform-ai-server-1,0.26%,123.2MiB / 15.62GiB
15:48:46,courseregistrationplatform-rabbitmq-1,0.99%,167.6MiB / 15.62GiB
15:48:46,courseregistrationplatform-redis-1,16.23%,11.18MiB / 15.62GiB
15:48:46,courseregistrationplatform-grafana-1,0.17%,70.84MiB / 15.62GiB
15:48:46,courseregistrationplatform-prometheus-1,0.16%,68.9MiB / 15.62GiB
15:48:46,sugang-control-plane,12.98%,781.8MiB / 15.62GiB
15:48:46,sugang-worker,3.68%,1.217GiB / 15.62GiB
15:48:46,sugang-worker2,4.08%,1.472GiB / 15.62GiB
15:48:46,biostream_api,7.01%,218.9MiB / 15.62GiB
15:48:46,biostream_mcp,0.00%,0B / 0B
15:48:46,biostream_qdrant,3.47%,162.9MiB / 15.62GiB
15:48:46,biostream_db,0.01%,35.56MiB / 15.62GiB
15:48:53,courseregistrationplatform-k6-run-55d215337951,126.50%,3.078GiB / 15.62GiB
15:48:53,courseregistrationplatform-backend_2-1,85.00%,141.5MiB / 15.62GiB
15:48:53,courseregistrationplatform-backend_1-1,77.05%,126.1MiB / 15.62GiB
15:48:53,courseregistrationplatform-nginx-1,36.72%,108MiB / 15.62GiB
15:48:53,courseregistrationplatform-backend_4-1,84.73%,149.3MiB / 15.62GiB
15:48:53,courseregistrationplatform-backend_3-1,79.71%,149.9MiB / 15.62GiB
15:48:53,courseregistrationplatform-db-1,3.87%,397.9MiB / 15.62GiB
15:48:53,courseregistrationplatform-frontend-1,0.00%,46.87MiB / 15.62GiB
15:48:53,courseregistrationplatform-worker_1-1,1.58%,34.43MiB / 15.62GiB
15:48:53,courseregistrationplatform-worker_2-1,1.61%,33.89MiB / 15.62GiB
15:48:53,courseregistrationplatform-ai-server-1,0.23%,123.2MiB / 15.62GiB
15:48:53,courseregistrationplatform-rabbitmq-1,2.07%,167.9MiB / 15.62GiB
15:48:53,courseregistrationplatform-redis-1,14.13%,10.94MiB / 15.62GiB
15:48:53,courseregistrationplatform-grafana-1,0.07%,70.84MiB / 15.62GiB
15:48:53,courseregistrationplatform-prometheus-1,0.08%,68.93MiB / 15.62GiB
15:48:53,sugang-control-plane,14.69%,781.8MiB / 15.62GiB
15:48:53,sugang-worker,2.87%,1.217GiB / 15.62GiB
15:48:53,sugang-worker2,4.34%,1.473GiB / 15.62GiB
15:48:53,biostream_api,6.85%,219MiB / 15.62GiB
15:48:53,biostream_mcp,0.00%,0B / 0B
15:48:53,biostream_qdrant,0.15%,162.9MiB / 15.62GiB
15:48:53,biostream_db,0.00%,35.56MiB / 15.62GiB
15:49:00,courseregistrationplatform-k6-run-55d215337951,139.58%,3.014GiB / 15.62GiB
15:49:00,courseregistrationplatform-backend_2-1,90.60%,134.8MiB / 15.62GiB
15:49:00,courseregistrationplatform-backend_1-1,80.88%,125.1MiB / 15.62GiB
15:49:00,courseregistrationplatform-nginx-1,33.09%,109.3MiB / 15.62GiB
15:49:00,courseregistrationplatform-backend_4-1,84.61%,127.4MiB / 15.62GiB
15:49:00,courseregistrationplatform-backend_3-1,83.70%,150.4MiB / 15.62GiB
15:49:00,courseregistrationplatform-db-1,4.47%,398.1MiB / 15.62GiB
15:49:00,courseregistrationplatform-frontend-1,0.00%,46.87MiB / 15.62GiB
15:49:00,courseregistrationplatform-worker_1-1,1.44%,34.57MiB / 15.62GiB
15:49:00,courseregistrationplatform-worker_2-1,1.74%,34.64MiB / 15.62GiB
15:49:00,courseregistrationplatform-ai-server-1,0.22%,123.2MiB / 15.62GiB
15:49:00,courseregistrationplatform-rabbitmq-1,1.75%,167.9MiB / 15.62GiB
15:49:00,courseregistrationplatform-redis-1,16.06%,11.18MiB / 15.62GiB
15:49:00,courseregistrationplatform-grafana-1,0.07%,70.84MiB / 15.62GiB
15:49:00,courseregistrationplatform-prometheus-1,0.11%,68.93MiB / 15.62GiB
15:49:00,sugang-control-plane,12.31%,780MiB / 15.62GiB
15:49:00,sugang-worker,9.35%,1.218GiB / 15.62GiB
15:49:00,sugang-worker2,12.11%,1.48GiB / 15.62GiB
15:49:00,biostream_api,6.83%,219.2MiB / 15.62GiB
15:49:00,biostream_mcp,0.00%,0B / 0B
15:49:00,biostream_qdrant,0.14%,162.9MiB / 15.62GiB
15:49:00,biostream_db,0.00%,35.56MiB / 15.62GiB
15:49:08,courseregistrationplatform-k6-run-55d215337951,156.60%,3.013GiB / 15.62GiB
15:49:08,courseregistrationplatform-backend_2-1,86.63%,130.5MiB / 15.62GiB
15:49:08,courseregistrationplatform-backend_1-1,83.60%,128.4MiB / 15.62GiB
15:49:08,courseregistrationplatform-nginx-1,35.14%,102.9MiB / 15.62GiB
15:49:08,courseregistrationplatform-backend_4-1,88.92%,136.1MiB / 15.62GiB
15:49:08,courseregistrationplatform-backend_3-1,83.24%,149.5MiB / 15.62GiB
15:49:08,courseregistrationplatform-db-1,4.64%,398.4MiB / 15.62GiB
15:49:08,courseregistrationplatform-frontend-1,0.00%,46.87MiB / 15.62GiB
15:49:08,courseregistrationplatform-worker_1-1,1.70%,35.26MiB / 15.62GiB
15:49:08,courseregistrationplatform-worker_2-1,1.97%,34.25MiB / 15.62GiB
15:49:08,courseregistrationplatform-ai-server-1,0.18%,123.2MiB / 15.62GiB
15:49:08,courseregistrationplatform-rabbitmq-1,1.98%,167.7MiB / 15.62GiB
15:49:08,courseregistrationplatform-redis-1,16.05%,10.95MiB / 15.62GiB
15:49:08,courseregistrationplatform-grafana-1,0.14%,70.84MiB / 15.62GiB
15:49:08,courseregistrationplatform-prometheus-1,0.13%,68.93MiB / 15.62GiB
15:49:08,sugang-control-plane,14.39%,780.4MiB / 15.62GiB
15:49:08,sugang-worker,4.85%,1.218GiB / 15.62GiB
15:49:08,sugang-worker2,3.42%,1.48GiB / 15.62GiB
15:49:08,biostream_api,7.35%,219MiB / 15.62GiB
15:49:08,biostream_mcp,0.00%,0B / 0B
15:49:08,biostream_qdrant,0.13%,162.9MiB / 15.62GiB
15:49:08,biostream_db,0.00%,35.56MiB / 15.62GiB
15:49:15,courseregistrationplatform-k6-run-55d215337951,137.78%,3.013GiB / 15.62GiB
15:49:15,courseregistrationplatform-backend_2-1,85.89%,126.6MiB / 15.62GiB
15:49:15,courseregistrationplatform-backend_1-1,82.37%,130MiB / 15.62GiB
15:49:15,courseregistrationplatform-nginx-1,34.77%,99.53MiB / 15.62GiB
15:49:15,courseregistrationplatform-backend_4-1,85.67%,128.4MiB / 15.62GiB
15:49:15,courseregistrationplatform-backend_3-1,83.89%,146.8MiB / 15.62GiB
15:49:15,courseregistrationplatform-db-1,8.99%,397.9MiB / 15.62GiB
15:49:15,courseregistrationplatform-frontend-1,0.00%,46.87MiB / 15.62GiB
15:49:15,courseregistrationplatform-worker_1-1,1.62%,34.96MiB / 15.62GiB
15:49:15,courseregistrationplatform-worker_2-1,1.61%,34.3MiB / 15.62GiB
15:49:15,courseregistrationplatform-ai-server-1,0.23%,123.2MiB / 15.62GiB
15:49:15,courseregistrationplatform-rabbitmq-1,2.11%,167.5MiB / 15.62GiB
15:49:15,courseregistrationplatform-redis-1,15.44%,10.96MiB / 15.62GiB
15:49:15,courseregistrationplatform-grafana-1,0.13%,70.84MiB / 15.62GiB
15:49:15,courseregistrationplatform-prometheus-1,0.09%,68.93MiB / 15.62GiB
15:49:15,sugang-control-plane,18.44%,781.4MiB / 15.62GiB
15:49:15,sugang-worker,9.36%,1.218GiB / 15.62GiB
15:49:15,sugang-worker2,9.39%,1.48GiB / 15.62GiB
15:49:15,biostream_api,5.80%,219.2MiB / 15.62GiB
15:49:15,biostream_mcp,0.00%,0B / 0B
15:49:15,biostream_qdrant,0.16%,162.9MiB / 15.62GiB
15:49:15,biostream_db,0.00%,35.56MiB / 15.62GiB
15:49:23,courseregistrationplatform-k6-run-55d215337951,156.02%,3.013GiB / 15.62GiB
15:49:23,courseregistrationplatform-backend_2-1,88.78%,126.9MiB / 15.62GiB
15:49:23,courseregistrationplatform-backend_1-1,93.19%,133.3MiB / 15.62GiB
15:49:23,courseregistrationplatform-nginx-1,36.60%,99.34MiB / 15.62GiB
15:49:23,courseregistrationplatform-backend_4-1,83.79%,144.9MiB / 15.62GiB
15:49:23,courseregistrationplatform-backend_3-1,86.49%,145.2MiB / 15.62GiB
15:49:23,courseregistrationplatform-db-1,2.94%,397.9MiB / 15.62GiB
15:49:23,courseregistrationplatform-frontend-1,0.00%,46.87MiB / 15.62GiB
15:49:23,courseregistrationplatform-worker_1-1,0.68%,34.68MiB / 15.62GiB
15:49:23,courseregistrationplatform-worker_2-1,0.63%,33.91MiB / 15.62GiB
15:49:23,courseregistrationplatform-ai-server-1,0.21%,123.2MiB / 15.62GiB
15:49:23,courseregistrationplatform-rabbitmq-1,0.98%,167.5MiB / 15.62GiB
15:49:23,courseregistrationplatform-redis-1,15.77%,10.95MiB / 15.62GiB
15:49:23,courseregistrationplatform-grafana-1,0.07%,70.84MiB / 15.62GiB
15:49:23,courseregistrationplatform-prometheus-1,0.16%,68.93MiB / 15.62GiB
15:49:23,sugang-control-plane,8.53%,782.6MiB / 15.62GiB
15:49:23,sugang-worker,3.04%,1.218GiB / 15.62GiB
15:49:23,sugang-worker2,4.78%,1.481GiB / 15.62GiB
15:49:23,biostream_api,7.08%,219.2MiB / 15.62GiB
15:49:23,biostream_mcp,0.00%,0B / 0B
15:49:23,biostream_qdrant,0.14%,162.8MiB / 15.62GiB
15:49:23,biostream_db,0.00%,35.56MiB / 15.62GiB
15:49:30,courseregistrationplatform-k6-run-55d215337951,141.09%,3.013GiB / 15.62GiB
15:49:30,courseregistrationplatform-backend_2-1,82.90%,130MiB / 15.62GiB
15:49:30,courseregistrationplatform-backend_1-1,81.81%,133.8MiB / 15.62GiB
15:49:30,courseregistrationplatform-nginx-1,37.00%,97.98MiB / 15.62GiB
15:49:30,courseregistrationplatform-backend_4-1,82.63%,126.7MiB / 15.62GiB
15:49:30,courseregistrationplatform-backend_3-1,84.83%,141.2MiB / 15.62GiB
15:49:30,courseregistrationplatform-db-1,4.20%,397.9MiB / 15.62GiB
15:49:30,courseregistrationplatform-frontend-1,0.00%,46.87MiB / 15.62GiB
15:49:30,courseregistrationplatform-worker_1-1,1.17%,35.1MiB / 15.62GiB
15:49:30,courseregistrationplatform-worker_2-1,1.08%,34.65MiB / 15.62GiB
15:49:30,courseregistrationplatform-ai-server-1,0.24%,123.2MiB / 15.62GiB
15:49:30,courseregistrationplatform-rabbitmq-1,1.73%,167.7MiB / 15.62GiB
15:49:30,courseregistrationplatform-redis-1,14.78%,11.2MiB / 15.62GiB
15:49:30,courseregistrationplatform-grafana-1,0.09%,70.84MiB / 15.62GiB
15:49:30,courseregistrationplatform-prometheus-1,0.12%,68.93MiB / 15.62GiB
15:49:30,sugang-control-plane,13.88%,782.7MiB / 15.62GiB
15:49:30,sugang-worker,8.15%,1.218GiB / 15.62GiB
15:49:30,sugang-worker2,10.88%,1.482GiB / 15.62GiB
15:49:30,biostream_api,6.94%,218.7MiB / 15.62GiB
15:49:30,biostream_mcp,0.00%,0B / 0B
15:49:30,biostream_qdrant,0.12%,162.9MiB / 15.62GiB
15:49:30,biostream_db,0.00%,35.56MiB / 15.62GiB
15:49:38,courseregistrationplatform-k6-run-55d215337951,152.10%,3.013GiB / 15.62GiB
15:49:38,courseregistrationplatform-backend_2-1,89.89%,133MiB / 15.62GiB
15:49:38,courseregistrationplatform-backend_1-1,84.51%,135.1MiB / 15.62GiB
15:49:38,courseregistrationplatform-nginx-1,35.49%,99.8MiB / 15.62GiB
15:49:38,courseregistrationplatform-backend_4-1,87.99%,133.9MiB / 15.62GiB
15:49:38,courseregistrationplatform-backend_3-1,84.08%,141.1MiB / 15.62GiB
15:49:38,courseregistrationplatform-db-1,5.32%,397.9MiB / 15.62GiB
15:49:38,courseregistrationplatform-frontend-1,0.00%,46.87MiB / 15.62GiB
15:49:38,courseregistrationplatform-worker_1-1,1.59%,34.7MiB / 15.62GiB
15:49:38,courseregistrationplatform-worker_2-1,1.83%,34.22MiB / 15.62GiB
15:49:38,courseregistrationplatform-ai-server-1,0.20%,123.2MiB / 15.62GiB
15:49:38,courseregistrationplatform-rabbitmq-1,1.80%,167.9MiB / 15.62GiB
15:49:38,courseregistrationplatform-redis-1,15.15%,10.95MiB / 15.62GiB
15:49:38,courseregistrationplatform-grafana-1,0.16%,70.84MiB / 15.62GiB
15:49:38,courseregistrationplatform-prometheus-1,0.13%,68.93MiB / 15.62GiB
15:49:38,sugang-control-plane,13.53%,783.9MiB / 15.62GiB
15:49:38,sugang-worker,3.15%,1.222GiB / 15.62GiB
15:49:38,sugang-worker2,2.85%,1.48GiB / 15.62GiB
15:49:38,biostream_api,5.27%,218.7MiB / 15.62GiB
15:49:38,biostream_mcp,0.00%,0B / 0B
15:49:38,biostream_qdrant,0.13%,162.9MiB / 15.62GiB
15:49:38,biostream_db,4.23%,35.56MiB / 15.62GiB
15:49:45,courseregistrationplatform-k6-run-55d215337951,125.39%,3.013GiB / 15.62GiB
15:49:45,courseregistrationplatform-backend_2-1,75.31%,133.7MiB / 15.62GiB
15:49:45,courseregistrationplatform-backend_1-1,78.33%,131.6MiB / 15.62GiB
15:49:45,courseregistrationplatform-nginx-1,34.27%,103.7MiB / 15.62GiB
15:49:45,courseregistrationplatform-backend_4-1,80.57%,128.3MiB / 15.62GiB
15:49:45,courseregistrationplatform-backend_3-1,73.20%,143MiB / 15.62GiB
15:49:45,courseregistrationplatform-db-1,8.66%,398.2MiB / 15.62GiB
15:49:45,courseregistrationplatform-frontend-1,0.00%,46.87MiB / 15.62GiB
15:49:45,courseregistrationplatform-worker_1-1,1.77%,34.6MiB / 15.62GiB
15:49:45,courseregistrationplatform-worker_2-1,1.51%,34.02MiB / 15.62GiB
15:49:45,courseregistrationplatform-ai-server-1,0.23%,123.2MiB / 15.62GiB
15:49:45,courseregistrationplatform-rabbitmq-1,2.14%,168.1MiB / 15.62GiB
15:49:45,courseregistrationplatform-redis-1,14.09%,11.46MiB / 15.62GiB
15:49:45,courseregistrationplatform-grafana-1,0.98%,70.84MiB / 15.62GiB
15:49:45,courseregistrationplatform-prometheus-1,0.06%,68.93MiB / 15.62GiB
15:49:45,sugang-control-plane,12.62%,785.2MiB / 15.62GiB
15:49:45,sugang-worker,11.74%,1.223GiB / 15.62GiB
15:49:45,sugang-worker2,10.73%,1.48GiB / 15.62GiB
15:49:45,biostream_api,6.88%,219MiB / 15.62GiB
15:49:45,biostream_mcp,0.00%,0B / 0B
15:49:45,biostream_qdrant,0.11%,162.9MiB / 15.62GiB
15:49:45,biostream_db,0.00%,35.56MiB / 15.62GiB
15:49:52,courseregistrationplatform-k6-run-55d215337951,155.22%,3.012GiB / 15.62GiB
15:49:52,courseregistrationplatform-backend_2-1,75.45%,140.2MiB / 15.62GiB
15:49:52,courseregistrationplatform-backend_1-1,80.62%,135.7MiB / 15.62GiB
15:49:52,courseregistrationplatform-nginx-1,36.88%,96.86MiB / 15.62GiB
15:49:52,courseregistrationplatform-backend_4-1,82.39%,143MiB / 15.62GiB
15:49:52,courseregistrationplatform-backend_3-1,77.47%,139.2MiB / 15.62GiB
15:49:52,courseregistrationplatform-db-1,4.79%,398MiB / 15.62GiB
15:49:52,courseregistrationplatform-frontend-1,0.00%,46.87MiB / 15.62GiB
15:49:52,courseregistrationplatform-worker_1-1,1.77%,34.62MiB / 15.62GiB
15:49:52,courseregistrationplatform-worker_2-1,1.42%,34.76MiB / 15.62GiB
15:49:52,courseregistrationplatform-ai-server-1,0.20%,123.2MiB / 15.62GiB
15:49:52,courseregistrationplatform-rabbitmq-1,1.77%,167.6MiB / 15.62GiB
15:49:52,courseregistrationplatform-redis-1,14.25%,11.21MiB / 15.62GiB
15:49:52,courseregistrationplatform-grafana-1,0.07%,70.84MiB / 15.62GiB
15:49:52,courseregistrationplatform-prometheus-1,0.25%,69.21MiB / 15.62GiB
15:49:52,sugang-control-plane,10.96%,782.8MiB / 15.62GiB
15:49:52,sugang-worker,4.35%,1.223GiB / 15.62GiB
15:49:52,sugang-worker2,3.07%,1.488GiB / 15.62GiB
15:49:52,biostream_api,7.90%,219.2MiB / 15.62GiB
15:49:52,biostream_mcp,0.00%,0B / 0B
15:49:52,biostream_qdrant,0.16%,162.9MiB / 15.62GiB
15:49:52,biostream_db,3.41%,35.56MiB / 15.62GiB
15:50:00,courseregistrationplatform-k6-run-55d215337951,132.41%,3.012GiB / 15.62GiB
15:50:00,courseregistrationplatform-backend_2-1,86.28%,127.8MiB / 15.62GiB
15:50:00,courseregistrationplatform-backend_1-1,80.11%,148.8MiB / 15.62GiB
15:50:00,courseregistrationplatform-nginx-1,32.01%,97.24MiB / 15.62GiB
15:50:00,courseregistrationplatform-backend_4-1,77.03%,129.5MiB / 15.62GiB
15:50:00,courseregistrationplatform-backend_3-1,87.57%,139.3MiB / 15.62GiB
15:50:00,courseregistrationplatform-db-1,3.75%,398.2MiB / 15.62GiB
15:50:00,courseregistrationplatform-frontend-1,0.00%,46.87MiB / 15.62GiB
15:50:00,courseregistrationplatform-worker_1-1,1.11%,35.13MiB / 15.62GiB
15:50:00,courseregistrationplatform-worker_2-1,1.39%,34.52MiB / 15.62GiB
15:50:00,courseregistrationplatform-ai-server-1,0.22%,123.2MiB / 15.62GiB
15:50:00,courseregistrationplatform-rabbitmq-1,1.57%,168.1MiB / 15.62GiB
15:50:00,courseregistrationplatform-redis-1,14.15%,11.44MiB / 15.62GiB
15:50:00,courseregistrationplatform-grafana-1,0.08%,70.84MiB / 15.62GiB
15:50:00,courseregistrationplatform-prometheus-1,0.09%,68.96MiB / 15.62GiB
15:50:00,sugang-control-plane,14.54%,782.2MiB / 15.62GiB
15:50:00,sugang-worker,5.40%,1.223GiB / 15.62GiB
15:50:00,sugang-worker2,5.04%,1.489GiB / 15.62GiB
15:50:00,biostream_api,5.45%,219MiB / 15.62GiB
15:50:00,biostream_qdrant,0.22%,162.9MiB / 15.62GiB
15:50:00,biostream_db,0.00%,35.56MiB / 15.62GiB
15:50:07,courseregistrationplatform-k6-run-55d215337951,150.34%,3.011GiB / 15.62GiB
15:50:07,courseregistrationplatform-backend_2-1,91.24%,130MiB / 15.62GiB
15:50:07,courseregistrationplatform-backend_1-1,87.84%,132MiB / 15.62GiB
15:50:07,courseregistrationplatform-nginx-1,36.99%,103.7MiB / 15.62GiB
15:50:07,courseregistrationplatform-backend_4-1,88.26%,130.4MiB / 15.62GiB
15:50:07,courseregistrationplatform-backend_3-1,91.17%,140.3MiB / 15.62GiB
15:50:07,courseregistrationplatform-db-1,3.95%,398MiB / 15.62GiB
15:50:07,courseregistrationplatform-frontend-1,0.00%,46.87MiB / 15.62GiB
15:50:07,courseregistrationplatform-worker_1-1,1.28%,34.35MiB / 15.62GiB
15:50:07,courseregistrationplatform-worker_2-1,1.48%,34.8MiB / 15.62GiB
15:50:07,courseregistrationplatform-ai-server-1,0.22%,123.2MiB / 15.62GiB
15:50:07,courseregistrationplatform-rabbitmq-1,1.72%,167.9MiB / 15.62GiB
15:50:07,courseregistrationplatform-redis-1,16.36%,11.21MiB / 15.62GiB
15:50:07,courseregistrationplatform-grafana-1,0.05%,70.84MiB / 15.62GiB
15:50:07,courseregistrationplatform-prometheus-1,0.16%,68.96MiB / 15.62GiB
15:50:07,sugang-control-plane,16.11%,783.4MiB / 15.62GiB
15:50:07,sugang-worker,3.91%,1.223GiB / 15.62GiB
15:50:07,sugang-worker2,3.99%,1.488GiB / 15.62GiB
15:50:07,biostream_api,7.56%,219MiB / 15.62GiB
15:50:07,biostream_mcp,0.00%,0B / 0B
15:50:07,biostream_qdrant,0.12%,162.9MiB / 15.62GiB
15:50:07,biostream_db,0.00%,35.56MiB / 15.62GiB
15:50:15,courseregistrationplatform-k6-run-55d215337951,148.79%,3.012GiB / 15.62GiB
15:50:15,courseregistrationplatform-backend_2-1,77.00%,137.1MiB / 15.62GiB
15:50:15,courseregistrationplatform-backend_1-1,79.04%,136.7MiB / 15.62GiB
15:50:15,courseregistrationplatform-nginx-1,38.56%,95.77MiB / 15.62GiB
15:50:15,courseregistrationplatform-backend_4-1,84.17%,126.1MiB / 15.62GiB
15:50:15,courseregistrationplatform-backend_3-1,77.83%,139.6MiB / 15.62GiB
15:50:15,courseregistrationplatform-db-1,3.09%,398.2MiB / 15.62GiB
15:50:15,courseregistrationplatform-frontend-1,0.00%,46.87MiB / 15.62GiB
15:50:15,courseregistrationplatform-worker_1-1,0.63%,34.63MiB / 15.62GiB
15:50:15,courseregistrationplatform-worker_2-1,0.51%,35.11MiB / 15.62GiB
15:50:15,courseregistrationplatform-ai-server-1,0.23%,123.2MiB / 15.62GiB
15:50:15,courseregistrationplatform-rabbitmq-1,1.30%,167.9MiB / 15.62GiB
15:50:15,courseregistrationplatform-redis-1,13.79%,10.96MiB / 15.62GiB
15:50:15,courseregistrationplatform-grafana-1,0.52%,70.84MiB / 15.62GiB
15:50:15,courseregistrationplatform-prometheus-1,0.17%,68.97MiB / 15.62GiB
15:50:15,sugang-control-plane,10.79%,783.4MiB / 15.62GiB
15:50:15,sugang-worker,5.79%,1.223GiB / 15.62GiB
15:50:15,sugang-worker2,4.14%,1.489GiB / 15.62GiB
15:50:15,biostream_api,7.24%,219.2MiB / 15.62GiB
15:50:15,biostream_mcp,0.00%,0B / 0B
15:50:15,biostream_qdrant,0.32%,162.9MiB / 15.62GiB
15:50:15,biostream_db,0.00%,35.56MiB / 15.62GiB
15:50:22,courseregistrationplatform-k6-run-55d215337951,153.72%,3.011GiB / 15.62GiB
15:50:22,courseregistrationplatform-backend_2-1,87.33%,131.5MiB / 15.62GiB
15:50:22,courseregistrationplatform-backend_1-1,88.33%,137.4MiB / 15.62GiB
15:50:22,courseregistrationplatform-nginx-1,37.43%,95.5MiB / 15.62GiB
15:50:22,courseregistrationplatform-backend_4-1,78.39%,130.7MiB / 15.62GiB
15:50:22,courseregistrationplatform-backend_3-1,82.33%,134.3MiB / 15.62GiB
15:50:22,courseregistrationplatform-db-1,5.31%,398.3MiB / 15.62GiB
15:50:22,courseregistrationplatform-frontend-1,0.00%,46.87MiB / 15.62GiB
15:50:22,courseregistrationplatform-worker_1-1,2.23%,34.79MiB / 15.62GiB
15:50:22,courseregistrationplatform-worker_2-1,2.21%,33.99MiB / 15.62GiB
15:50:22,courseregistrationplatform-ai-server-1,0.18%,123.2MiB / 15.62GiB
15:50:22,courseregistrationplatform-rabbitmq-1,1.77%,167.7MiB / 15.62GiB
15:50:22,courseregistrationplatform-redis-1,14.85%,10.97MiB / 15.62GiB
15:50:22,courseregistrationplatform-grafana-1,0.05%,70.84MiB / 15.62GiB
15:50:22,courseregistrationplatform-prometheus-1,0.17%,69.25MiB / 15.62GiB
15:50:22,sugang-control-plane,12.61%,784.9MiB / 15.62GiB
15:50:22,sugang-worker,2.51%,1.137GiB / 15.62GiB
15:50:22,sugang-worker2,4.68%,1.489GiB / 15.62GiB
15:50:22,biostream_api,7.87%,219.2MiB / 15.62GiB
15:50:22,biostream_mcp,0.00%,0B / 0B
15:50:22,biostream_qdrant,0.12%,162.9MiB / 15.62GiB
15:50:22,biostream_db,0.00%,35.56MiB / 15.62GiB
15:50:30,courseregistrationplatform-k6-run-55d215337951,145.61%,3.081GiB / 15.62GiB
15:50:30,courseregistrationplatform-backend_2-1,82.34%,132MiB / 15.62GiB
15:50:30,courseregistrationplatform-backend_1-1,82.68%,137.7MiB / 15.62GiB
15:50:30,courseregistrationplatform-nginx-1,33.64%,98.29MiB / 15.62GiB
15:50:30,courseregistrationplatform-backend_4-1,83.43%,128.4MiB / 15.62GiB
15:50:30,courseregistrationplatform-backend_3-1,89.58%,136.7MiB / 15.62GiB
15:50:30,courseregistrationplatform-db-1,4.44%,398.3MiB / 15.62GiB
15:50:30,courseregistrationplatform-frontend-1,0.00%,46.87MiB / 15.62GiB
15:50:30,courseregistrationplatform-worker_1-1,1.58%,34.91MiB / 15.62GiB
15:50:30,courseregistrationplatform-worker_2-1,1.56%,34.72MiB / 15.62GiB
15:50:30,courseregistrationplatform-ai-server-1,0.22%,123.2MiB / 15.62GiB
15:50:30,courseregistrationplatform-rabbitmq-1,1.98%,168.3MiB / 15.62GiB
15:50:30,courseregistrationplatform-redis-1,15.69%,11.21MiB / 15.62GiB
15:50:30,courseregistrationplatform-grafana-1,0.05%,70.84MiB / 15.62GiB
15:50:30,courseregistrationplatform-prometheus-1,0.14%,69.16MiB / 15.62GiB
15:50:30,sugang-control-plane,12.72%,784.4MiB / 15.62GiB
15:50:30,sugang-worker,4.68%,1.138GiB / 15.62GiB
15:50:30,sugang-worker2,5.75%,1.489GiB / 15.62GiB
15:50:30,biostream_api,4.95%,219MiB / 15.62GiB
15:50:30,biostream_mcp,0.00%,0B / 0B
15:50:30,biostream_qdrant,0.34%,162.9MiB / 15.62GiB
15:50:30,biostream_db,0.00%,35.56MiB / 15.62GiB
15:50:37,courseregistrationplatform-k6-run-55d215337951,154.35%,3.081GiB / 15.62GiB
15:50:37,courseregistrationplatform-backend_2-1,79.53%,132.3MiB / 15.62GiB
15:50:37,courseregistrationplatform-backend_1-1,80.01%,137.3MiB / 15.62GiB
15:50:37,courseregistrationplatform-nginx-1,38.53%,95.39MiB / 15.62GiB
15:50:37,courseregistrationplatform-backend_4-1,84.38%,126.9MiB / 15.62GiB
15:50:37,courseregistrationplatform-backend_3-1,80.40%,136.3MiB / 15.62GiB
15:50:37,courseregistrationplatform-db-1,4.12%,398.3MiB / 15.62GiB
15:50:37,courseregistrationplatform-frontend-1,0.00%,46.87MiB / 15.62GiB
15:50:37,courseregistrationplatform-worker_1-1,0.82%,34.79MiB / 15.62GiB
15:50:37,courseregistrationplatform-worker_2-1,1.11%,34.41MiB / 15.62GiB
15:50:37,courseregistrationplatform-ai-server-1,0.24%,123.2MiB / 15.62GiB
15:50:37,courseregistrationplatform-rabbitmq-1,1.21%,167.9MiB / 15.62GiB
15:50:37,courseregistrationplatform-redis-1,14.52%,10.96MiB / 15.62GiB
15:50:37,courseregistrationplatform-grafana-1,0.05%,70.84MiB / 15.62GiB
15:50:37,courseregistrationplatform-prometheus-1,0.13%,69.79MiB / 15.62GiB
15:50:37,sugang-control-plane,13.35%,784.3MiB / 15.62GiB
15:50:37,sugang-worker,2.94%,1.138GiB / 15.62GiB
15:50:37,sugang-worker2,4.35%,1.489GiB / 15.62GiB
15:50:37,biostream_api,7.74%,219MiB / 15.62GiB
15:50:37,biostream_mcp,0.00%,0B / 0B
15:50:37,biostream_qdrant,3.49%,162.9MiB / 15.62GiB
15:50:37,biostream_db,0.00%,35.56MiB / 15.62GiB
15:50:44,courseregistrationplatform-k6-run-55d215337951,100.52%,3.08GiB / 15.62GiB
15:50:44,courseregistrationplatform-backend_2-1,59.84%,142.8MiB / 15.62GiB
15:50:44,courseregistrationplatform-backend_1-1,57.85%,127.3MiB / 15.62GiB
15:50:44,courseregistrationplatform-nginx-1,35.47%,107MiB / 15.62GiB
15:50:44,courseregistrationplatform-backend_4-1,62.50%,132.4MiB / 15.62GiB
15:50:44,courseregistrationplatform-backend_3-1,69.66%,133.3MiB / 15.62GiB
15:50:44,courseregistrationplatform-db-1,3.23%,398.1MiB / 15.62GiB
15:50:44,courseregistrationplatform-frontend-1,0.00%,46.87MiB / 15.62GiB
15:50:44,courseregistrationplatform-worker_1-1,1.07%,35.09MiB / 15.62GiB
15:50:44,courseregistrationplatform-worker_2-1,0.58%,34.2MiB / 15.62GiB
15:50:44,courseregistrationplatform-ai-server-1,0.26%,123.2MiB / 15.62GiB
15:50:44,courseregistrationplatform-rabbitmq-1,2.41%,168MiB / 15.62GiB
15:50:44,courseregistrationplatform-redis-1,11.49%,11.21MiB / 15.62GiB
15:50:44,courseregistrationplatform-grafana-1,2.02%,70.84MiB / 15.62GiB
15:50:44,courseregistrationplatform-prometheus-1,1.01%,69.8MiB / 15.62GiB
15:50:44,sugang-control-plane,15.02%,784.5MiB / 15.62GiB
15:50:44,sugang-worker,5.02%,1.138GiB / 15.62GiB
15:50:44,sugang-worker2,5.69%,1.489GiB / 15.62GiB
15:50:44,biostream_api,6.58%,219MiB / 15.62GiB
15:50:44,biostream_mcp,0.00%,0B / 0B
15:50:44,biostream_qdrant,0.34%,162.9MiB / 15.62GiB
15:50:44,biostream_db,3.53%,35.56MiB / 15.62GiB
15:50:52,courseregistrationplatform-k6-run-55d215337951,159.44%,3.081GiB / 15.62GiB
15:50:52,courseregistrationplatform-backend_2-1,88.70%,131.6MiB / 15.62GiB
15:50:52,courseregistrationplatform-backend_1-1,88.58%,147.1MiB / 15.62GiB
15:50:52,courseregistrationplatform-nginx-1,36.96%,99.17MiB / 15.62GiB
15:50:52,courseregistrationplatform-backend_4-1,89.50%,131.7MiB / 15.62GiB
15:50:52,courseregistrationplatform-backend_3-1,91.00%,138.7MiB / 15.62GiB
15:50:52,courseregistrationplatform-db-1,3.93%,398.3MiB / 15.62GiB
15:50:52,courseregistrationplatform-frontend-1,0.00%,46.87MiB / 15.62GiB
15:50:52,courseregistrationplatform-worker_1-1,1.29%,34.98MiB / 15.62GiB
15:50:52,courseregistrationplatform-worker_2-1,1.34%,34.64MiB / 15.62GiB
15:50:52,courseregistrationplatform-ai-server-1,0.23%,123.2MiB / 15.62GiB
15:50:52,courseregistrationplatform-rabbitmq-1,1.42%,168.4MiB / 15.62GiB
15:50:52,courseregistrationplatform-redis-1,16.00%,10.73MiB / 15.62GiB
15:50:52,courseregistrationplatform-grafana-1,0.05%,70.84MiB / 15.62GiB
15:50:52,courseregistrationplatform-prometheus-1,0.15%,70MiB / 15.62GiB
15:50:52,sugang-control-plane,9.53%,783.8MiB / 15.62GiB
15:50:52,sugang-worker,2.25%,1.138GiB / 15.62GiB
15:50:52,sugang-worker2,4.29%,1.497GiB / 15.62GiB
15:50:52,biostream_api,7.52%,218.7MiB / 15.62GiB
15:50:52,biostream_mcp,0.00%,0B / 0B
15:50:52,biostream_qdrant,0.14%,162.9MiB / 15.62GiB
15:50:52,biostream_db,0.00%,35.56MiB / 15.62GiB
15:50:59,courseregistrationplatform-k6-run-55d215337951,132.50%,3.08GiB / 15.62GiB
15:50:59,courseregistrationplatform-backend_2-1,84.75%,123.9MiB / 15.62GiB
15:50:59,courseregistrationplatform-backend_1-1,77.77%,127.1MiB / 15.62GiB
15:50:59,courseregistrationplatform-nginx-1,31.44%,95.52MiB / 15.62GiB
15:50:59,courseregistrationplatform-backend_4-1,79.29%,133.7MiB / 15.62GiB
15:50:59,courseregistrationplatform-backend_3-1,75.92%,117.7MiB / 15.62GiB
15:50:59,courseregistrationplatform-db-1,2.72%,398.1MiB / 15.62GiB
15:50:59,courseregistrationplatform-frontend-1,0.00%,46.87MiB / 15.62GiB
15:50:59,courseregistrationplatform-worker_1-1,0.82%,35.24MiB / 15.62GiB
15:50:59,courseregistrationplatform-worker_2-1,0.49%,34.38MiB / 15.62GiB
15:50:59,courseregistrationplatform-ai-server-1,0.20%,123.2MiB / 15.62GiB
15:50:59,courseregistrationplatform-rabbitmq-1,1.48%,168.2MiB / 15.62GiB
15:50:59,courseregistrationplatform-redis-1,13.50%,10.98MiB / 15.62GiB
15:50:59,courseregistrationplatform-grafana-1,0.04%,70.84MiB / 15.62GiB
15:50:59,courseregistrationplatform-prometheus-1,1.17%,70MiB / 15.62GiB
15:50:59,sugang-control-plane,14.11%,783MiB / 15.62GiB
15:50:59,sugang-worker,3.69%,1.146GiB / 15.62GiB
15:50:59,sugang-worker2,4.83%,1.496GiB / 15.62GiB
15:50:59,biostream_api,7.04%,219MiB / 15.62GiB
15:50:59,biostream_mcp,0.00%,0B / 0B
15:50:59,biostream_qdrant,0.34%,162.9MiB / 15.62GiB
15:50:59,biostream_db,4.01%,35.56MiB / 15.62GiB
15:51:07,courseregistrationplatform-k6-run-55d215337951,155.31%,3.08GiB / 15.62GiB
15:51:07,courseregistrationplatform-backend_2-1,78.75%,123.8MiB / 15.62GiB
15:51:07,courseregistrationplatform-backend_1-1,80.55%,129MiB / 15.62GiB
15:51:07,courseregistrationplatform-nginx-1,37.68%,95.31MiB / 15.62GiB
15:51:07,courseregistrationplatform-backend_4-1,77.19%,134.5MiB / 15.62GiB
15:51:07,courseregistrationplatform-backend_3-1,83.13%,133.1MiB / 15.62GiB
15:51:07,courseregistrationplatform-db-1,4.88%,398.1MiB / 15.62GiB
15:51:07,courseregistrationplatform-frontend-1,0.00%,46.87MiB / 15.62GiB
15:51:07,courseregistrationplatform-worker_1-1,1.77%,34.4MiB / 15.62GiB
15:51:07,courseregistrationplatform-worker_2-1,1.49%,34.85MiB / 15.62GiB
15:51:07,courseregistrationplatform-ai-server-1,0.20%,123.2MiB / 15.62GiB
15:51:07,courseregistrationplatform-rabbitmq-1,1.70%,168.4MiB / 15.62GiB
15:51:07,courseregistrationplatform-redis-1,14.47%,11MiB / 15.62GiB
15:51:07,courseregistrationplatform-grafana-1,0.05%,70.84MiB / 15.62GiB
15:51:07,courseregistrationplatform-prometheus-1,0.16%,70MiB / 15.62GiB
15:51:07,sugang-control-plane,14.45%,783.3MiB / 15.62GiB
15:51:07,sugang-worker,3.92%,1.146GiB / 15.62GiB
15:51:07,sugang-worker2,5.21%,1.496GiB / 15.62GiB
15:51:07,biostream_api,7.88%,219.7MiB / 15.62GiB
15:51:07,biostream_mcp,0.00%,0B / 0B
15:51:07,biostream_qdrant,3.25%,162.9MiB / 15.62GiB
15:51:07,biostream_db,0.00%,35.56MiB / 15.62GiB
15:51:14,courseregistrationplatform-k6-run-55d215337951,144.99%,3.08GiB / 15.62GiB
15:51:14,courseregistrationplatform-backend_2-1,78.97%,130MiB / 15.62GiB
15:51:14,courseregistrationplatform-backend_1-1,80.86%,146.1MiB / 15.62GiB
15:51:14,courseregistrationplatform-nginx-1,33.92%,94.23MiB / 15.62GiB
15:51:14,courseregistrationplatform-backend_4-1,81.18%,128.1MiB / 15.62GiB
15:51:14,courseregistrationplatform-backend_3-1,82.81%,125.2MiB / 15.62GiB
15:51:14,courseregistrationplatform-db-1,3.12%,398.6MiB / 15.62GiB
15:51:14,courseregistrationplatform-frontend-1,0.00%,46.87MiB / 15.62GiB
15:51:14,courseregistrationplatform-worker_1-1,0.63%,35.01MiB / 15.62GiB
15:51:14,courseregistrationplatform-worker_2-1,0.68%,34.26MiB / 15.62GiB
15:51:14,courseregistrationplatform-ai-server-1,0.25%,123.2MiB / 15.62GiB
15:51:14,courseregistrationplatform-rabbitmq-1,1.84%,168.2MiB / 15.62GiB
15:51:14,courseregistrationplatform-redis-1,14.48%,10.75MiB / 15.62GiB
15:51:14,courseregistrationplatform-grafana-1,0.63%,70.84MiB / 15.62GiB
15:51:14,courseregistrationplatform-prometheus-1,1.24%,70.63MiB / 15.62GiB
15:51:14,sugang-control-plane,10.60%,783.4MiB / 15.62GiB
15:51:14,sugang-worker,4.92%,1.147GiB / 15.62GiB
15:51:14,sugang-worker2,4.39%,1.496GiB / 15.62GiB
15:51:14,biostream_api,5.06%,219.5MiB / 15.62GiB
15:51:14,biostream_mcp,0.00%,0B / 0B
15:51:14,biostream_qdrant,0.41%,162.8MiB / 15.62GiB
15:51:14,biostream_db,4.27%,35.56MiB / 15.62GiB
15:51:22,courseregistrationplatform-k6-run-55d215337951,152.06%,3.08GiB / 15.62GiB
15:51:22,courseregistrationplatform-backend_2-1,88.84%,140MiB / 15.62GiB
15:51:22,courseregistrationplatform-backend_1-1,78.42%,135.4MiB / 15.62GiB
15:51:22,courseregistrationplatform-nginx-1,34.38%,95.73MiB / 15.62GiB
15:51:22,courseregistrationplatform-backend_4-1,83.57%,123.6MiB / 15.62GiB
15:51:22,courseregistrationplatform-backend_3-1,88.31%,124.9MiB / 15.62GiB
15:51:22,courseregistrationplatform-db-1,5.84%,398.5MiB / 15.62GiB
15:51:22,courseregistrationplatform-frontend-1,0.00%,46.87MiB / 15.62GiB
15:51:22,courseregistrationplatform-worker_1-1,1.93%,34.46MiB / 15.62GiB
15:51:22,courseregistrationplatform-worker_2-1,1.55%,34.61MiB / 15.62GiB
15:51:22,courseregistrationplatform-ai-server-1,0.21%,123.2MiB / 15.62GiB
15:51:22,courseregistrationplatform-rabbitmq-1,1.92%,168.6MiB / 15.62GiB
15:51:22,courseregistrationplatform-redis-1,16.00%,10.98MiB / 15.62GiB
15:51:22,courseregistrationplatform-grafana-1,0.06%,70.84MiB / 15.62GiB
15:51:22,courseregistrationplatform-prometheus-1,1.97%,70.63MiB / 15.62GiB
15:51:22,sugang-control-plane,11.00%,783.4MiB / 15.62GiB
15:51:22,sugang-worker,4.00%,1.146GiB / 15.62GiB
15:51:22,sugang-worker2,3.38%,1.496GiB / 15.62GiB
15:51:22,biostream_api,7.49%,219MiB / 15.62GiB
15:51:22,biostream_mcp,0.00%,0B / 0B
15:51:22,biostream_qdrant,0.15%,162.9MiB / 15.62GiB
15:51:22,biostream_db,0.00%,35.56MiB / 15.62GiB
15:51:29,courseregistrationplatform-k6-run-55d215337951,141.22%,3.078GiB / 15.62GiB
15:51:29,courseregistrationplatform-backend_2-1,76.68%,131.7MiB / 15.62GiB
15:51:29,courseregistrationplatform-backend_1-1,78.97%,128.1MiB / 15.62GiB
15:51:29,courseregistrationplatform-nginx-1,34.62%,93.69MiB / 15.62GiB
15:51:29,courseregistrationplatform-backend_4-1,78.82%,131.3MiB / 15.62GiB
15:51:29,courseregistrationplatform-backend_3-1,75.65%,118.4MiB / 15.62GiB
15:51:29,courseregistrationplatform-db-1,5.56%,398.3MiB / 15.62GiB
15:51:29,courseregistrationplatform-frontend-1,0.00%,46.87MiB / 15.62GiB
15:51:29,courseregistrationplatform-worker_1-1,1.64%,34.81MiB / 15.62GiB
15:51:29,courseregistrationplatform-worker_2-1,1.95%,35.13MiB / 15.62GiB
15:51:29,courseregistrationplatform-ai-server-1,0.22%,123.2MiB / 15.62GiB
15:51:29,courseregistrationplatform-rabbitmq-1,2.38%,168.3MiB / 15.62GiB
15:51:29,courseregistrationplatform-redis-1,13.65%,10.99MiB / 15.62GiB
15:51:29,courseregistrationplatform-grafana-1,0.10%,70.84MiB / 15.62GiB
15:51:29,courseregistrationplatform-prometheus-1,0.90%,70.63MiB / 15.62GiB
15:51:29,sugang-control-plane,17.45%,784MiB / 15.62GiB
15:51:29,sugang-worker,2.69%,1.146GiB / 15.62GiB
15:51:29,sugang-worker2,7.31%,1.497GiB / 15.62GiB
15:51:29,biostream_api,7.68%,219.2MiB / 15.62GiB
15:51:29,biostream_mcp,0.00%,0B / 0B
15:51:29,biostream_qdrant,0.29%,162.9MiB / 15.62GiB
15:51:29,biostream_db,3.67%,35.56MiB / 15.62GiB
15:51:37,courseregistrationplatform-k6-run-55d215337951,150.13%,3.079GiB / 15.62GiB
15:51:37,courseregistrationplatform-backend_2-1,78.06%,128.1MiB / 15.62GiB
15:51:37,courseregistrationplatform-backend_1-1,72.76%,136.9MiB / 15.62GiB
15:51:37,courseregistrationplatform-nginx-1,36.23%,93.46MiB / 15.62GiB
15:51:37,courseregistrationplatform-backend_4-1,73.09%,126.6MiB / 15.62GiB
15:51:37,courseregistrationplatform-backend_3-1,74.52%,137.8MiB / 15.62GiB
15:51:37,courseregistrationplatform-db-1,8.87%,398.3MiB / 15.62GiB
15:51:37,courseregistrationplatform-frontend-1,0.00%,46.87MiB / 15.62GiB
15:51:37,courseregistrationplatform-worker_1-1,1.29%,34.55MiB / 15.62GiB
15:51:37,courseregistrationplatform-worker_2-1,1.30%,34.75MiB / 15.62GiB
15:51:37,courseregistrationplatform-ai-server-1,0.21%,123.2MiB / 15.62GiB
15:51:37,courseregistrationplatform-rabbitmq-1,1.51%,168.3MiB / 15.62GiB
15:51:37,courseregistrationplatform-redis-1,13.46%,10.74MiB / 15.62GiB
15:51:37,courseregistrationplatform-grafana-1,0.08%,70.84MiB / 15.62GiB
15:51:37,courseregistrationplatform-prometheus-1,0.07%,70.63MiB / 15.62GiB
15:51:37,sugang-control-plane,8.34%,784.3MiB / 15.62GiB
15:51:37,sugang-worker,3.36%,1.146GiB / 15.62GiB
15:51:37,sugang-worker2,4.85%,1.496GiB / 15.62GiB
15:51:37,biostream_api,8.02%,219.5MiB / 15.62GiB
15:51:37,biostream_mcp,0.00%,0B / 0B
15:51:37,biostream_qdrant,0.10%,162.9MiB / 15.62GiB
15:51:37,biostream_db,0.00%,35.56MiB / 15.62GiB
15:51:44,courseregistrationplatform-k6-run-55d215337951,95.21%,3.082GiB / 15.62GiB
15:51:44,courseregistrationplatform-backend_2-1,61.40%,127.6MiB / 15.62GiB
15:51:44,courseregistrationplatform-backend_1-1,66.83%,129.7MiB / 15.62GiB
15:51:44,courseregistrationplatform-nginx-1,27.39%,94.73MiB / 15.62GiB
15:51:44,courseregistrationplatform-backend_4-1,70.41%,128.4MiB / 15.62GiB
15:51:44,courseregistrationplatform-backend_3-1,65.31%,131.9MiB / 15.62GiB
15:51:44,courseregistrationplatform-db-1,4.50%,398.3MiB / 15.62GiB
15:51:44,courseregistrationplatform-frontend-1,0.00%,46.87MiB / 15.62GiB
15:51:44,courseregistrationplatform-worker_1-1,1.30%,34.65MiB / 15.62GiB
15:51:44,courseregistrationplatform-worker_2-1,1.48%,34.98MiB / 15.62GiB
15:51:44,courseregistrationplatform-ai-server-1,0.21%,123.2MiB / 15.62GiB
15:51:44,courseregistrationplatform-rabbitmq-1,2.37%,168.9MiB / 15.62GiB
15:51:44,courseregistrationplatform-redis-1,11.88%,11.22MiB / 15.62GiB
15:51:44,courseregistrationplatform-grafana-1,1.35%,70.84MiB / 15.62GiB
15:51:44,courseregistrationplatform-prometheus-1,0.87%,71.14MiB / 15.62GiB
15:51:44,sugang-control-plane,10.75%,784.8MiB / 15.62GiB
15:51:44,sugang-worker,3.51%,1.146GiB / 15.62GiB
15:51:44,sugang-worker2,4.22%,1.504GiB / 15.62GiB
15:51:44,biostream_api,6.22%,219MiB / 15.62GiB
15:51:44,biostream_mcp,0.00%,0B / 0B
15:51:44,biostream_qdrant,0.28%,162.8MiB / 15.62GiB
15:51:44,biostream_db,0.00%,35.56MiB / 15.62GiB
15:51:52,courseregistrationplatform-k6-run-55d215337951,155.58%,3.081GiB / 15.62GiB
15:51:52,courseregistrationplatform-backend_2-1,65.11%,129.3MiB / 15.62GiB
15:51:52,courseregistrationplatform-backend_1-1,63.69%,129.4MiB / 15.62GiB
15:51:52,courseregistrationplatform-nginx-1,34.27%,92.43MiB / 15.62GiB
15:51:52,courseregistrationplatform-backend_4-1,65.43%,118.4MiB / 15.62GiB
15:51:52,courseregistrationplatform-backend_3-1,68.09%,125.4MiB / 15.62GiB
15:51:52,courseregistrationplatform-db-1,3.65%,398.3MiB / 15.62GiB
15:51:52,courseregistrationplatform-frontend-1,0.00%,46.87MiB / 15.62GiB
15:51:52,courseregistrationplatform-worker_1-1,1.18%,34.84MiB / 15.62GiB
15:51:52,courseregistrationplatform-worker_2-1,0.72%,34.49MiB / 15.62GiB
15:51:52,courseregistrationplatform-ai-server-1,0.21%,123.2MiB / 15.62GiB
15:51:52,courseregistrationplatform-rabbitmq-1,1.24%,168.5MiB / 15.62GiB
15:51:52,courseregistrationplatform-redis-1,12.46%,10.99MiB / 15.62GiB
15:51:52,courseregistrationplatform-grafana-1,0.06%,70.84MiB / 15.62GiB
15:51:52,courseregistrationplatform-prometheus-1,0.11%,70.66MiB / 15.62GiB
15:51:52,sugang-control-plane,12.42%,784MiB / 15.62GiB
15:51:52,sugang-worker,2.24%,1.154GiB / 15.62GiB
15:51:52,sugang-worker2,3.94%,1.504GiB / 15.62GiB
15:51:52,biostream_api,5.70%,219.2MiB / 15.62GiB
15:51:52,biostream_mcp,0.00%,0B / 0B
15:51:52,biostream_qdrant,0.13%,162.9MiB / 15.62GiB
15:51:52,biostream_db,0.00%,35.56MiB / 15.62GiB
15:51:59,courseregistrationplatform-k6-run-55d215337951,148.50%,3.081GiB / 15.62GiB
15:51:59,courseregistrationplatform-backend_2-1,73.29%,111.9MiB / 15.62GiB
15:51:59,courseregistrationplatform-backend_1-1,76.32%,131.8MiB / 15.62GiB
15:51:59,courseregistrationplatform-nginx-1,35.87%,92.28MiB / 15.62GiB
15:51:59,courseregistrationplatform-backend_4-1,74.64%,124.8MiB / 15.62GiB
15:51:59,courseregistrationplatform-backend_3-1,74.09%,121.1MiB / 15.62GiB
15:51:59,courseregistrationplatform-db-1,3.30%,399.3MiB / 15.62GiB
15:51:59,courseregistrationplatform-frontend-1,0.00%,46.87MiB / 15.62GiB
15:51:59,courseregistrationplatform-worker_1-1,0.52%,35.78MiB / 15.62GiB
15:51:59,courseregistrationplatform-worker_2-1,0.94%,34.81MiB / 15.62GiB
15:51:59,courseregistrationplatform-ai-server-1,0.25%,123.2MiB / 15.62GiB
15:51:59,courseregistrationplatform-rabbitmq-1,1.60%,168.5MiB / 15.62GiB
15:51:59,courseregistrationplatform-redis-1,13.29%,11.23MiB / 15.62GiB
15:51:59,courseregistrationplatform-grafana-1,0.08%,70.84MiB / 15.62GiB
15:51:59,courseregistrationplatform-prometheus-1,0.81%,70.68MiB / 15.62GiB
15:51:59,sugang-control-plane,12.61%,782.1MiB / 15.62GiB
15:51:59,sugang-worker,3.05%,1.155GiB / 15.62GiB
15:51:59,sugang-worker2,8.91%,1.505GiB / 15.62GiB
15:51:59,biostream_api,6.85%,219MiB / 15.62GiB
15:51:59,biostream_mcp,0.00%,0B / 0B
15:51:59,biostream_qdrant,0.39%,162.9MiB / 15.62GiB
15:51:59,biostream_db,0.00%,35.56MiB / 15.62GiB
15:52:07,courseregistrationplatform-k6-run-55d215337951,263.13%,3.151GiB / 15.62GiB
15:52:07,courseregistrationplatform-backend_2-1,81.75%,110.5MiB / 15.62GiB
15:52:07,courseregistrationplatform-backend_1-1,69.07%,130.4MiB / 15.62GiB
15:52:07,courseregistrationplatform-nginx-1,26.52%,97.3MiB / 15.62GiB
15:52:07,courseregistrationplatform-backend_4-1,74.61%,121.5MiB / 15.62GiB
15:52:07,courseregistrationplatform-backend_3-1,75.01%,125.2MiB / 15.62GiB
15:52:07,courseregistrationplatform-db-1,7.58%,399.2MiB / 15.62GiB
15:52:07,courseregistrationplatform-frontend-1,0.00%,46.87MiB / 15.62GiB
15:52:07,courseregistrationplatform-worker_1-1,1.12%,35.05MiB / 15.62GiB
15:52:07,courseregistrationplatform-worker_2-1,0.62%,35.02MiB / 15.62GiB
15:52:07,courseregistrationplatform-ai-server-1,0.21%,123.2MiB / 15.62GiB
15:52:07,courseregistrationplatform-rabbitmq-1,1.35%,168.5MiB / 15.62GiB
15:52:07,courseregistrationplatform-redis-1,13.74%,10.77MiB / 15.62GiB
15:52:07,courseregistrationplatform-grafana-1,0.06%,70.84MiB / 15.62GiB
15:52:07,courseregistrationplatform-prometheus-1,0.10%,70.67MiB / 15.62GiB
15:52:07,sugang-control-plane,11.21%,781.7MiB / 15.62GiB
15:52:07,sugang-worker,2.93%,1.154GiB / 15.62GiB
15:52:07,sugang-worker2,4.35%,1.504GiB / 15.62GiB
15:52:07,biostream_api,7.46%,219MiB / 15.62GiB
15:52:07,biostream_qdrant,0.14%,162.9MiB / 15.62GiB
15:52:07,biostream_db,0.00%,35.56MiB / 15.62GiB
15:52:14,courseregistrationplatform-k6-run-55d215337951,155.75%,3.167GiB / 15.62GiB
15:52:14,courseregistrationplatform-backend_2-1,59.27%,109.6MiB / 15.62GiB
15:52:14,courseregistrationplatform-backend_1-1,67.98%,123.7MiB / 15.62GiB
15:52:14,courseregistrationplatform-nginx-1,34.08%,91.52MiB / 15.62GiB
15:52:14,courseregistrationplatform-backend_4-1,63.97%,109.4MiB / 15.62GiB
15:52:14,courseregistrationplatform-backend_3-1,68.39%,136.1MiB / 15.62GiB
15:52:14,courseregistrationplatform-db-1,4.01%,399.3MiB / 15.62GiB
15:52:14,courseregistrationplatform-frontend-1,0.00%,46.87MiB / 15.62GiB
15:52:14,courseregistrationplatform-worker_1-1,1.61%,34.86MiB / 15.62GiB
15:52:14,courseregistrationplatform-worker_2-1,1.02%,34.68MiB / 15.62GiB
15:52:14,courseregistrationplatform-ai-server-1,0.22%,123.2MiB / 15.62GiB
15:52:14,courseregistrationplatform-rabbitmq-1,1.84%,168.3MiB / 15.62GiB
15:52:14,courseregistrationplatform-redis-1,13.03%,10.99MiB / 15.62GiB
15:52:14,courseregistrationplatform-grafana-1,0.08%,70.84MiB / 15.62GiB
15:52:14,courseregistrationplatform-prometheus-1,0.92%,70.67MiB / 15.62GiB
15:52:14,sugang-control-plane,15.53%,782.5MiB / 15.62GiB
15:52:14,sugang-worker,3.30%,1.154GiB / 15.62GiB
15:52:14,sugang-worker2,4.15%,1.504GiB / 15.62GiB
15:52:14,biostream_api,8.59%,219.5MiB / 15.62GiB
15:52:14,biostream_mcp,0.00%,0B / 0B
15:52:14,biostream_qdrant,0.15%,162.9MiB / 15.62GiB
15:52:14,biostream_db,0.00%,35.56MiB / 15.62GiB
15:52:22,courseregistrationplatform-k6-run-55d215337951,142.99%,3.167GiB / 15.62GiB
15:52:22,courseregistrationplatform-backend_2-1,90.81%,105MiB / 15.62GiB
15:52:22,courseregistrationplatform-backend_1-1,87.31%,120.8MiB / 15.62GiB
15:52:22,courseregistrationplatform-nginx-1,35.15%,95.83MiB / 15.62GiB
15:52:22,courseregistrationplatform-backend_4-1,88.30%,102.3MiB / 15.62GiB
15:52:22,courseregistrationplatform-backend_3-1,90.36%,118.6MiB / 15.62GiB
15:52:22,courseregistrationplatform-db-1,4.45%,399.3MiB / 15.62GiB
15:52:22,courseregistrationplatform-frontend-1,0.00%,46.87MiB / 15.62GiB
15:52:22,courseregistrationplatform-worker_1-1,1.95%,34.6MiB / 15.62GiB
15:52:22,courseregistrationplatform-worker_2-1,1.38%,34.5MiB / 15.62GiB
15:52:22,courseregistrationplatform-ai-server-1,0.26%,123.2MiB / 15.62GiB
15:52:22,courseregistrationplatform-rabbitmq-1,1.84%,168.6MiB / 15.62GiB
15:52:22,courseregistrationplatform-redis-1,16.34%,10.74MiB / 15.62GiB
15:52:22,courseregistrationplatform-grafana-1,0.08%,70.84MiB / 15.62GiB
15:52:22,courseregistrationplatform-prometheus-1,0.16%,70.67MiB / 15.62GiB
15:52:22,sugang-control-plane,11.78%,782.5MiB / 15.62GiB
15:52:22,sugang-worker,5.97%,1.163GiB / 15.62GiB
15:52:22,sugang-worker2,4.09%,1.505GiB / 15.62GiB
15:52:22,biostream_api,7.35%,218.9MiB / 15.62GiB
15:52:22,biostream_mcp,0.00%,0B / 0B
15:52:22,biostream_qdrant,0.17%,162.9MiB / 15.62GiB
15:52:22,biostream_db,0.00%,35.56MiB / 15.62GiB
15:52:30,courseregistrationplatform-k6-run-55d215337951,149.26%,3.166GiB / 15.62GiB
15:52:30,courseregistrationplatform-backend_2-1,74.43%,103.4MiB / 15.62GiB
15:52:30,courseregistrationplatform-backend_1-1,74.11%,111.5MiB / 15.62GiB
15:52:30,courseregistrationplatform-nginx-1,35.18%,91.23MiB / 15.62GiB
15:52:30,courseregistrationplatform-backend_4-1,77.20%,103.3MiB / 15.62GiB
15:52:30,courseregistrationplatform-backend_3-1,75.57%,110.5MiB / 15.62GiB
15:52:30,courseregistrationplatform-db-1,4.07%,399.3MiB / 15.62GiB
15:52:30,courseregistrationplatform-frontend-1,0.00%,46.87MiB / 15.62GiB
15:52:30,courseregistrationplatform-worker_1-1,1.63%,34.65MiB / 15.62GiB
15:52:30,courseregistrationplatform-worker_2-1,1.23%,34.44MiB / 15.62GiB
15:52:30,courseregistrationplatform-ai-server-1,0.26%,123.2MiB / 15.62GiB
15:52:30,courseregistrationplatform-rabbitmq-1,1.83%,168.5MiB / 15.62GiB
15:52:30,courseregistrationplatform-redis-1,13.29%,11.23MiB / 15.62GiB
15:52:30,courseregistrationplatform-grafana-1,0.08%,70.84MiB / 15.62GiB
15:52:30,courseregistrationplatform-prometheus-1,0.11%,70.67MiB / 15.62GiB
15:52:30,sugang-control-plane,15.81%,781.5MiB / 15.62GiB
15:52:30,sugang-worker,5.47%,1.163GiB / 15.62GiB
15:52:30,sugang-worker2,6.54%,1.505GiB / 15.62GiB
15:52:30,biostream_api,7.47%,219.4MiB / 15.62GiB
15:52:30,biostream_mcp,0.00%,0B / 0B
15:52:30,biostream_qdrant,0.25%,162.9MiB / 15.62GiB
15:52:30,biostream_db,0.00%,35.56MiB / 15.62GiB
15:52:37,courseregistrationplatform-k6-run-55d215337951,148.48%,3.166GiB / 15.62GiB
15:52:37,courseregistrationplatform-backend_2-1,67.82%,124MiB / 15.62GiB
15:52:37,courseregistrationplatform-backend_1-1,68.90%,111.4MiB / 15.62GiB
15:52:37,courseregistrationplatform-nginx-1,33.48%,90.11MiB / 15.62GiB
15:52:37,courseregistrationplatform-backend_4-1,63.29%,112.7MiB / 15.62GiB
15:52:37,courseregistrationplatform-backend_3-1,65.64%,113.9MiB / 15.62GiB
15:52:37,courseregistrationplatform-db-1,8.11%,399.5MiB / 15.62GiB
15:52:37,courseregistrationplatform-frontend-1,0.00%,46.87MiB / 15.62GiB
15:52:37,courseregistrationplatform-worker_1-1,1.59%,35.09MiB / 15.62GiB
15:52:37,courseregistrationplatform-worker_2-1,1.58%,34.28MiB / 15.62GiB
15:52:37,courseregistrationplatform-ai-server-1,0.19%,123.2MiB / 15.62GiB
15:52:37,courseregistrationplatform-rabbitmq-1,1.71%,169.1MiB / 15.62GiB
15:52:37,courseregistrationplatform-redis-1,12.43%,10.74MiB / 15.62GiB
15:52:37,courseregistrationplatform-grafana-1,0.05%,70.84MiB / 15.62GiB
15:52:37,courseregistrationplatform-prometheus-1,0.12%,70.67MiB / 15.62GiB
15:52:37,sugang-control-plane,12.69%,782.3MiB / 15.62GiB
15:52:37,sugang-worker,5.58%,1.163GiB / 15.62GiB
15:52:37,sugang-worker2,2.94%,1.504GiB / 15.62GiB
15:52:37,biostream_api,7.85%,219.4MiB / 15.62GiB
15:52:37,biostream_mcp,0.00%,0B / 0B
15:52:37,biostream_qdrant,0.13%,162.9MiB / 15.62GiB
15:52:37,biostream_db,0.00%,35.56MiB / 15.62GiB
15:52:44,courseregistrationplatform-k6-run-55d215337951,110.39%,3.166GiB / 15.62GiB
15:52:44,courseregistrationplatform-backend_2-1,64.19%,105MiB / 15.62GiB
15:52:44,courseregistrationplatform-backend_1-1,65.64%,123.6MiB / 15.62GiB
15:52:44,courseregistrationplatform-nginx-1,30.39%,90.1MiB / 15.62GiB
15:52:44,courseregistrationplatform-backend_4-1,65.80%,111.7MiB / 15.62GiB
15:52:44,courseregistrationplatform-backend_3-1,66.91%,145.2MiB / 15.62GiB
15:52:44,courseregistrationplatform-db-1,3.12%,399.3MiB / 15.62GiB
15:52:44,courseregistrationplatform-frontend-1,0.00%,46.87MiB / 15.62GiB
15:52:44,courseregistrationplatform-worker_1-1,0.67%,34.5MiB / 15.62GiB
15:52:44,courseregistrationplatform-worker_2-1,0.70%,34.22MiB / 15.62GiB
15:52:44,courseregistrationplatform-ai-server-1,0.22%,123.2MiB / 15.62GiB
15:52:44,courseregistrationplatform-rabbitmq-1,1.34%,168.6MiB / 15.62GiB
15:52:44,courseregistrationplatform-redis-1,12.51%,10.98MiB / 15.62GiB
15:52:44,courseregistrationplatform-grafana-1,1.00%,70.85MiB / 15.62GiB
15:52:44,courseregistrationplatform-prometheus-1,0.13%,70.92MiB / 15.62GiB
15:52:44,sugang-control-plane,10.02%,782.6MiB / 15.62GiB
15:52:44,sugang-worker,5.69%,1.162GiB / 15.62GiB
15:52:44,sugang-worker2,4.35%,1.512GiB / 15.62GiB
15:52:44,biostream_api,7.41%,219.7MiB / 15.62GiB
15:52:44,biostream_mcp,0.00%,0B / 0B
15:52:44,biostream_qdrant,0.29%,162.9MiB / 15.62GiB
15:52:44,biostream_db,0.00%,35.56MiB / 15.62GiB
15:52:52,courseregistrationplatform-k6-run-55d215337951,145.47%,3.165GiB / 15.62GiB
15:52:52,courseregistrationplatform-backend_2-1,64.40%,97.43MiB / 15.62GiB
15:52:52,courseregistrationplatform-backend_1-1,59.28%,118.7MiB / 15.62GiB
15:52:52,courseregistrationplatform-nginx-1,33.63%,89.58MiB / 15.62GiB
15:52:52,courseregistrationplatform-backend_4-1,65.21%,130.9MiB / 15.62GiB
15:52:52,courseregistrationplatform-backend_3-1,63.73%,121.9MiB / 15.62GiB
15:52:52,courseregistrationplatform-db-1,3.51%,399.6MiB / 15.62GiB
15:52:52,courseregistrationplatform-frontend-1,0.00%,46.88MiB / 15.62GiB
15:52:52,courseregistrationplatform-worker_1-1,0.97%,34.89MiB / 15.62GiB
15:52:52,courseregistrationplatform-worker_2-1,0.95%,34.34MiB / 15.62GiB
15:52:52,courseregistrationplatform-ai-server-1,0.23%,123.2MiB / 15.62GiB
15:52:52,courseregistrationplatform-rabbitmq-1,1.40%,168.6MiB / 15.62GiB
15:52:52,courseregistrationplatform-redis-1,12.03%,10.99MiB / 15.62GiB
15:52:52,courseregistrationplatform-grafana-1,0.08%,70.85MiB / 15.62GiB
15:52:52,courseregistrationplatform-prometheus-1,0.13%,70.72MiB / 15.62GiB
15:52:52,sugang-control-plane,10.93%,782.3MiB / 15.62GiB
15:52:52,sugang-worker,3.14%,1.162GiB / 15.62GiB
15:52:52,sugang-worker2,3.38%,1.513GiB / 15.62GiB
15:52:52,biostream_api,7.89%,219.5MiB / 15.62GiB
15:52:52,biostream_mcp,0.00%,0B / 0B
15:52:52,biostream_qdrant,0.14%,162.8MiB / 15.62GiB
15:52:52,biostream_db,0.00%,35.56MiB / 15.62GiB
15:53:00,courseregistrationplatform-k6-run-55d215337951,152.29%,3.165GiB / 15.62GiB
15:53:00,courseregistrationplatform-backend_2-1,63.72%,97.71MiB / 15.62GiB
15:53:00,courseregistrationplatform-backend_1-1,67.19%,117.6MiB / 15.62GiB
15:53:00,courseregistrationplatform-nginx-1,28.06%,89.82MiB / 15.62GiB
15:53:00,courseregistrationplatform-backend_4-1,60.92%,111.5MiB / 15.62GiB
15:53:00,courseregistrationplatform-backend_3-1,59.62%,120.1MiB / 15.62GiB
15:53:00,courseregistrationplatform-db-1,2.98%,399.3MiB / 15.62GiB
15:53:00,courseregistrationplatform-frontend-1,0.00%,46.88MiB / 15.62GiB
15:53:00,courseregistrationplatform-worker_1-1,0.82%,35.24MiB / 15.62GiB
15:53:00,courseregistrationplatform-worker_2-1,0.73%,34.29MiB / 15.62GiB
15:53:00,courseregistrationplatform-ai-server-1,0.19%,123.2MiB / 15.62GiB
15:53:00,courseregistrationplatform-rabbitmq-1,1.17%,168.9MiB / 15.62GiB
15:53:00,courseregistrationplatform-redis-1,10.44%,11.24MiB / 15.62GiB
15:53:00,courseregistrationplatform-grafana-1,0.07%,70.85MiB / 15.62GiB
15:53:00,courseregistrationplatform-prometheus-1,0.11%,70.71MiB / 15.62GiB
15:53:00,sugang-control-plane,14.26%,781.6MiB / 15.62GiB
15:53:00,sugang-worker,28.06%,1.171GiB / 15.62GiB
15:53:00,sugang-worker2,9.65%,1.513GiB / 15.62GiB
15:53:00,biostream_api,8.35%,220MiB / 15.62GiB
15:53:00,biostream_mcp,0.00%,0B / 0B
15:53:00,biostream_qdrant,0.31%,162.9MiB / 15.62GiB
15:53:00,biostream_db,0.00%,35.56MiB / 15.62GiB
15:53:08,biostream_mcp,91.19%,48.04MiB / 15.62GiB
15:53:08,courseregistrationplatform-k6-run-55d215337951,132.09%,2.978GiB / 15.62GiB
15:53:08,courseregistrationplatform-backend_2-1,72.72%,93.49MiB / 15.62GiB
15:53:08,courseregistrationplatform-backend_1-1,78.43%,95.12MiB / 15.62GiB
15:53:08,courseregistrationplatform-nginx-1,32.15%,88.99MiB / 15.62GiB
15:53:08,courseregistrationplatform-backend_4-1,74.15%,115.3MiB / 15.62GiB
15:53:08,courseregistrationplatform-backend_3-1,75.83%,131.3MiB / 15.62GiB
15:53:08,courseregistrationplatform-db-1,3.68%,399.3MiB / 15.62GiB
15:53:08,courseregistrationplatform-frontend-1,0.00%,46.88MiB / 15.62GiB
15:53:08,courseregistrationplatform-worker_1-1,0.67%,35.43MiB / 15.62GiB
15:53:08,courseregistrationplatform-worker_2-1,0.79%,34.98MiB / 15.62GiB
15:53:08,courseregistrationplatform-ai-server-1,0.24%,123.2MiB / 15.62GiB
15:53:08,courseregistrationplatform-rabbitmq-1,1.77%,168.5MiB / 15.62GiB
15:53:08,courseregistrationplatform-redis-1,13.40%,11.24MiB / 15.62GiB
15:53:08,courseregistrationplatform-grafana-1,0.06%,70.85MiB / 15.62GiB
15:53:08,courseregistrationplatform-prometheus-1,0.92%,70.71MiB / 15.62GiB
15:53:08,sugang-control-plane,17.73%,781.7MiB / 15.62GiB
15:53:08,sugang-worker,4.07%,1.171GiB / 15.62GiB
15:53:08,sugang-worker2,6.96%,1.513GiB / 15.62GiB
15:53:08,biostream_api,4.91%,219MiB / 15.62GiB
15:53:08,biostream_qdrant,3.93%,162.9MiB / 15.62GiB
15:53:08,biostream_db,0.00%,35.56MiB / 15.62GiB
15:53:16,courseregistrationplatform-k6-run-55d215337951,145.75%,2.978GiB / 15.62GiB
15:53:16,courseregistrationplatform-backend_2-1,69.42%,94.59MiB / 15.62GiB
15:53:16,courseregistrationplatform-backend_1-1,69.12%,97.46MiB / 15.62GiB
15:53:16,courseregistrationplatform-nginx-1,33.19%,88.67MiB / 15.62GiB
15:53:16,courseregistrationplatform-backend_4-1,62.40%,108.5MiB / 15.62GiB
15:53:16,courseregistrationplatform-backend_3-1,62.82%,124.7MiB / 15.62GiB
15:53:16,courseregistrationplatform-db-1,2.77%,400.1MiB / 15.62GiB
15:53:16,courseregistrationplatform-frontend-1,0.00%,46.88MiB / 15.62GiB
15:53:16,courseregistrationplatform-worker_1-1,1.12%,34.95MiB / 15.62GiB
15:53:16,courseregistrationplatform-worker_2-1,0.69%,35MiB / 15.62GiB
15:53:16,courseregistrationplatform-ai-server-1,0.21%,123.2MiB / 15.62GiB
15:53:16,courseregistrationplatform-rabbitmq-1,0.99%,168.9MiB / 15.62GiB
15:53:16,courseregistrationplatform-redis-1,12.31%,11.24MiB / 15.62GiB
15:53:16,courseregistrationplatform-grafana-1,0.07%,70.85MiB / 15.62GiB
15:53:16,courseregistrationplatform-prometheus-1,0.07%,70.71MiB / 15.62GiB
15:53:16,sugang-control-plane,13.24%,782.8MiB / 15.62GiB
15:53:16,sugang-worker,4.58%,1.171GiB / 15.62GiB
15:53:16,sugang-worker2,4.16%,1.513GiB / 15.62GiB
15:53:16,biostream_api,8.21%,219.5MiB / 15.62GiB
15:53:16,biostream_mcp,0.00%,0B / 0B
15:53:16,biostream_qdrant,0.13%,162.9MiB / 15.62GiB
15:53:16,biostream_db,0.00%,35.56MiB / 15.62GiB
15:53:24,courseregistrationplatform-k6-run-55d215337951,153.83%,2.977GiB / 15.62GiB
15:53:24,courseregistrationplatform-backend_2-1,59.75%,95.36MiB / 15.62GiB
15:53:24,courseregistrationplatform-backend_1-1,58.71%,98.76MiB / 15.62GiB
15:53:24,courseregistrationplatform-nginx-1,31.63%,88.4MiB / 15.62GiB
15:53:24,courseregistrationplatform-backend_4-1,60.63%,105.9MiB / 15.62GiB
15:53:24,courseregistrationplatform-backend_3-1,60.08%,119.6MiB / 15.62GiB
15:53:24,courseregistrationplatform-db-1,3.45%,399.3MiB / 15.62GiB
15:53:24,courseregistrationplatform-frontend-1,0.00%,46.88MiB / 15.62GiB
15:53:24,courseregistrationplatform-worker_1-1,0.85%,35.3MiB / 15.62GiB
15:53:24,courseregistrationplatform-worker_2-1,1.13%,34.85MiB / 15.62GiB
15:53:24,courseregistrationplatform-ai-server-1,0.18%,123.2MiB / 15.62GiB
15:53:24,courseregistrationplatform-rabbitmq-1,2.06%,168.8MiB / 15.62GiB
15:53:24,courseregistrationplatform-redis-1,11.93%,11MiB / 15.62GiB
15:53:24,courseregistrationplatform-grafana-1,0.07%,70.85MiB / 15.62GiB
15:53:24,courseregistrationplatform-prometheus-1,0.18%,70.71MiB / 15.62GiB
15:53:24,sugang-control-plane,13.03%,781.9MiB / 15.62GiB
15:53:24,sugang-worker,2.13%,1.171GiB / 15.62GiB
15:53:24,sugang-worker2,4.70%,1.513GiB / 15.62GiB
15:53:24,biostream_api,8.34%,219.9MiB / 15.62GiB
15:53:24,biostream_mcp,0.00%,0B / 0B
15:53:24,biostream_qdrant,0.37%,162.9MiB / 15.62GiB
15:53:24,biostream_db,0.00%,35.56MiB / 15.62GiB
15:53:32,courseregistrationplatform-k6-run-55d215337951,152.43%,2.977GiB / 15.62GiB
15:53:32,courseregistrationplatform-backend_2-1,60.92%,93.79MiB / 15.62GiB
15:53:32,courseregistrationplatform-backend_1-1,59.50%,100.6MiB / 15.62GiB
15:53:32,courseregistrationplatform-nginx-1,32.42%,87.73MiB / 15.62GiB
15:53:32,courseregistrationplatform-backend_4-1,60.85%,97.52MiB / 15.62GiB
15:53:32,courseregistrationplatform-backend_3-1,60.83%,103.2MiB / 15.62GiB
15:53:32,courseregistrationplatform-db-1,4.39%,399.3MiB / 15.62GiB
15:53:32,courseregistrationplatform-frontend-1,0.00%,46.88MiB / 15.62GiB
15:53:32,courseregistrationplatform-worker_1-1,0.91%,34.86MiB / 15.62GiB
15:53:32,courseregistrationplatform-worker_2-1,1.10%,34.36MiB / 15.62GiB
15:53:32,courseregistrationplatform-ai-server-1,0.20%,123.2MiB / 15.62GiB
15:53:32,courseregistrationplatform-rabbitmq-1,1.38%,168.7MiB / 15.62GiB
15:53:32,courseregistrationplatform-redis-1,12.38%,11.01MiB / 15.62GiB
15:53:32,courseregistrationplatform-grafana-1,0.06%,70.85MiB / 15.62GiB
15:53:32,courseregistrationplatform-prometheus-1,0.19%,70.71MiB / 15.62GiB
15:53:32,sugang-control-plane,13.11%,781.8MiB / 15.62GiB
15:53:32,sugang-worker,6.55%,1.17GiB / 15.62GiB
15:53:32,sugang-worker2,7.32%,1.512GiB / 15.62GiB
15:53:32,biostream_api,8.32%,219.4MiB / 15.62GiB
15:53:32,biostream_mcp,0.00%,0B / 0B
15:53:32,biostream_qdrant,0.17%,162.9MiB / 15.62GiB
15:53:32,biostream_db,0.00%,35.56MiB / 15.62GiB
15:53:40,courseregistrationplatform-k6-run-55d215337951,155.87%,2.977GiB / 15.62GiB
15:53:40,courseregistrationplatform-backend_2-1,62.19%,94.14MiB / 15.62GiB
15:53:40,courseregistrationplatform-backend_1-1,58.47%,99.51MiB / 15.62GiB
15:53:40,courseregistrationplatform-nginx-1,31.19%,87.52MiB / 15.62GiB
15:53:40,courseregistrationplatform-backend_4-1,58.67%,99.32MiB / 15.62GiB
15:53:40,courseregistrationplatform-backend_3-1,57.20%,101.1MiB / 15.62GiB
15:53:40,courseregistrationplatform-db-1,3.72%,399.3MiB / 15.62GiB
15:53:40,courseregistrationplatform-frontend-1,0.00%,46.88MiB / 15.62GiB
15:53:40,courseregistrationplatform-worker_1-1,0.74%,34.95MiB / 15.62GiB
15:53:40,courseregistrationplatform-worker_2-1,0.61%,34.35MiB / 15.62GiB
15:53:40,courseregistrationplatform-ai-server-1,0.22%,123.2MiB / 15.62GiB
15:53:40,courseregistrationplatform-rabbitmq-1,0.98%,168.5MiB / 15.62GiB
15:53:40,courseregistrationplatform-redis-1,11.92%,10.76MiB / 15.62GiB
15:53:40,courseregistrationplatform-grafana-1,0.05%,70.85MiB / 15.62GiB
15:53:40,courseregistrationplatform-prometheus-1,0.12%,70.72MiB / 15.62GiB
15:53:40,sugang-control-plane,12.31%,782.7MiB / 15.62GiB
15:53:40,sugang-worker,3.88%,1.171GiB / 15.62GiB
15:53:40,sugang-worker2,4.51%,1.513GiB / 15.62GiB
15:53:40,biostream_api,5.99%,219.2MiB / 15.62GiB
15:53:40,biostream_mcp,0.00%,0B / 0B
15:53:40,biostream_qdrant,0.14%,162.9MiB / 15.62GiB
15:53:40,biostream_db,0.00%,35.56MiB / 15.62GiB
15:53:48,courseregistrationplatform-k6-run-55d215337951,150.31%,2.977GiB / 15.62GiB
15:53:48,courseregistrationplatform-backend_2-1,58.47%,94.15MiB / 15.62GiB
15:53:48,courseregistrationplatform-backend_1-1,58.57%,99.5MiB / 15.62GiB
15:53:48,courseregistrationplatform-nginx-1,31.46%,87.9MiB / 15.62GiB
15:53:48,courseregistrationplatform-backend_4-1,58.20%,98.33MiB / 15.62GiB
15:53:48,courseregistrationplatform-backend_3-1,61.20%,99.22MiB / 15.62GiB
15:53:48,courseregistrationplatform-db-1,8.30%,399.6MiB / 15.62GiB
15:53:48,courseregistrationplatform-frontend-1,0.00%,46.88MiB / 15.62GiB
15:53:48,courseregistrationplatform-worker_1-1,0.85%,35.1MiB / 15.62GiB
15:53:48,courseregistrationplatform-worker_2-1,0.82%,34.5MiB / 15.62GiB
15:53:48,courseregistrationplatform-ai-server-1,0.29%,123.2MiB / 15.62GiB
15:53:48,courseregistrationplatform-rabbitmq-1,0.99%,168.5MiB / 15.62GiB
15:53:48,courseregistrationplatform-redis-1,12.31%,11.01MiB / 15.62GiB
15:53:48,courseregistrationplatform-grafana-1,0.27%,70.74MiB / 15.62GiB
15:53:48,courseregistrationplatform-prometheus-1,1.06%,70.73MiB / 15.62GiB
15:53:48,sugang-control-plane,12.81%,783.2MiB / 15.62GiB
15:53:48,sugang-worker,2.83%,1.171GiB / 15.62GiB
15:53:48,sugang-worker2,7.47%,1.513GiB / 15.62GiB
15:53:48,biostream_api,9.01%,219.7MiB / 15.62GiB
15:53:48,biostream_mcp,0.00%,0B / 0B
15:53:48,biostream_qdrant,0.12%,162.8MiB / 15.62GiB
15:53:48,biostream_db,4.03%,35.56MiB / 15.62GiB
15:53:56,courseregistrationplatform-k6-run-55d215337951,153.76%,2.976GiB / 15.62GiB
15:53:56,courseregistrationplatform-backend_2-1,57.00%,95.52MiB / 15.62GiB
15:53:56,courseregistrationplatform-backend_1-1,55.32%,102.6MiB / 15.62GiB
15:53:56,courseregistrationplatform-nginx-1,25.87%,87.29MiB / 15.62GiB
15:53:56,courseregistrationplatform-backend_4-1,54.81%,97.3MiB / 15.62GiB
15:53:56,courseregistrationplatform-backend_3-1,56.27%,97.95MiB / 15.62GiB
15:53:56,courseregistrationplatform-db-1,4.48%,399.4MiB / 15.62GiB
15:53:56,courseregistrationplatform-frontend-1,0.00%,46.88MiB / 15.62GiB
15:53:56,courseregistrationplatform-worker_1-1,1.75%,35.34MiB / 15.62GiB
15:53:56,courseregistrationplatform-worker_2-1,1.76%,34.57MiB / 15.62GiB
15:53:56,courseregistrationplatform-ai-server-1,0.21%,123.2MiB / 15.62GiB
15:53:56,courseregistrationplatform-rabbitmq-1,1.38%,168.1MiB / 15.62GiB
15:53:56,courseregistrationplatform-redis-1,11.66%,10.77MiB / 15.62GiB
15:53:56,courseregistrationplatform-grafana-1,0.08%,72.1MiB / 15.62GiB
15:53:56,courseregistrationplatform-prometheus-1,0.11%,70.73MiB / 15.62GiB
15:53:56,sugang-control-plane,18.33%,783.4MiB / 15.62GiB
15:53:56,sugang-worker,5.63%,1.171GiB / 15.62GiB
15:53:56,sugang-worker2,5.35%,1.513GiB / 15.62GiB
15:53:56,biostream_api,8.61%,219MiB / 15.62GiB
15:53:56,biostream_mcp,0.00%,0B / 0B
15:53:56,biostream_qdrant,0.12%,162.9MiB / 15.62GiB
15:53:56,biostream_db,0.00%,35.56MiB / 15.62GiB
15:54:04,courseregistrationplatform-k6-run-55d215337951,150.85%,2.927GiB / 15.62GiB
15:54:04,courseregistrationplatform-backend_2-1,56.55%,91.68MiB / 15.62GiB
15:54:04,courseregistrationplatform-backend_1-1,52.23%,103.1MiB / 15.62GiB
15:54:04,courseregistrationplatform-nginx-1,28.61%,86.9MiB / 15.62GiB
15:54:04,courseregistrationplatform-backend_4-1,56.55%,95.94MiB / 15.62GiB
15:54:04,courseregistrationplatform-backend_3-1,53.10%,98.7MiB / 15.62GiB
15:54:04,courseregistrationplatform-db-1,2.77%,399.4MiB / 15.62GiB
15:54:04,courseregistrationplatform-frontend-1,0.00%,46.88MiB / 15.62GiB
15:54:04,courseregistrationplatform-worker_1-1,0.65%,34.59MiB / 15.62GiB
15:54:04,courseregistrationplatform-worker_2-1,0.72%,34.87MiB / 15.62GiB
15:54:04,courseregistrationplatform-ai-server-1,0.21%,123.2MiB / 15.62GiB
15:54:04,courseregistrationplatform-rabbitmq-1,1.46%,167.8MiB / 15.62GiB
15:54:04,courseregistrationplatform-redis-1,10.96%,10.77MiB / 15.62GiB
15:54:04,courseregistrationplatform-grafana-1,0.53%,72.1MiB / 15.62GiB
15:54:04,courseregistrationplatform-prometheus-1,0.08%,70.73MiB / 15.62GiB
15:54:04,sugang-control-plane,16.51%,782.8MiB / 15.62GiB
15:54:04,sugang-worker,7.99%,1.171GiB / 15.62GiB
15:54:04,sugang-worker2,3.31%,1.519GiB / 15.62GiB
15:54:04,biostream_api,7.36%,218.7MiB / 15.62GiB
15:54:04,biostream_mcp,0.00%,0B / 0B
15:54:04,biostream_qdrant,0.36%,162.9MiB / 15.62GiB
15:54:04,biostream_db,0.00%,35.56MiB / 15.62GiB
15:54:12,courseregistrationplatform-k6-run-55d215337951,147.25%,2.927GiB / 15.62GiB
15:54:12,courseregistrationplatform-backend_2-1,55.87%,92.38MiB / 15.62GiB
15:54:12,courseregistrationplatform-backend_1-1,55.47%,95.09MiB / 15.62GiB
15:54:12,courseregistrationplatform-nginx-1,29.11%,86.93MiB / 15.62GiB
15:54:12,courseregistrationplatform-backend_4-1,56.81%,97.75MiB / 15.62GiB
15:54:12,courseregistrationplatform-backend_3-1,56.99%,100.8MiB / 15.62GiB
15:54:12,courseregistrationplatform-db-1,3.21%,399.9MiB / 15.62GiB
15:54:12,courseregistrationplatform-frontend-1,0.00%,46.88MiB / 15.62GiB
15:54:12,courseregistrationplatform-worker_1-1,0.75%,34.94MiB / 15.62GiB
15:54:12,courseregistrationplatform-worker_2-1,0.95%,34.31MiB / 15.62GiB
15:54:12,courseregistrationplatform-ai-server-1,0.23%,123.2MiB / 15.62GiB
15:54:12,courseregistrationplatform-rabbitmq-1,1.28%,167.9MiB / 15.62GiB
15:54:12,courseregistrationplatform-redis-1,11.57%,10.77MiB / 15.62GiB
15:54:12,courseregistrationplatform-grafana-1,0.08%,72.1MiB / 15.62GiB
15:54:12,courseregistrationplatform-prometheus-1,0.19%,70.73MiB / 15.62GiB
15:54:12,sugang-control-plane,15.34%,782.9MiB / 15.62GiB
15:54:12,sugang-worker,3.97%,1.171GiB / 15.62GiB
15:54:12,sugang-worker2,3.47%,1.519GiB / 15.62GiB
15:54:12,biostream_api,7.86%,219.9MiB / 15.62GiB
15:54:12,biostream_qdrant,0.11%,162.9MiB / 15.62GiB
15:54:12,biostream_db,3.74%,35.56MiB / 15.62GiB
15:54:20,courseregistrationplatform-k6-run-55d215337951,147.45%,2.927GiB / 15.62GiB
15:54:20,courseregistrationplatform-backend_2-1,54.47%,92.48MiB / 15.62GiB
15:54:20,courseregistrationplatform-backend_1-1,59.16%,95.74MiB / 15.62GiB
15:54:20,courseregistrationplatform-nginx-1,29.72%,86.3MiB / 15.62GiB
15:54:20,courseregistrationplatform-backend_4-1,55.85%,94.28MiB / 15.62GiB
15:54:20,courseregistrationplatform-backend_3-1,55.84%,97.6MiB / 15.62GiB
15:54:20,courseregistrationplatform-db-1,4.02%,399.4MiB / 15.62GiB
15:54:20,courseregistrationplatform-frontend-1,0.00%,46.88MiB / 15.62GiB
15:54:20,courseregistrationplatform-worker_1-1,0.84%,35.26MiB / 15.62GiB
15:54:20,courseregistrationplatform-worker_2-1,1.15%,34.36MiB / 15.62GiB
15:54:20,courseregistrationplatform-ai-server-1,0.21%,123.2MiB / 15.62GiB
15:54:20,courseregistrationplatform-rabbitmq-1,1.43%,167.8MiB / 15.62GiB
15:54:20,courseregistrationplatform-redis-1,11.15%,10.77MiB / 15.62GiB
15:54:20,courseregistrationplatform-grafana-1,0.08%,72.1MiB / 15.62GiB
15:54:20,courseregistrationplatform-prometheus-1,0.12%,70.73MiB / 15.62GiB
15:54:20,sugang-control-plane,12.13%,784MiB / 15.62GiB
15:54:20,sugang-worker,4.81%,1.171GiB / 15.62GiB
15:54:20,sugang-worker2,4.35%,1.52GiB / 15.62GiB
15:54:20,biostream_api,8.76%,219.5MiB / 15.62GiB
15:54:20,biostream_mcp,0.00%,0B / 0B
15:54:20,biostream_qdrant,0.12%,162.9MiB / 15.62GiB
15:54:20,biostream_db,0.00%,35.56MiB / 15.62GiB
15:54:28,courseregistrationplatform-k6-run-55d215337951,150.39%,2.926GiB / 15.62GiB
15:54:28,courseregistrationplatform-backend_2-1,60.83%,90.99MiB / 15.62GiB
15:54:28,courseregistrationplatform-backend_1-1,54.85%,96.04MiB / 15.62GiB
15:54:28,courseregistrationplatform-nginx-1,29.75%,85.65MiB / 15.62GiB
15:54:28,courseregistrationplatform-backend_4-1,52.20%,98.36MiB / 15.62GiB
15:54:28,courseregistrationplatform-backend_3-1,54.74%,97.55MiB / 15.62GiB
15:54:28,courseregistrationplatform-db-1,4.55%,399.4MiB / 15.62GiB
15:54:28,courseregistrationplatform-frontend-1,0.00%,46.88MiB / 15.62GiB
15:54:28,courseregistrationplatform-worker_1-1,0.41%,35.14MiB / 15.62GiB
15:54:28,courseregistrationplatform-worker_2-1,0.84%,34.96MiB / 15.62GiB
15:54:28,courseregistrationplatform-ai-server-1,0.21%,123.2MiB / 15.62GiB
15:54:28,courseregistrationplatform-rabbitmq-1,1.21%,167.9MiB / 15.62GiB
15:54:28,courseregistrationplatform-redis-1,12.34%,11.02MiB / 15.62GiB
15:54:28,courseregistrationplatform-grafana-1,0.17%,72.1MiB / 15.62GiB
15:54:28,courseregistrationplatform-prometheus-1,0.19%,70.98MiB / 15.62GiB
15:54:28,sugang-control-plane,18.66%,783.4MiB / 15.62GiB
15:54:28,sugang-worker,6.44%,1.179GiB / 15.62GiB
15:54:28,sugang-worker2,4.74%,1.52GiB / 15.62GiB
15:54:28,biostream_api,9.03%,219.7MiB / 15.62GiB
15:54:28,biostream_mcp,0.00%,0B / 0B
15:54:28,biostream_qdrant,2.59%,162.9MiB / 15.62GiB
15:54:28,biostream_db,3.53%,35.56MiB / 15.62GiB
15:54:36,courseregistrationplatform-k6-run-55d215337951,149.63%,2.926GiB / 15.62GiB
15:54:36,courseregistrationplatform-backend_2-1,55.31%,90.09MiB / 15.62GiB
15:54:36,courseregistrationplatform-backend_1-1,54.34%,95.25MiB / 15.62GiB
15:54:36,courseregistrationplatform-nginx-1,29.67%,85MiB / 15.62GiB
15:54:36,courseregistrationplatform-backend_4-1,54.80%,92.76MiB / 15.62GiB
15:54:36,courseregistrationplatform-backend_3-1,54.47%,100.6MiB / 15.62GiB
15:54:36,courseregistrationplatform-db-1,3.83%,399.7MiB / 15.62GiB
15:54:36,courseregistrationplatform-frontend-1,0.00%,46.88MiB / 15.62GiB
15:54:36,courseregistrationplatform-worker_1-1,1.34%,35.54MiB / 15.62GiB
15:54:36,courseregistrationplatform-worker_2-1,1.30%,35.03MiB / 15.62GiB
15:54:36,courseregistrationplatform-ai-server-1,0.19%,123.2MiB / 15.62GiB
15:54:36,courseregistrationplatform-rabbitmq-1,1.66%,168MiB / 15.62GiB
15:54:36,courseregistrationplatform-redis-1,11.17%,11.28MiB / 15.62GiB
15:54:36,courseregistrationplatform-grafana-1,0.05%,72.1MiB / 15.62GiB
15:54:36,courseregistrationplatform-prometheus-1,0.09%,70.74MiB / 15.62GiB
15:54:36,sugang-control-plane,17.56%,782.1MiB / 15.62GiB
15:54:36,sugang-worker,4.21%,1.179GiB / 15.62GiB
15:54:36,sugang-worker2,5.94%,1.519GiB / 15.62GiB
15:54:36,biostream_api,8.78%,219.5MiB / 15.62GiB
15:54:36,biostream_mcp,0.00%,0B / 0B
15:54:36,biostream_qdrant,0.12%,162.9MiB / 15.62GiB
15:54:36,biostream_db,0.00%,35.56MiB / 15.62GiB
15:54:43,courseregistrationplatform-k6-run-55d215337951,145.48%,2.926GiB / 15.62GiB
15:54:43,courseregistrationplatform-backend_2-1,56.76%,90.71MiB / 15.62GiB
15:54:43,courseregistrationplatform-backend_1-1,52.04%,94.48MiB / 15.62GiB
15:54:43,courseregistrationplatform-nginx-1,27.57%,84.7MiB / 15.62GiB
15:54:43,courseregistrationplatform-backend_4-1,51.03%,92.3MiB / 15.62GiB
15:54:43,courseregistrationplatform-backend_3-1,52.20%,105.4MiB / 15.62GiB
15:54:43,courseregistrationplatform-db-1,2.65%,399.4MiB / 15.62GiB
15:54:43,courseregistrationplatform-frontend-1,0.00%,46.88MiB / 15.62GiB
15:54:43,courseregistrationplatform-worker_1-1,0.49%,34.96MiB / 15.62GiB
15:54:43,courseregistrationplatform-worker_2-1,0.76%,34.65MiB / 15.62GiB
15:54:43,courseregistrationplatform-ai-server-1,0.24%,123.2MiB / 15.62GiB
15:54:43,courseregistrationplatform-rabbitmq-1,1.30%,168.3MiB / 15.62GiB
15:54:43,courseregistrationplatform-redis-1,10.62%,11.03MiB / 15.62GiB
15:54:43,courseregistrationplatform-grafana-1,0.08%,72.1MiB / 15.62GiB
15:54:43,courseregistrationplatform-prometheus-1,0.19%,70.98MiB / 15.62GiB
15:54:43,sugang-control-plane,22.08%,782.4MiB / 15.62GiB
15:54:43,sugang-worker,5.61%,1.179GiB / 15.62GiB
15:54:43,sugang-worker2,3.08%,1.525GiB / 15.62GiB
15:54:43,biostream_api,5.78%,219.2MiB / 15.62GiB
15:54:43,biostream_mcp,0.00%,0B / 0B
15:54:43,biostream_qdrant,0.16%,162.9MiB / 15.62GiB
15:54:43,biostream_db,4.05%,35.56MiB / 15.62GiB
15:54:51,courseregistrationplatform-k6-run-55d215337951,137.15%,2.925GiB / 15.62GiB
15:54:51,courseregistrationplatform-backend_2-1,48.96%,89.74MiB / 15.62GiB
15:54:51,courseregistrationplatform-backend_1-1,48.72%,94.22MiB / 15.62GiB
15:54:51,courseregistrationplatform-nginx-1,25.78%,84.88MiB / 15.62GiB
15:54:51,courseregistrationplatform-backend_4-1,48.67%,91.72MiB / 15.62GiB
15:54:51,courseregistrationplatform-backend_3-1,54.67%,98.13MiB / 15.62GiB
15:54:51,courseregistrationplatform-db-1,4.47%,399.8MiB / 15.62GiB
15:54:51,courseregistrationplatform-frontend-1,0.01%,46.88MiB / 15.62GiB
15:54:51,courseregistrationplatform-worker_1-1,1.27%,35.07MiB / 15.62GiB
15:54:51,courseregistrationplatform-worker_2-1,1.28%,34.99MiB / 15.62GiB
15:54:51,courseregistrationplatform-ai-server-1,0.24%,123.2MiB / 15.62GiB
15:54:51,courseregistrationplatform-rabbitmq-1,1.84%,168.3MiB / 15.62GiB
15:54:51,courseregistrationplatform-redis-1,10.30%,10.79MiB / 15.62GiB
15:54:51,courseregistrationplatform-grafana-1,0.06%,72.1MiB / 15.62GiB
15:54:51,courseregistrationplatform-prometheus-1,0.08%,70.8MiB / 15.62GiB
15:54:51,sugang-control-plane,15.68%,782.5MiB / 15.62GiB
15:54:51,sugang-worker,4.77%,1.18GiB / 15.62GiB
15:54:51,sugang-worker2,4.11%,1.534GiB / 15.62GiB
15:54:51,biostream_api,7.02%,219.9MiB / 15.62GiB
15:54:51,biostream_mcp,0.00%,0B / 0B
15:54:51,biostream_qdrant,0.15%,162.9MiB / 15.62GiB
15:54:51,biostream_db,0.00%,35.56MiB / 15.62GiB
15:54:58,courseregistrationplatform-k6-run-55d215337951,170.27%,2.917GiB / 15.62GiB
15:54:58,courseregistrationplatform-backend_2-1,47.06%,90.24MiB / 15.62GiB
15:54:58,courseregistrationplatform-backend_1-1,54.82%,95.49MiB / 15.62GiB
15:54:58,courseregistrationplatform-nginx-1,25.63%,84MiB / 15.62GiB
15:54:58,courseregistrationplatform-backend_4-1,47.68%,91.22MiB / 15.62GiB
15:54:58,courseregistrationplatform-backend_3-1,50.56%,97MiB / 15.62GiB
15:54:58,courseregistrationplatform-db-1,3.71%,399.5MiB / 15.62GiB
15:54:58,courseregistrationplatform-frontend-1,0.00%,46.88MiB / 15.62GiB
15:54:58,courseregistrationplatform-worker_1-1,0.77%,34.76MiB / 15.62GiB
15:54:58,courseregistrationplatform-worker_2-1,1.16%,34.31MiB / 15.62GiB
15:54:58,courseregistrationplatform-ai-server-1,0.22%,123.2MiB / 15.62GiB
15:54:58,courseregistrationplatform-rabbitmq-1,1.34%,167.9MiB / 15.62GiB
15:54:58,courseregistrationplatform-redis-1,10.42%,11.02MiB / 15.62GiB
15:54:58,courseregistrationplatform-grafana-1,0.10%,72.1MiB / 15.62GiB
15:54:58,courseregistrationplatform-prometheus-1,0.03%,70.8MiB / 15.62GiB
15:54:58,sugang-control-plane,14.33%,782.3MiB / 15.62GiB
15:54:58,sugang-worker,3.95%,1.179GiB / 15.62GiB
15:54:58,sugang-worker2,5.93%,1.535GiB / 15.62GiB
15:54:58,biostream_api,8.38%,219.2MiB / 15.62GiB
15:54:58,biostream_mcp,0.00%,0B / 0B
15:54:58,biostream_qdrant,0.11%,162.9MiB / 15.62GiB
15:54:58,biostream_db,0.00%,35.56MiB / 15.62GiB
15:55:04,courseregistrationplatform-k6-run-55d215337951,143.13%,2.867GiB / 15.62GiB
15:55:04,courseregistrationplatform-backend_2-1,51.76%,90.43MiB / 15.62GiB
15:55:04,courseregistrationplatform-backend_1-1,50.53%,93.47MiB / 15.62GiB
15:55:04,courseregistrationplatform-nginx-1,25.91%,83.71MiB / 15.62GiB
15:55:04,courseregistrationplatform-backend_4-1,48.03%,91.64MiB / 15.62GiB
15:55:04,courseregistrationplatform-backend_3-1,47.82%,94.88MiB / 15.62GiB
15:55:04,courseregistrationplatform-db-1,3.63%,400MiB / 15.62GiB
15:55:04,courseregistrationplatform-frontend-1,0.00%,46.88MiB / 15.62GiB
15:55:04,courseregistrationplatform-worker_1-1,0.94%,34.71MiB / 15.62GiB
15:55:04,courseregistrationplatform-worker_2-1,0.69%,35.05MiB / 15.62GiB
15:55:04,courseregistrationplatform-ai-server-1,0.22%,123.2MiB / 15.62GiB
15:55:04,courseregistrationplatform-rabbitmq-1,1.54%,167.7MiB / 15.62GiB
15:55:04,courseregistrationplatform-redis-1,10.16%,11.04MiB / 15.62GiB
15:55:04,courseregistrationplatform-grafana-1,0.29%,72.35MiB / 15.62GiB
15:55:04,courseregistrationplatform-prometheus-1,0.97%,71.05MiB / 15.62GiB
15:55:04,sugang-control-plane,9.88%,781.2MiB / 15.62GiB
15:55:04,sugang-worker,3.67%,1.179GiB / 15.62GiB
15:55:04,sugang-worker2,4.66%,1.534GiB / 15.62GiB
15:55:04,biostream_api,8.40%,219.5MiB / 15.62GiB
15:55:04,biostream_mcp,0.00%,0B / 0B
15:55:04,biostream_qdrant,0.35%,162.9MiB / 15.62GiB
15:55:04,biostream_db,0.01%,35.56MiB / 15.62GiB
15:55:11,courseregistrationplatform-k6-run-55d215337951,139.82%,2.868GiB / 15.62GiB
15:55:11,courseregistrationplatform-backend_2-1,51.18%,90.22MiB / 15.62GiB
15:55:11,courseregistrationplatform-backend_1-1,49.99%,94.21MiB / 15.62GiB
15:55:11,courseregistrationplatform-nginx-1,26.11%,82.98MiB / 15.62GiB
15:55:11,courseregistrationplatform-backend_4-1,54.13%,91.9MiB / 15.62GiB
15:55:11,courseregistrationplatform-backend_3-1,46.96%,93.88MiB / 15.62GiB
15:55:11,courseregistrationplatform-db-1,4.02%,399.5MiB / 15.62GiB
15:55:11,courseregistrationplatform-frontend-1,0.00%,46.88MiB / 15.62GiB
15:55:11,courseregistrationplatform-worker_1-1,0.87%,35MiB / 15.62GiB
15:55:11,courseregistrationplatform-worker_2-1,0.71%,34.77MiB / 15.62GiB
15:55:11,courseregistrationplatform-ai-server-1,0.20%,123.2MiB / 15.62GiB
15:55:11,courseregistrationplatform-rabbitmq-1,1.16%,167.9MiB / 15.62GiB
15:55:11,courseregistrationplatform-redis-1,10.02%,11.04MiB / 15.62GiB
15:55:11,courseregistrationplatform-grafana-1,0.05%,72.1MiB / 15.62GiB
15:55:11,courseregistrationplatform-prometheus-1,0.07%,70.81MiB / 15.62GiB
15:55:11,sugang-control-plane,14.25%,782.4MiB / 15.62GiB
15:55:11,sugang-worker,6.86%,1.179GiB / 15.62GiB
15:55:11,sugang-worker2,4.29%,1.534GiB / 15.62GiB
15:55:11,biostream_api,8.07%,219.2MiB / 15.62GiB
15:55:11,biostream_mcp,0.00%,0B / 0B
15:55:11,biostream_qdrant,0.13%,162.9MiB / 15.62GiB
15:55:11,biostream_db,0.00%,35.56MiB / 15.62GiB
15:55:18,courseregistrationplatform-k6-run-55d215337951,147.18%,2.867GiB / 15.62GiB
15:55:18,courseregistrationplatform-backend_2-1,47.15%,90.43MiB / 15.62GiB
15:55:18,courseregistrationplatform-backend_1-1,48.22%,94.54MiB / 15.62GiB
15:55:18,courseregistrationplatform-nginx-1,25.95%,82.63MiB / 15.62GiB
15:55:18,courseregistrationplatform-backend_4-1,51.52%,91.45MiB / 15.62GiB
15:55:18,courseregistrationplatform-backend_3-1,47.82%,96.71MiB / 15.62GiB
15:55:18,courseregistrationplatform-db-1,6.89%,399.8MiB / 15.62GiB
15:55:18,courseregistrationplatform-frontend-1,0.00%,46.88MiB / 15.62GiB
15:55:18,courseregistrationplatform-worker_1-1,0.76%,34.83MiB / 15.62GiB
15:55:18,courseregistrationplatform-worker_2-1,0.87%,35.01MiB / 15.62GiB
15:55:18,courseregistrationplatform-ai-server-1,0.20%,123.2MiB / 15.62GiB
15:55:18,courseregistrationplatform-rabbitmq-1,1.25%,167.9MiB / 15.62GiB
15:55:18,courseregistrationplatform-redis-1,10.18%,11.04MiB / 15.62GiB
15:55:18,courseregistrationplatform-grafana-1,0.22%,72.21MiB / 15.62GiB
15:55:18,courseregistrationplatform-prometheus-1,0.84%,70.81MiB / 15.62GiB
15:55:18,sugang-control-plane,12.75%,783.5MiB / 15.62GiB
15:55:18,sugang-worker,3.43%,1.179GiB / 15.62GiB
15:55:18,sugang-worker2,4.88%,1.534GiB / 15.62GiB
15:55:18,biostream_api,8.58%,219MiB / 15.62GiB
15:55:18,biostream_mcp,0.00%,0B / 0B
15:55:18,biostream_qdrant,0.14%,162.8MiB / 15.62GiB
15:55:18,biostream_db,3.09%,35.56MiB / 15.62GiB
15:55:26,courseregistrationplatform-k6-run-55d215337951,140.56%,2.867GiB / 15.62GiB
15:55:26,courseregistrationplatform-backend_2-1,40.08%,89.73MiB / 15.62GiB
15:55:26,courseregistrationplatform-backend_1-1,41.20%,94.21MiB / 15.62GiB
15:55:26,courseregistrationplatform-nginx-1,23.02%,82.46MiB / 15.62GiB
15:55:26,courseregistrationplatform-backend_4-1,41.53%,92.18MiB / 15.62GiB
15:55:26,courseregistrationplatform-backend_3-1,40.64%,94.4MiB / 15.62GiB
15:55:26,courseregistrationplatform-db-1,3.46%,399.5MiB / 15.62GiB
15:55:26,courseregistrationplatform-frontend-1,0.00%,46.88MiB / 15.62GiB
15:55:26,courseregistrationplatform-worker_1-1,0.81%,35.27MiB / 15.62GiB
15:55:26,courseregistrationplatform-worker_2-1,1.11%,34.32MiB / 15.62GiB
15:55:26,courseregistrationplatform-ai-server-1,0.20%,123.2MiB / 15.62GiB
15:55:26,courseregistrationplatform-rabbitmq-1,1.43%,168.1MiB / 15.62GiB
15:55:26,courseregistrationplatform-redis-1,8.90%,11.04MiB / 15.62GiB
15:55:26,courseregistrationplatform-grafana-1,0.06%,72.22MiB / 15.62GiB
15:55:26,courseregistrationplatform-prometheus-1,0.00%,70.81MiB / 15.62GiB
15:55:26,sugang-control-plane,13.01%,782MiB / 15.62GiB
15:55:26,sugang-worker,5.24%,1.182GiB / 15.62GiB
15:55:26,sugang-worker2,6.66%,1.534GiB / 15.62GiB
15:55:26,biostream_api,8.02%,220.2MiB / 15.62GiB
15:55:26,biostream_mcp,0.00%,0B / 0B
15:55:26,biostream_qdrant,0.13%,162.9MiB / 15.62GiB
15:55:26,biostream_db,0.00%,35.56MiB / 15.62GiB
15:55:33,courseregistrationplatform-k6-run-55d215337951,144.28%,2.867GiB / 15.62GiB
15:55:33,courseregistrationplatform-backend_2-1,41.38%,91.54MiB / 15.62GiB
15:55:33,courseregistrationplatform-backend_1-1,41.45%,93.96MiB / 15.62GiB
15:55:33,courseregistrationplatform-nginx-1,23.06%,81.97MiB / 15.62GiB
15:55:33,courseregistrationplatform-backend_4-1,42.06%,91.4MiB / 15.62GiB
15:55:33,courseregistrationplatform-backend_3-1,43.01%,93.81MiB / 15.62GiB
15:55:33,courseregistrationplatform-db-1,2.86%,399.6MiB / 15.62GiB
15:55:33,courseregistrationplatform-frontend-1,0.00%,46.88MiB / 15.62GiB
15:55:33,courseregistrationplatform-worker_1-1,0.66%,35.29MiB / 15.62GiB
15:55:33,courseregistrationplatform-worker_2-1,0.69%,34.38MiB / 15.62GiB
15:55:33,courseregistrationplatform-ai-server-1,0.23%,123.2MiB / 15.62GiB
15:55:33,courseregistrationplatform-rabbitmq-1,1.09%,168.2MiB / 15.62GiB
15:55:33,courseregistrationplatform-redis-1,9.17%,10.8MiB / 15.62GiB
15:55:33,courseregistrationplatform-grafana-1,0.10%,72.22MiB / 15.62GiB
15:55:33,courseregistrationplatform-prometheus-1,1.43%,70.82MiB / 15.62GiB
15:55:33,sugang-control-plane,12.07%,781.3MiB / 15.62GiB
15:55:33,sugang-worker,3.12%,1.178GiB / 15.62GiB
15:55:33,sugang-worker2,7.87%,1.533GiB / 15.62GiB
15:55:33,biostream_api,5.88%,220MiB / 15.62GiB
15:55:33,biostream_mcp,0.00%,0B / 0B
15:55:33,biostream_qdrant,0.13%,162.9MiB / 15.62GiB
15:55:33,biostream_db,0.00%,35.56MiB / 15.62GiB
15:55:40,courseregistrationplatform-k6-run-55d215337951,140.21%,2.866GiB / 15.62GiB
15:55:40,courseregistrationplatform-backend_2-1,41.82%,90.33MiB / 15.62GiB
15:55:40,courseregistrationplatform-backend_1-1,40.06%,92.96MiB / 15.62GiB
15:55:40,courseregistrationplatform-nginx-1,22.58%,82.03MiB / 15.62GiB
15:55:40,courseregistrationplatform-backend_4-1,39.86%,91.74MiB / 15.62GiB
15:55:40,courseregistrationplatform-backend_3-1,41.38%,93.85MiB / 15.62GiB
15:55:40,courseregistrationplatform-db-1,3.56%,399.6MiB / 15.62GiB
15:55:40,courseregistrationplatform-frontend-1,0.00%,46.88MiB / 15.62GiB
15:55:40,courseregistrationplatform-worker_1-1,0.73%,34.94MiB / 15.62GiB
15:55:40,courseregistrationplatform-worker_2-1,0.97%,35.13MiB / 15.62GiB
15:55:40,courseregistrationplatform-ai-server-1,0.22%,123.2MiB / 15.62GiB
15:55:40,courseregistrationplatform-rabbitmq-1,1.16%,167.7MiB / 15.62GiB
15:55:40,courseregistrationplatform-redis-1,8.77%,11.05MiB / 15.62GiB
15:55:40,courseregistrationplatform-grafana-1,0.06%,72.22MiB / 15.62GiB
15:55:40,courseregistrationplatform-prometheus-1,0.11%,70.81MiB / 15.62GiB
15:55:40,sugang-control-plane,10.61%,783MiB / 15.62GiB
15:55:40,sugang-worker,3.92%,1.179GiB / 15.62GiB
15:55:40,sugang-worker2,3.82%,1.534GiB / 15.62GiB
15:55:40,biostream_api,7.00%,219.7MiB / 15.62GiB
15:55:40,biostream_mcp,0.00%,0B / 0B
15:55:40,biostream_qdrant,0.15%,162.9MiB / 15.62GiB
15:55:40,biostream_db,0.00%,35.56MiB / 15.62GiB
15:55:48,courseregistrationplatform-k6-run-55d215337951,139.80%,2.866GiB / 15.62GiB
15:55:48,courseregistrationplatform-backend_2-1,36.03%,90.22MiB / 15.62GiB
15:55:48,courseregistrationplatform-backend_1-1,40.38%,93.18MiB / 15.62GiB
15:55:48,courseregistrationplatform-nginx-1,20.94%,82.07MiB / 15.62GiB
15:55:48,courseregistrationplatform-backend_4-1,35.50%,91.72MiB / 15.62GiB
15:55:48,courseregistrationplatform-backend_3-1,37.35%,93.46MiB / 15.62GiB
15:55:48,courseregistrationplatform-db-1,4.01%,399.6MiB / 15.62GiB
15:55:48,courseregistrationplatform-frontend-1,0.00%,46.88MiB / 15.62GiB
15:55:48,courseregistrationplatform-worker_1-1,0.93%,35.03MiB / 15.62GiB
15:55:48,courseregistrationplatform-worker_2-1,1.07%,34.75MiB / 15.62GiB
15:55:48,courseregistrationplatform-ai-server-1,0.20%,123.2MiB / 15.62GiB
15:55:48,courseregistrationplatform-rabbitmq-1,1.44%,167.9MiB / 15.62GiB
15:55:48,courseregistrationplatform-redis-1,8.31%,10.8MiB / 15.62GiB
15:55:48,courseregistrationplatform-grafana-1,0.13%,72.22MiB / 15.62GiB
15:55:48,courseregistrationplatform-prometheus-1,0.12%,70.82MiB / 15.62GiB
15:55:48,sugang-control-plane,14.68%,785MiB / 15.62GiB
15:55:48,sugang-worker,3.08%,1.178GiB / 15.62GiB
15:55:48,sugang-worker2,3.49%,1.534GiB / 15.62GiB
15:55:48,biostream_api,8.27%,220MiB / 15.62GiB
15:55:48,biostream_mcp,0.00%,0B / 0B
15:55:48,biostream_qdrant,0.13%,162.9MiB / 15.62GiB
15:55:48,biostream_db,0.00%,35.56MiB / 15.62GiB
15:55:55,courseregistrationplatform-k6-run-55d215337951,139.32%,2.866GiB / 15.62GiB
15:55:55,courseregistrationplatform-backend_2-1,42.33%,90.26MiB / 15.62GiB
15:55:55,courseregistrationplatform-backend_1-1,41.71%,93.5MiB / 15.62GiB
15:55:55,courseregistrationplatform-nginx-1,22.58%,81.6MiB / 15.62GiB
15:55:55,courseregistrationplatform-backend_4-1,42.17%,91.71MiB / 15.62GiB
15:55:55,courseregistrationplatform-backend_3-1,41.81%,93.41MiB / 15.62GiB
15:55:55,courseregistrationplatform-db-1,3.87%,399.6MiB / 15.62GiB
15:55:55,courseregistrationplatform-frontend-1,0.00%,46.88MiB / 15.62GiB
15:55:55,courseregistrationplatform-worker_1-1,1.37%,35.32MiB / 15.62GiB
15:55:55,courseregistrationplatform-worker_2-1,0.89%,35.04MiB / 15.62GiB
15:55:55,courseregistrationplatform-ai-server-1,0.17%,123.2MiB / 15.62GiB
15:55:55,courseregistrationplatform-rabbitmq-1,2.02%,167.9MiB / 15.62GiB
15:55:55,courseregistrationplatform-redis-1,9.25%,10.8MiB / 15.62GiB
15:55:55,courseregistrationplatform-grafana-1,0.59%,72.22MiB / 15.62GiB
15:55:55,courseregistrationplatform-prometheus-1,0.13%,70.82MiB / 15.62GiB
15:55:55,sugang-control-plane,9.51%,783.8MiB / 15.62GiB
15:55:55,sugang-worker,5.27%,1.186GiB / 15.62GiB
15:55:55,sugang-worker2,4.18%,1.535GiB / 15.62GiB
15:55:55,biostream_api,8.14%,219.2MiB / 15.62GiB
15:55:55,biostream_mcp,0.00%,0B / 0B
15:55:55,biostream_qdrant,0.35%,162.9MiB / 15.62GiB
15:55:55,biostream_db,0.00%,35.56MiB / 15.62GiB
15:56:03,courseregistrationplatform-k6-run-55d215337951,137.13%,2.865GiB / 15.62GiB
15:56:03,courseregistrationplatform-backend_2-1,39.19%,90.93MiB / 15.62GiB
15:56:03,courseregistrationplatform-backend_1-1,37.26%,93.54MiB / 15.62GiB
15:56:03,courseregistrationplatform-nginx-1,21.32%,80.91MiB / 15.62GiB
15:56:03,courseregistrationplatform-backend_4-1,36.49%,91.69MiB / 15.62GiB
15:56:03,courseregistrationplatform-backend_3-1,41.76%,93.07MiB / 15.62GiB
15:56:03,courseregistrationplatform-db-1,3.23%,399.6MiB / 15.62GiB
15:56:03,courseregistrationplatform-frontend-1,0.00%,46.88MiB / 15.62GiB
15:56:03,courseregistrationplatform-worker_1-1,0.79%,35.56MiB / 15.62GiB
15:56:03,courseregistrationplatform-worker_2-1,0.83%,34.42MiB / 15.62GiB
15:56:03,courseregistrationplatform-ai-server-1,0.18%,123.2MiB / 15.62GiB
15:56:03,courseregistrationplatform-rabbitmq-1,1.64%,167.6MiB / 15.62GiB
15:56:03,courseregistrationplatform-redis-1,8.90%,11.05MiB / 15.62GiB
15:56:03,courseregistrationplatform-grafana-1,0.08%,72.22MiB / 15.62GiB
15:56:03,courseregistrationplatform-prometheus-1,0.76%,70.82MiB / 15.62GiB
15:56:03,sugang-control-plane,15.76%,782.2MiB / 15.62GiB
15:56:03,sugang-worker,3.62%,1.186GiB / 15.62GiB
15:56:03,sugang-worker2,4.30%,1.542GiB / 15.62GiB
15:56:03,biostream_api,8.03%,219.2MiB / 15.62GiB
15:56:03,biostream_mcp,0.00%,0B / 0B
15:56:03,biostream_qdrant,0.13%,162.9MiB / 15.62GiB
15:56:03,biostream_db,0.00%,35.56MiB / 15.62GiB
15:56:11,courseregistrationplatform-k6-run-55d215337951,143.60%,2.823GiB / 15.62GiB
15:56:11,courseregistrationplatform-backend_2-1,41.31%,90.66MiB / 15.62GiB
15:56:11,courseregistrationplatform-backend_1-1,39.80%,93.74MiB / 15.62GiB
15:56:11,courseregistrationplatform-nginx-1,23.18%,80.55MiB / 15.62GiB
15:56:11,courseregistrationplatform-backend_4-1,42.66%,91.96MiB / 15.62GiB
15:56:11,courseregistrationplatform-backend_3-1,43.75%,93.64MiB / 15.62GiB
15:56:11,courseregistrationplatform-db-1,5.55%,399.7MiB / 15.62GiB
15:56:11,courseregistrationplatform-frontend-1,0.00%,46.88MiB / 15.62GiB
15:56:11,courseregistrationplatform-worker_1-1,1.66%,35.08MiB / 15.62GiB
15:56:11,courseregistrationplatform-worker_2-1,1.66%,34.5MiB / 15.62GiB
15:56:11,courseregistrationplatform-ai-server-1,0.18%,123.2MiB / 15.62GiB
15:56:11,courseregistrationplatform-rabbitmq-1,1.75%,167.8MiB / 15.62GiB
15:56:11,courseregistrationplatform-redis-1,9.52%,10.8MiB / 15.62GiB
15:56:11,courseregistrationplatform-grafana-1,0.05%,72.22MiB / 15.62GiB
15:56:11,courseregistrationplatform-prometheus-1,0.10%,70.82MiB / 15.62GiB
15:56:11,sugang-control-plane,11.89%,783.4MiB / 15.62GiB
15:56:11,sugang-worker,4.80%,1.187GiB / 15.62GiB
15:56:11,sugang-worker2,4.16%,1.542GiB / 15.62GiB
15:56:11,biostream_api,8.86%,219.9MiB / 15.62GiB
15:56:11,biostream_mcp,0.00%,0B / 0B
15:56:11,biostream_qdrant,0.12%,162.8MiB / 15.62GiB
15:56:11,biostream_db,0.00%,35.56MiB / 15.62GiB
15:56:18,courseregistrationplatform-k6-run-55d215337951,137.18%,2.822GiB / 15.62GiB
15:56:18,courseregistrationplatform-backend_2-1,36.42%,90.98MiB / 15.62GiB
15:56:18,courseregistrationplatform-backend_1-1,41.04%,93.93MiB / 15.62GiB
15:56:18,courseregistrationplatform-nginx-1,20.31%,80.66MiB / 15.62GiB
15:56:18,courseregistrationplatform-backend_4-1,40.86%,90.91MiB / 15.62GiB
15:56:18,courseregistrationplatform-backend_3-1,35.13%,92.76MiB / 15.62GiB
15:56:18,courseregistrationplatform-db-1,3.89%,400MiB / 15.62GiB
15:56:18,courseregistrationplatform-frontend-1,0.00%,46.88MiB / 15.62GiB
15:56:18,courseregistrationplatform-worker_1-1,1.25%,34.99MiB / 15.62GiB
15:56:18,courseregistrationplatform-worker_2-1,1.14%,34.74MiB / 15.62GiB
15:56:18,courseregistrationplatform-ai-server-1,0.19%,123.2MiB / 15.62GiB
15:56:18,courseregistrationplatform-rabbitmq-1,1.36%,167.9MiB / 15.62GiB
15:56:18,courseregistrationplatform-redis-1,8.54%,11.05MiB / 15.62GiB
15:56:18,courseregistrationplatform-grafana-1,0.22%,72.22MiB / 15.62GiB
15:56:18,courseregistrationplatform-prometheus-1,0.14%,70.82MiB / 15.62GiB
15:56:18,sugang-control-plane,12.92%,783.7MiB / 15.62GiB
15:56:18,sugang-worker,3.54%,1.21GiB / 15.62GiB
15:56:18,sugang-worker2,4.67%,1.543GiB / 15.62GiB
15:56:18,biostream_api,7.71%,218.7MiB / 15.62GiB
15:56:18,biostream_qdrant,0.13%,162.9MiB / 15.62GiB
15:56:18,biostream_db,0.00%,35.56MiB / 15.62GiB
15:56:26,courseregistrationplatform-k6-run-55d215337951,137.27%,2.821GiB / 15.62GiB
15:56:26,courseregistrationplatform-backend_2-1,37.63%,90.95MiB / 15.62GiB
15:56:26,courseregistrationplatform-backend_1-1,37.19%,93.7MiB / 15.62GiB
15:56:26,courseregistrationplatform-nginx-1,20.74%,79.98MiB / 15.62GiB
15:56:26,courseregistrationplatform-backend_4-1,38.69%,91.2MiB / 15.62GiB
15:56:26,courseregistrationplatform-backend_3-1,38.28%,93.31MiB / 15.62GiB
15:56:26,courseregistrationplatform-db-1,4.50%,400MiB / 15.62GiB
15:56:26,courseregistrationplatform-frontend-1,0.00%,46.88MiB / 15.62GiB
15:56:26,courseregistrationplatform-worker_1-1,1.22%,34.77MiB / 15.62GiB
15:56:26,courseregistrationplatform-worker_2-1,1.02%,34.51MiB / 15.62GiB
15:56:26,courseregistrationplatform-ai-server-1,0.22%,123.2MiB / 15.62GiB
15:56:26,courseregistrationplatform-rabbitmq-1,1.35%,167.9MiB / 15.62GiB
15:56:26,courseregistrationplatform-redis-1,8.81%,11.04MiB / 15.62GiB
15:56:26,courseregistrationplatform-grafana-1,0.10%,72.22MiB / 15.62GiB
15:56:26,courseregistrationplatform-prometheus-1,0.09%,71.07MiB / 15.62GiB
15:56:26,sugang-control-plane,13.86%,783.1MiB / 15.62GiB
15:56:26,sugang-worker,6.18%,1.211GiB / 15.62GiB
15:56:26,sugang-worker2,3.29%,1.543GiB / 15.62GiB
15:56:26,biostream_api,8.01%,219.7MiB / 15.62GiB
15:56:26,biostream_mcp,0.00%,0B / 0B
15:56:26,biostream_qdrant,0.14%,162.9MiB / 15.62GiB
15:56:26,biostream_db,0.01%,35.56MiB / 15.62GiB
15:56:34,courseregistrationplatform-k6-run-55d215337951,134.59%,2.822GiB / 15.62GiB
15:56:34,courseregistrationplatform-backend_2-1,39.37%,91.04MiB / 15.62GiB
15:56:34,courseregistrationplatform-backend_1-1,33.81%,93.18MiB / 15.62GiB
15:56:34,courseregistrationplatform-nginx-1,18.96%,79.6MiB / 15.62GiB
15:56:34,courseregistrationplatform-backend_4-1,38.12%,91.28MiB / 15.62GiB
15:56:34,courseregistrationplatform-backend_3-1,36.66%,93.32MiB / 15.62GiB
15:56:34,courseregistrationplatform-db-1,4.17%,399.8MiB / 15.62GiB
15:56:34,courseregistrationplatform-frontend-1,0.00%,46.88MiB / 15.62GiB
15:56:34,courseregistrationplatform-worker_1-1,1.18%,35.42MiB / 15.62GiB
15:56:34,courseregistrationplatform-worker_2-1,1.03%,35.17MiB / 15.62GiB
15:56:34,courseregistrationplatform-ai-server-1,0.20%,123.2MiB / 15.62GiB
15:56:34,courseregistrationplatform-rabbitmq-1,2.23%,168MiB / 15.62GiB
15:56:34,courseregistrationplatform-redis-1,8.02%,10.8MiB / 15.62GiB
15:56:34,courseregistrationplatform-grafana-1,0.53%,72.22MiB / 15.62GiB
15:56:34,courseregistrationplatform-prometheus-1,0.10%,70.83MiB / 15.62GiB
15:56:34,sugang-control-plane,11.44%,782.8MiB / 15.62GiB
15:56:34,sugang-worker,5.56%,1.218GiB / 15.62GiB
15:56:34,sugang-worker2,4.31%,1.542GiB / 15.62GiB
15:56:34,biostream_api,8.11%,219.7MiB / 15.62GiB
15:56:34,biostream_mcp,0.00%,0B / 0B
15:56:34,biostream_qdrant,0.30%,162.9MiB / 15.62GiB
15:56:34,biostream_db,3.80%,35.56MiB / 15.62GiB
15:56:42,courseregistrationplatform-k6-run-55d215337951,136.76%,2.821GiB / 15.62GiB
15:56:42,courseregistrationplatform-backend_2-1,34.04%,90.73MiB / 15.62GiB
15:56:42,courseregistrationplatform-backend_1-1,33.42%,93.97MiB / 15.62GiB
15:56:42,courseregistrationplatform-nginx-1,19.27%,79.3MiB / 15.62GiB
15:56:42,courseregistrationplatform-backend_4-1,33.55%,91.43MiB / 15.62GiB
15:56:42,courseregistrationplatform-backend_3-1,38.19%,93.49MiB / 15.62GiB
15:56:42,courseregistrationplatform-db-1,3.66%,399.8MiB / 15.62GiB
15:56:42,courseregistrationplatform-frontend-1,0.00%,46.88MiB / 15.62GiB
15:56:42,courseregistrationplatform-worker_1-1,0.75%,35.08MiB / 15.62GiB
15:56:42,courseregistrationplatform-worker_2-1,0.68%,34.69MiB / 15.62GiB
15:56:42,courseregistrationplatform-ai-server-1,0.20%,123.2MiB / 15.62GiB
15:56:42,courseregistrationplatform-rabbitmq-1,1.21%,167.6MiB / 15.62GiB
15:56:42,courseregistrationplatform-redis-1,7.84%,10.8MiB / 15.62GiB
15:56:42,courseregistrationplatform-grafana-1,0.05%,72.22MiB / 15.62GiB
15:56:42,courseregistrationplatform-prometheus-1,0.08%,70.83MiB / 15.62GiB
15:56:42,sugang-control-plane,16.65%,784.4MiB / 15.62GiB
15:56:42,sugang-worker,3.27%,1.217GiB / 15.62GiB
15:56:42,sugang-worker2,4.93%,1.541GiB / 15.62GiB
15:56:42,biostream_api,8.17%,219.4MiB / 15.62GiB
15:56:42,biostream_mcp,0.00%,0B / 0B
15:56:42,biostream_qdrant,0.15%,162.9MiB / 15.62GiB
15:56:42,biostream_db,0.00%,35.56MiB / 15.62GiB
15:56:49,courseregistrationplatform-k6-run-55d215337951,134.35%,2.821GiB / 15.62GiB
15:56:49,courseregistrationplatform-backend_2-1,31.58%,90.73MiB / 15.62GiB
15:56:49,courseregistrationplatform-backend_1-1,31.35%,92.97MiB / 15.62GiB
15:56:49,courseregistrationplatform-nginx-1,17.84%,79.67MiB / 15.62GiB
15:56:49,courseregistrationplatform-backend_4-1,34.86%,91.41MiB / 15.62GiB
15:56:49,courseregistrationplatform-backend_3-1,30.98%,93.84MiB / 15.62GiB
15:56:49,courseregistrationplatform-db-1,3.60%,399.8MiB / 15.62GiB
15:56:49,courseregistrationplatform-frontend-1,0.00%,46.88MiB / 15.62GiB
15:56:49,courseregistrationplatform-worker_1-1,1.28%,35.64MiB / 15.62GiB
15:56:49,courseregistrationplatform-worker_2-1,1.10%,34.98MiB / 15.62GiB
15:56:49,courseregistrationplatform-ai-server-1,0.19%,123.2MiB / 15.62GiB
15:56:49,courseregistrationplatform-rabbitmq-1,1.34%,167.8MiB / 15.62GiB
15:56:49,courseregistrationplatform-redis-1,7.43%,10.8MiB / 15.62GiB
15:56:49,courseregistrationplatform-grafana-1,0.17%,72.22MiB / 15.62GiB
15:56:49,courseregistrationplatform-prometheus-1,0.72%,70.83MiB / 15.62GiB
15:56:49,sugang-control-plane,13.77%,785MiB / 15.62GiB
15:56:49,sugang-worker,6.43%,1.218GiB / 15.62GiB
15:56:49,sugang-worker2,4.84%,1.541GiB / 15.62GiB
15:56:49,biostream_api,5.60%,219.7MiB / 15.62GiB
15:56:49,biostream_mcp,0.00%,0B / 0B
15:56:49,biostream_qdrant,0.14%,162.8MiB / 15.62GiB
15:56:49,biostream_db,0.54%,35.56MiB / 15.62GiB
15:56:56,courseregistrationplatform-k6-run-55d215337951,138.14%,2.821GiB / 15.62GiB
15:56:56,courseregistrationplatform-backend_2-1,37.38%,90.19MiB / 15.62GiB
15:56:56,courseregistrationplatform-backend_1-1,32.25%,93.95MiB / 15.62GiB
15:56:56,courseregistrationplatform-nginx-1,19.14%,78.69MiB / 15.62GiB
15:56:56,courseregistrationplatform-backend_4-1,33.39%,91.15MiB / 15.62GiB
15:56:56,courseregistrationplatform-backend_3-1,34.32%,93.88MiB / 15.62GiB
15:56:56,courseregistrationplatform-db-1,3.29%,399.8MiB / 15.62GiB
15:56:56,courseregistrationplatform-frontend-1,0.00%,46.88MiB / 15.62GiB
15:56:56,courseregistrationplatform-worker_1-1,0.78%,35.52MiB / 15.62GiB
15:56:56,courseregistrationplatform-worker_2-1,0.76%,34.92MiB / 15.62GiB
15:56:56,courseregistrationplatform-ai-server-1,0.19%,123.2MiB / 15.62GiB
15:56:56,courseregistrationplatform-rabbitmq-1,1.12%,168MiB / 15.62GiB
15:56:56,courseregistrationplatform-redis-1,7.89%,10.8MiB / 15.62GiB
15:56:56,courseregistrationplatform-grafana-1,0.03%,72.22MiB / 15.62GiB
15:56:56,courseregistrationplatform-prometheus-1,0.12%,70.88MiB / 15.62GiB
15:56:56,sugang-control-plane,20.71%,784.5MiB / 15.62GiB
15:56:56,sugang-worker,1.93%,1.218GiB / 15.62GiB
15:56:56,sugang-worker2,4.73%,1.541GiB / 15.62GiB
15:56:56,biostream_api,8.50%,218.9MiB / 15.62GiB
15:56:56,biostream_mcp,0.00%,0B / 0B
15:56:56,biostream_qdrant,0.11%,162.9MiB / 15.62GiB
15:56:56,biostream_db,0.01%,35.56MiB / 15.62GiB
15:57:03,courseregistrationplatform-k6-run-55d215337951,133.54%,2.821GiB / 15.62GiB
15:57:03,courseregistrationplatform-backend_2-1,28.87%,90.91MiB / 15.62GiB
15:57:03,courseregistrationplatform-backend_1-1,29.16%,93.71MiB / 15.62GiB
15:57:03,courseregistrationplatform-nginx-1,16.68%,78.86MiB / 15.62GiB
15:57:03,courseregistrationplatform-backend_4-1,28.80%,92.19MiB / 15.62GiB
15:57:03,courseregistrationplatform-backend_3-1,34.35%,93MiB / 15.62GiB
15:57:03,courseregistrationplatform-db-1,3.92%,399.8MiB / 15.62GiB
15:57:03,courseregistrationplatform-frontend-1,0.00%,46.88MiB / 15.62GiB
15:57:03,courseregistrationplatform-worker_1-1,1.08%,35.21MiB / 15.62GiB
15:57:03,courseregistrationplatform-worker_2-1,1.30%,34.73MiB / 15.62GiB
15:57:03,courseregistrationplatform-ai-server-1,0.22%,123.2MiB / 15.62GiB
15:57:03,courseregistrationplatform-rabbitmq-1,1.65%,167.9MiB / 15.62GiB
15:57:03,courseregistrationplatform-redis-1,6.96%,11.07MiB / 15.62GiB
15:57:03,courseregistrationplatform-grafana-1,0.08%,72.22MiB / 15.62GiB
15:57:03,courseregistrationplatform-prometheus-1,0.12%,70.88MiB / 15.62GiB
15:57:03,sugang-control-plane,10.65%,783.4MiB / 15.62GiB
15:57:03,sugang-worker,3.97%,1.217GiB / 15.62GiB
15:57:03,sugang-worker2,6.68%,1.541GiB / 15.62GiB
15:57:03,biostream_api,7.77%,220MiB / 15.62GiB
15:57:03,biostream_mcp,0.00%,0B / 0B
15:57:03,biostream_qdrant,0.12%,162.9MiB / 15.62GiB
15:57:03,biostream_db,0.00%,35.56MiB / 15.62GiB
15:57:10,courseregistrationplatform-k6-run-55d215337951,132.34%,2.821GiB / 15.62GiB
15:57:10,courseregistrationplatform-backend_2-1,26.29%,90.47MiB / 15.62GiB
15:57:10,courseregistrationplatform-backend_1-1,28.15%,93.2MiB / 15.62GiB
15:57:10,courseregistrationplatform-nginx-1,16.17%,78.11MiB / 15.62GiB
15:57:10,courseregistrationplatform-backend_4-1,32.70%,91.18MiB / 15.62GiB
15:57:10,courseregistrationplatform-backend_3-1,28.59%,92.27MiB / 15.62GiB
15:57:10,courseregistrationplatform-db-1,3.44%,399.8MiB / 15.62GiB
15:57:10,courseregistrationplatform-frontend-1,0.00%,46.88MiB / 15.62GiB
15:57:10,courseregistrationplatform-worker_1-1,0.84%,35.03MiB / 15.62GiB
15:57:10,courseregistrationplatform-worker_2-1,0.64%,34.7MiB / 15.62GiB
15:57:10,courseregistrationplatform-ai-server-1,0.19%,123.2MiB / 15.62GiB
15:57:10,courseregistrationplatform-rabbitmq-1,1.54%,167.9MiB / 15.62GiB
15:57:10,courseregistrationplatform-redis-1,7.00%,11.07MiB / 15.62GiB
15:57:10,courseregistrationplatform-grafana-1,0.05%,72.23MiB / 15.62GiB
15:57:10,courseregistrationplatform-prometheus-1,0.10%,70.88MiB / 15.62GiB
15:57:10,sugang-control-plane,9.73%,784MiB / 15.62GiB
15:57:10,sugang-worker,2.59%,1.218GiB / 15.62GiB
15:57:10,sugang-worker2,4.04%,1.541GiB / 15.62GiB
15:57:10,biostream_api,7.65%,219.2MiB / 15.62GiB
15:57:10,biostream_mcp,0.00%,0B / 0B
15:57:10,biostream_qdrant,2.50%,162.9MiB / 15.62GiB
15:57:10,biostream_db,3.17%,35.56MiB / 15.62GiB
15:57:18,courseregistrationplatform-k6-run-55d215337951,133.32%,2.82GiB / 15.62GiB
15:57:18,courseregistrationplatform-backend_2-1,30.52%,89.98MiB / 15.62GiB
15:57:18,courseregistrationplatform-backend_1-1,29.90%,93.64MiB / 15.62GiB
15:57:18,courseregistrationplatform-nginx-1,15.98%,77.97MiB / 15.62GiB
15:57:18,courseregistrationplatform-backend_4-1,33.59%,91.36MiB / 15.62GiB
15:57:18,courseregistrationplatform-backend_3-1,31.26%,92.32MiB / 15.62GiB
15:57:18,courseregistrationplatform-db-1,3.33%,399.8MiB / 15.62GiB
15:57:18,courseregistrationplatform-frontend-1,0.00%,46.88MiB / 15.62GiB
15:57:18,courseregistrationplatform-worker_1-1,0.58%,34.75MiB / 15.62GiB
15:57:18,courseregistrationplatform-worker_2-1,0.58%,35.18MiB / 15.62GiB
15:57:18,courseregistrationplatform-ai-server-1,0.23%,123.2MiB / 15.62GiB
15:57:18,courseregistrationplatform-rabbitmq-1,0.99%,167.8MiB / 15.62GiB
15:57:18,courseregistrationplatform-redis-1,7.07%,10.93MiB / 15.62GiB
15:57:18,courseregistrationplatform-grafana-1,0.10%,72.22MiB / 15.62GiB
15:57:18,courseregistrationplatform-prometheus-1,0.82%,70.88MiB / 15.62GiB
15:57:18,sugang-control-plane,11.90%,786.2MiB / 15.62GiB
15:57:18,sugang-worker,3.98%,1.218GiB / 15.62GiB
15:57:18,sugang-worker2,5.78%,1.542GiB / 15.62GiB
15:57:18,biostream_api,8.13%,219.4MiB / 15.62GiB
15:57:18,biostream_mcp,0.00%,0B / 0B
15:57:18,biostream_qdrant,0.15%,162.9MiB / 15.62GiB
15:57:18,biostream_db,0.00%,35.56MiB / 15.62GiB
15:57:26,courseregistrationplatform-k6-run-55d215337951,130.75%,2.82GiB / 15.62GiB
15:57:26,courseregistrationplatform-backend_2-1,26.12%,90.96MiB / 15.62GiB
15:57:26,courseregistrationplatform-backend_1-1,26.67%,92.99MiB / 15.62GiB
15:57:26,courseregistrationplatform-nginx-1,15.73%,77.74MiB / 15.62GiB
15:57:26,courseregistrationplatform-backend_4-1,27.04%,91.27MiB / 15.62GiB
15:57:26,courseregistrationplatform-backend_3-1,27.16%,92.58MiB / 15.62GiB
15:57:26,courseregistrationplatform-db-1,3.42%,399.8MiB / 15.62GiB
15:57:26,courseregistrationplatform-frontend-1,0.00%,46.88MiB / 15.62GiB
15:57:26,courseregistrationplatform-worker_1-1,0.79%,35.43MiB / 15.62GiB
15:57:26,courseregistrationplatform-worker_2-1,0.66%,34.91MiB / 15.62GiB
15:57:26,courseregistrationplatform-ai-server-1,0.19%,123.2MiB / 15.62GiB
15:57:26,courseregistrationplatform-rabbitmq-1,1.07%,168.1MiB / 15.62GiB
15:57:26,courseregistrationplatform-redis-1,6.63%,10.93MiB / 15.62GiB
15:57:26,courseregistrationplatform-grafana-1,0.05%,72.22MiB / 15.62GiB
15:57:26,courseregistrationplatform-prometheus-1,0.10%,70.88MiB / 15.62GiB
15:57:26,sugang-control-plane,12.39%,783.9MiB / 15.62GiB
15:57:26,sugang-worker,2.64%,1.219GiB / 15.62GiB
15:57:26,sugang-worker2,4.16%,1.544GiB / 15.62GiB
15:57:26,biostream_api,8.33%,220.2MiB / 15.62GiB
15:57:26,biostream_mcp,0.00%,0B / 0B
15:57:26,biostream_qdrant,0.12%,162.9MiB / 15.62GiB
15:57:26,biostream_db,2.63%,35.56MiB / 15.62GiB
15:57:33,courseregistrationplatform-k6-run-55d215337951,137.10%,2.766GiB / 15.62GiB
15:57:33,courseregistrationplatform-backend_2-1,36.20%,91.2MiB / 15.62GiB
15:57:33,courseregistrationplatform-backend_1-1,40.58%,93.71MiB / 15.62GiB
15:57:33,courseregistrationplatform-nginx-1,20.34%,77.42MiB / 15.62GiB
15:57:33,courseregistrationplatform-backend_4-1,37.85%,91.92MiB / 15.62GiB
15:57:33,courseregistrationplatform-backend_3-1,43.54%,92.53MiB / 15.62GiB
15:57:33,courseregistrationplatform-db-1,5.35%,400.1MiB / 15.62GiB
15:57:33,courseregistrationplatform-frontend-1,0.00%,46.88MiB / 15.62GiB
15:57:33,courseregistrationplatform-worker_1-1,0.95%,35.36MiB / 15.62GiB
15:57:33,courseregistrationplatform-worker_2-1,1.40%,34.76MiB / 15.62GiB
15:57:33,courseregistrationplatform-ai-server-1,0.22%,123.2MiB / 15.62GiB
15:57:33,courseregistrationplatform-rabbitmq-1,1.94%,167.7MiB / 15.62GiB
15:57:33,courseregistrationplatform-redis-1,8.89%,10.94MiB / 15.62GiB
15:57:33,courseregistrationplatform-grafana-1,0.10%,72.22MiB / 15.62GiB
15:57:33,courseregistrationplatform-prometheus-1,1.08%,70.88MiB / 15.62GiB
15:57:33,sugang-control-plane,14.20%,784.2MiB / 15.62GiB
15:57:33,sugang-worker,3.66%,1.219GiB / 15.62GiB
15:57:33,sugang-worker2,6.94%,1.542GiB / 15.62GiB
15:57:33,biostream_api,8.84%,219.4MiB / 15.62GiB
15:57:33,biostream_mcp,0.00%,0B / 0B
15:57:33,biostream_qdrant,0.14%,162.9MiB / 15.62GiB
15:57:33,biostream_db,0.00%,35.56MiB / 15.62GiB
15:57:41,courseregistrationplatform-k6-run-55d215337951,130.72%,2.765GiB / 15.62GiB
15:57:41,courseregistrationplatform-backend_2-1,27.00%,90.68MiB / 15.62GiB
15:57:41,courseregistrationplatform-backend_1-1,28.08%,93.93MiB / 15.62GiB
15:57:41,courseregistrationplatform-nginx-1,15.88%,76.79MiB / 15.62GiB
15:57:41,courseregistrationplatform-backend_4-1,22.94%,90.39MiB / 15.62GiB
15:57:41,courseregistrationplatform-backend_3-1,26.86%,92.77MiB / 15.62GiB
15:57:41,courseregistrationplatform-db-1,4.29%,399.9MiB / 15.62GiB
15:57:41,courseregistrationplatform-frontend-1,0.00%,46.88MiB / 15.62GiB
15:57:41,courseregistrationplatform-worker_1-1,1.28%,35.18MiB / 15.62GiB
15:57:41,courseregistrationplatform-worker_2-1,0.88%,34.96MiB / 15.62GiB
15:57:41,courseregistrationplatform-ai-server-1,0.25%,123.2MiB / 15.62GiB
15:57:41,courseregistrationplatform-rabbitmq-1,1.42%,168MiB / 15.62GiB
15:57:41,courseregistrationplatform-redis-1,6.87%,10.7MiB / 15.62GiB
15:57:41,courseregistrationplatform-grafana-1,0.06%,72.22MiB / 15.62GiB
15:57:41,courseregistrationplatform-prometheus-1,0.10%,70.88MiB / 15.62GiB
15:57:41,sugang-control-plane,11.17%,784.2MiB / 15.62GiB
15:57:41,sugang-worker,5.30%,1.217GiB / 15.62GiB
15:57:41,sugang-worker2,5.81%,1.542GiB / 15.62GiB
15:57:41,biostream_api,8.40%,220MiB / 15.62GiB
15:57:41,biostream_mcp,0.00%,0B / 0B
15:57:41,biostream_qdrant,0.12%,162.8MiB / 15.62GiB
15:57:41,biostream_db,3.07%,35.56MiB / 15.62GiB
15:57:49,courseregistrationplatform-k6-run-55d215337951,128.20%,2.765GiB / 15.62GiB
15:57:49,courseregistrationplatform-backend_2-1,30.69%,90.62MiB / 15.62GiB
15:57:49,courseregistrationplatform-backend_1-1,29.60%,93.18MiB / 15.62GiB
15:57:49,courseregistrationplatform-nginx-1,16.29%,77.02MiB / 15.62GiB
15:57:49,courseregistrationplatform-backend_4-1,29.11%,91.62MiB / 15.62GiB
15:57:49,courseregistrationplatform-backend_3-1,30.80%,92.09MiB / 15.62GiB
15:57:49,courseregistrationplatform-db-1,8.71%,400.2MiB / 15.62GiB
15:57:49,courseregistrationplatform-frontend-1,0.01%,46.88MiB / 15.62GiB
15:57:49,courseregistrationplatform-worker_1-1,1.43%,35.02MiB / 15.62GiB
15:57:49,courseregistrationplatform-worker_2-1,1.20%,35.3MiB / 15.62GiB
15:57:49,courseregistrationplatform-ai-server-1,0.20%,123.2MiB / 15.62GiB
15:57:49,courseregistrationplatform-rabbitmq-1,2.35%,167.9MiB / 15.62GiB
15:57:49,courseregistrationplatform-redis-1,7.23%,10.7MiB / 15.62GiB
15:57:49,courseregistrationplatform-grafana-1,0.08%,72.22MiB / 15.62GiB
15:57:49,courseregistrationplatform-prometheus-1,0.30%,70.9MiB / 15.62GiB
15:57:49,sugang-control-plane,19.38%,785.5MiB / 15.62GiB
15:57:49,sugang-worker,3.34%,1.218GiB / 15.62GiB
15:57:49,sugang-worker2,5.24%,1.543GiB / 15.62GiB
15:57:49,biostream_api,7.94%,219.5MiB / 15.62GiB
15:57:49,biostream_mcp,0.00%,0B / 0B
15:57:49,biostream_qdrant,0.39%,162.9MiB / 15.62GiB
15:57:49,biostream_db,0.58%,35.56MiB / 15.62GiB
15:57:57,courseregistrationplatform-k6-run-55d215337951,128.48%,2.765GiB / 15.62GiB
15:57:57,courseregistrationplatform-backend_2-1,23.92%,90.27MiB / 15.62GiB
15:57:57,courseregistrationplatform-backend_1-1,23.22%,93.21MiB / 15.62GiB
15:57:57,courseregistrationplatform-nginx-1,13.82%,76.41MiB / 15.62GiB
15:57:57,courseregistrationplatform-backend_4-1,23.21%,91.34MiB / 15.62GiB
15:57:57,courseregistrationplatform-backend_3-1,24.49%,93.02MiB / 15.62GiB
15:57:57,courseregistrationplatform-db-1,3.06%,399.9MiB / 15.62GiB
15:57:57,courseregistrationplatform-frontend-1,0.00%,46.88MiB / 15.62GiB
15:57:57,courseregistrationplatform-worker_1-1,0.86%,34.79MiB / 15.62GiB
15:57:57,courseregistrationplatform-worker_2-1,0.84%,35.54MiB / 15.62GiB
15:57:57,courseregistrationplatform-ai-server-1,0.21%,123.2MiB / 15.62GiB
15:57:57,courseregistrationplatform-rabbitmq-1,1.11%,167.9MiB / 15.62GiB
15:57:57,courseregistrationplatform-redis-1,6.14%,10.7MiB / 15.62GiB
15:57:57,courseregistrationplatform-grafana-1,0.07%,72.22MiB / 15.62GiB
15:57:57,courseregistrationplatform-prometheus-1,0.12%,70.9MiB / 15.62GiB
15:57:57,sugang-control-plane,12.18%,784.7MiB / 15.62GiB
15:57:57,sugang-worker,8.52%,1.226GiB / 15.62GiB
15:57:57,sugang-worker2,8.64%,1.543GiB / 15.62GiB
15:57:57,biostream_api,8.03%,219.9MiB / 15.62GiB
15:57:57,biostream_mcp,0.00%,0B / 0B
15:57:57,biostream_qdrant,0.11%,162.9MiB / 15.62GiB
15:57:57,biostream_db,0.00%,35.56MiB / 15.62GiB
15:58:04,courseregistrationplatform-k6-run-55d215337951,123.54%,2.764GiB / 15.62GiB
15:58:04,courseregistrationplatform-backend_2-1,21.42%,90.9MiB / 15.62GiB
15:58:04,courseregistrationplatform-backend_1-1,21.59%,93.21MiB / 15.62GiB
15:58:04,courseregistrationplatform-nginx-1,12.05%,76.94MiB / 15.62GiB
15:58:04,courseregistrationplatform-backend_4-1,26.76%,91.9MiB / 15.62GiB
15:58:04,courseregistrationplatform-backend_3-1,21.12%,93.16MiB / 15.62GiB
15:58:04,courseregistrationplatform-db-1,2.57%,399.9MiB / 15.62GiB
15:58:04,courseregistrationplatform-frontend-1,0.00%,46.88MiB / 15.62GiB
15:58:04,courseregistrationplatform-worker_1-1,0.46%,35.28MiB / 15.62GiB
15:58:04,courseregistrationplatform-worker_2-1,0.64%,35.35MiB / 15.62GiB
15:58:04,courseregistrationplatform-ai-server-1,0.17%,123.2MiB / 15.62GiB
15:58:04,courseregistrationplatform-rabbitmq-1,1.29%,168.3MiB / 15.62GiB
15:58:04,courseregistrationplatform-redis-1,5.49%,10.94MiB / 15.62GiB
15:58:04,courseregistrationplatform-grafana-1,0.09%,72.22MiB / 15.62GiB
15:58:04,courseregistrationplatform-prometheus-1,0.12%,70.9MiB / 15.62GiB
15:58:04,sugang-control-plane,11.36%,784MiB / 15.62GiB
15:58:04,sugang-worker,2.37%,1.225GiB / 15.62GiB
15:58:04,sugang-worker2,5.44%,1.542GiB / 15.62GiB
15:58:04,biostream_api,7.99%,219.9MiB / 15.62GiB
15:58:04,biostream_mcp,0.00%,0B / 0B
15:58:04,biostream_qdrant,0.15%,162.9MiB / 15.62GiB
15:58:04,biostream_db,0.00%,35.56MiB / 15.62GiB
15:58:10,courseregistrationplatform-k6-run-55d215337951,129.71%,2.764GiB / 15.62GiB
15:58:10,courseregistrationplatform-backend_2-1,24.66%,89.48MiB / 15.62GiB
15:58:10,courseregistrationplatform-backend_1-1,25.01%,93.69MiB / 15.62GiB
15:58:10,courseregistrationplatform-nginx-1,13.72%,75.77MiB / 15.62GiB
15:58:10,courseregistrationplatform-backend_4-1,29.52%,91.43MiB / 15.62GiB
15:58:10,courseregistrationplatform-backend_3-1,25.63%,93.06MiB / 15.62GiB
15:58:10,courseregistrationplatform-db-1,4.25%,400.4MiB / 15.62GiB
15:58:10,courseregistrationplatform-frontend-1,0.00%,46.88MiB / 15.62GiB
15:58:10,courseregistrationplatform-worker_1-1,1.03%,35.66MiB / 15.62GiB
15:58:10,courseregistrationplatform-worker_2-1,1.01%,35.77MiB / 15.62GiB
15:58:10,courseregistrationplatform-ai-server-1,0.18%,123.2MiB / 15.62GiB
15:58:10,courseregistrationplatform-rabbitmq-1,1.22%,167.9MiB / 15.62GiB
15:58:10,courseregistrationplatform-redis-1,6.55%,10.93MiB / 15.62GiB
15:58:10,courseregistrationplatform-grafana-1,0.05%,72.22MiB / 15.62GiB
15:58:10,courseregistrationplatform-prometheus-1,0.10%,70.9MiB / 15.62GiB
15:58:10,sugang-control-plane,14.72%,785MiB / 15.62GiB
15:58:10,sugang-worker,5.05%,1.226GiB / 15.62GiB
15:58:10,sugang-worker2,3.63%,1.541GiB / 15.62GiB
15:58:10,biostream_api,7.25%,218.7MiB / 15.62GiB
15:58:10,biostream_mcp,0.00%,0B / 0B
15:58:10,biostream_qdrant,2.49%,162.9MiB / 15.62GiB
15:58:10,biostream_db,0.00%,35.56MiB / 15.62GiB
15:58:18,courseregistrationplatform-k6-run-55d215337951,124.29%,2.764GiB / 15.62GiB
15:58:18,courseregistrationplatform-backend_2-1,26.08%,47.75MiB / 15.62GiB
15:58:18,courseregistrationplatform-backend_1-1,20.35%,93.71MiB / 15.62GiB
15:58:18,courseregistrationplatform-nginx-1,11.58%,75.56MiB / 15.62GiB
15:58:18,courseregistrationplatform-backend_4-1,20.68%,91.7MiB / 15.62GiB
15:58:18,courseregistrationplatform-backend_3-1,24.82%,93.04MiB / 15.62GiB
15:58:18,courseregistrationplatform-db-1,3.38%,400MiB / 15.62GiB
15:58:18,courseregistrationplatform-frontend-1,0.00%,46.88MiB / 15.62GiB
15:58:18,courseregistrationplatform-worker_1-1,0.81%,35.66MiB / 15.62GiB
15:58:18,courseregistrationplatform-worker_2-1,0.84%,35.17MiB / 15.62GiB
15:58:18,courseregistrationplatform-ai-server-1,0.18%,123.2MiB / 15.62GiB
15:58:18,courseregistrationplatform-rabbitmq-1,1.11%,168.1MiB / 15.62GiB
15:58:18,courseregistrationplatform-redis-1,5.18%,10.94MiB / 15.62GiB
15:58:18,courseregistrationplatform-grafana-1,0.06%,72.22MiB / 15.62GiB
15:58:18,courseregistrationplatform-prometheus-1,0.13%,70.91MiB / 15.62GiB
15:58:18,sugang-control-plane,14.12%,786.3MiB / 15.62GiB
15:58:18,sugang-worker,6.85%,1.227GiB / 15.62GiB
15:58:18,sugang-worker2,6.49%,1.55GiB / 15.62GiB
15:58:18,biostream_api,5.47%,219.7MiB / 15.62GiB
15:58:18,biostream_mcp,0.00%,0B / 0B
15:58:18,biostream_qdrant,0.12%,162.9MiB / 15.62GiB
15:58:18,biostream_db,0.00%,35.56MiB / 15.62GiB
15:58:24,courseregistrationplatform-k6-run-55d215337951,122.13%,2.764GiB / 15.62GiB
15:58:24,courseregistrationplatform-backend_2-1,20.28%,60.36MiB / 15.62GiB
15:58:24,courseregistrationplatform-backend_1-1,18.02%,53.68MiB / 15.62GiB
15:58:24,courseregistrationplatform-nginx-1,10.47%,75.29MiB / 15.62GiB
15:58:24,courseregistrationplatform-backend_4-1,17.73%,91.2MiB / 15.62GiB
15:58:24,courseregistrationplatform-backend_3-1,26.13%,49.99MiB / 15.62GiB
15:58:24,courseregistrationplatform-db-1,2.88%,400MiB / 15.62GiB
15:58:24,courseregistrationplatform-frontend-1,0.00%,46.88MiB / 15.62GiB
15:58:24,courseregistrationplatform-worker_1-1,0.67%,35.24MiB / 15.62GiB
15:58:24,courseregistrationplatform-worker_2-1,0.49%,34.79MiB / 15.62GiB
15:58:24,courseregistrationplatform-ai-server-1,0.19%,123.2MiB / 15.62GiB
15:58:24,courseregistrationplatform-rabbitmq-1,1.46%,168.1MiB / 15.62GiB
15:58:24,courseregistrationplatform-redis-1,4.94%,10.94MiB / 15.62GiB
15:58:24,courseregistrationplatform-grafana-1,0.49%,72.22MiB / 15.62GiB
15:58:24,courseregistrationplatform-prometheus-1,0.00%,70.91MiB / 15.62GiB
15:58:24,sugang-control-plane,9.49%,785.2MiB / 15.62GiB
15:58:24,sugang-worker,5.89%,1.226GiB / 15.62GiB
15:58:24,sugang-worker2,4.97%,1.55GiB / 15.62GiB
15:58:24,biostream_api,7.76%,219.7MiB / 15.62GiB
15:58:24,biostream_mcp,0.00%,0B / 0B
15:58:24,biostream_qdrant,0.22%,162.9MiB / 15.62GiB
15:58:24,biostream_db,0.00%,35.56MiB / 15.62GiB
15:58:32,courseregistrationplatform-k6-run-55d215337951,120.66%,2.763GiB / 15.62GiB
15:58:32,courseregistrationplatform-backend_2-1,19.61%,69.48MiB / 15.62GiB
15:58:32,courseregistrationplatform-backend_1-1,18.51%,65.02MiB / 15.62GiB
15:58:32,courseregistrationplatform-nginx-1,10.17%,75.42MiB / 15.62GiB
15:58:32,courseregistrationplatform-backend_4-1,23.11%,56.06MiB / 15.62GiB
15:58:32,courseregistrationplatform-backend_3-1,21.93%,61.34MiB / 15.62GiB
15:58:32,courseregistrationplatform-db-1,3.05%,400MiB / 15.62GiB
15:58:32,courseregistrationplatform-frontend-1,0.00%,46.88MiB / 15.62GiB
15:58:32,courseregistrationplatform-worker_1-1,0.85%,35.72MiB / 15.62GiB
15:58:32,courseregistrationplatform-worker_2-1,1.06%,34.64MiB / 15.62GiB
15:58:32,courseregistrationplatform-ai-server-1,0.16%,123.2MiB / 15.62GiB
15:58:32,courseregistrationplatform-rabbitmq-1,1.23%,168.2MiB / 15.62GiB
15:58:32,courseregistrationplatform-redis-1,4.62%,10.94MiB / 15.62GiB
15:58:32,courseregistrationplatform-grafana-1,0.10%,72.22MiB / 15.62GiB
15:58:32,courseregistrationplatform-prometheus-1,0.20%,70.91MiB / 15.62GiB
15:58:32,sugang-control-plane,13.12%,784.9MiB / 15.62GiB
15:58:32,sugang-worker,4.87%,1.226GiB / 15.62GiB
15:58:32,sugang-worker2,5.35%,1.549GiB / 15.62GiB
15:58:32,biostream_api,7.67%,219.4MiB / 15.62GiB
15:58:32,biostream_mcp,0.00%,0B / 0B
15:58:32,biostream_qdrant,0.14%,162.9MiB / 15.62GiB
15:58:32,biostream_db,0.00%,35.56MiB / 15.62GiB
15:58:39,courseregistrationplatform-k6-run-55d215337951,113.26%,2.763GiB / 15.62GiB
15:58:39,courseregistrationplatform-backend_2-1,14.70%,76.78MiB / 15.62GiB
15:58:39,courseregistrationplatform-backend_1-1,14.03%,78.64MiB / 15.62GiB
15:58:39,courseregistrationplatform-nginx-1,7.91%,74.99MiB / 15.62GiB
15:58:39,courseregistrationplatform-backend_4-1,15.47%,64.33MiB / 15.62GiB
15:58:39,courseregistrationplatform-backend_3-1,14.82%,70.23MiB / 15.62GiB
15:58:39,courseregistrationplatform-db-1,2.50%,400.5MiB / 15.62GiB
15:58:39,courseregistrationplatform-frontend-1,0.00%,46.88MiB / 15.62GiB
15:58:39,courseregistrationplatform-worker_1-1,0.54%,36.06MiB / 15.62GiB
15:58:39,courseregistrationplatform-worker_2-1,0.67%,34.66MiB / 15.62GiB
15:58:39,courseregistrationplatform-ai-server-1,0.16%,123.2MiB / 15.62GiB
15:58:39,courseregistrationplatform-rabbitmq-1,0.92%,168.4MiB / 15.62GiB
15:58:39,courseregistrationplatform-redis-1,3.68%,10.69MiB / 15.62GiB
15:58:39,courseregistrationplatform-grafana-1,0.06%,72.23MiB / 15.62GiB
15:58:39,courseregistrationplatform-prometheus-1,0.71%,70.91MiB / 15.62GiB
15:58:39,sugang-control-plane,9.77%,784.9MiB / 15.62GiB
15:58:39,sugang-worker,2.95%,1.226GiB / 15.62GiB
15:58:39,sugang-worker2,3.13%,1.55GiB / 15.62GiB
15:58:39,biostream_api,5.13%,219.7MiB / 15.62GiB
15:58:39,biostream_mcp,0.00%,0B / 0B
15:58:39,biostream_qdrant,0.18%,162.9MiB / 15.62GiB
15:58:39,biostream_db,0.00%,35.56MiB / 15.62GiB
15:58:46,courseregistrationplatform-k6-run-55d215337951,121.87%,2.763GiB / 15.62GiB
15:58:46,courseregistrationplatform-backend_2-1,17.23%,79.62MiB / 15.62GiB
15:58:46,courseregistrationplatform-backend_1-1,16.73%,79.48MiB / 15.62GiB
15:58:46,courseregistrationplatform-nginx-1,9.36%,74.49MiB / 15.62GiB
15:58:46,courseregistrationplatform-backend_4-1,26.88%,78.16MiB / 15.62GiB
15:58:46,courseregistrationplatform-backend_3-1,17.26%,78.88MiB / 15.62GiB
15:58:46,courseregistrationplatform-db-1,3.13%,400.3MiB / 15.62GiB
15:58:46,courseregistrationplatform-frontend-1,0.00%,46.88MiB / 15.62GiB
15:58:46,courseregistrationplatform-worker_1-1,0.88%,35.69MiB / 15.62GiB
15:58:46,courseregistrationplatform-worker_2-1,0.89%,34.84MiB / 15.62GiB
15:58:46,courseregistrationplatform-ai-server-1,0.16%,123.2MiB / 15.62GiB
15:58:46,courseregistrationplatform-rabbitmq-1,1.22%,168.2MiB / 15.62GiB
15:58:46,courseregistrationplatform-redis-1,4.58%,11.18MiB / 15.62GiB
15:58:46,courseregistrationplatform-grafana-1,0.07%,72.23MiB / 15.62GiB
15:58:46,courseregistrationplatform-prometheus-1,1.34%,70.91MiB / 15.62GiB
15:58:46,sugang-control-plane,12.10%,785.1MiB / 15.62GiB
15:58:46,sugang-worker,5.69%,1.227GiB / 15.62GiB
15:58:46,sugang-worker2,7.06%,1.55GiB / 15.62GiB
15:58:46,biostream_api,7.57%,219.4MiB / 15.62GiB
15:58:46,biostream_mcp,0.00%,0B / 0B
15:58:46,biostream_qdrant,0.12%,162.8MiB / 15.62GiB
15:58:46,biostream_db,3.26%,35.56MiB / 15.62GiB
15:58:54,courseregistrationplatform-k6-run-55d215337951,118.18%,2.886GiB / 15.62GiB
15:58:54,courseregistrationplatform-backend_2-1,15.31%,79.05MiB / 15.62GiB
15:58:54,courseregistrationplatform-backend_1-1,13.69%,79.83MiB / 15.62GiB
15:58:54,courseregistrationplatform-nginx-1,8.24%,73.98MiB / 15.62GiB
15:58:54,courseregistrationplatform-backend_4-1,16.11%,79.47MiB / 15.62GiB
15:58:54,courseregistrationplatform-backend_3-1,13.77%,81.17MiB / 15.62GiB
15:58:54,courseregistrationplatform-db-1,3.40%,400MiB / 15.62GiB
15:58:54,courseregistrationplatform-frontend-1,0.00%,46.88MiB / 15.62GiB
15:58:54,courseregistrationplatform-worker_1-1,0.89%,35.56MiB / 15.62GiB
15:58:54,courseregistrationplatform-worker_2-1,0.76%,34.87MiB / 15.62GiB
15:58:54,courseregistrationplatform-ai-server-1,0.16%,123.2MiB / 15.62GiB
15:58:54,courseregistrationplatform-rabbitmq-1,1.46%,168.7MiB / 15.62GiB
15:58:54,courseregistrationplatform-redis-1,4.04%,10.95MiB / 15.62GiB
15:58:54,courseregistrationplatform-grafana-1,0.08%,72.22MiB / 15.62GiB
15:58:54,courseregistrationplatform-prometheus-1,0.61%,70.95MiB / 15.62GiB
15:58:54,sugang-control-plane,9.91%,784.3MiB / 15.62GiB
15:58:54,sugang-worker,3.79%,1.227GiB / 15.62GiB
15:58:54,sugang-worker2,3.70%,1.55GiB / 15.62GiB
15:58:54,biostream_api,7.40%,219.9MiB / 15.62GiB
15:58:54,biostream_mcp,0.00%,0B / 0B
15:58:54,biostream_qdrant,0.21%,162.9MiB / 15.62GiB
15:58:54,biostream_db,0.00%,35.56MiB / 15.62GiB
15:59:01,courseregistrationplatform-k6-run-55d215337951,113.82%,2.886GiB / 15.62GiB
15:59:01,courseregistrationplatform-backend_2-1,12.73%,78.9MiB / 15.62GiB
15:59:01,courseregistrationplatform-backend_1-1,12.33%,81.2MiB / 15.62GiB
15:59:01,courseregistrationplatform-nginx-1,7.03%,74.18MiB / 15.62GiB
15:59:01,courseregistrationplatform-backend_4-1,12.12%,80.42MiB / 15.62GiB
15:59:01,courseregistrationplatform-backend_3-1,12.33%,81.27MiB / 15.62GiB
15:59:01,courseregistrationplatform-db-1,2.08%,400MiB / 15.62GiB
15:59:01,courseregistrationplatform-frontend-1,0.00%,46.88MiB / 15.62GiB
15:59:01,courseregistrationplatform-worker_1-1,0.27%,35.57MiB / 15.62GiB
15:59:01,courseregistrationplatform-worker_2-1,0.49%,34.77MiB / 15.62GiB
15:59:01,courseregistrationplatform-ai-server-1,0.15%,123.2MiB / 15.62GiB
15:59:01,courseregistrationplatform-rabbitmq-1,0.98%,168.5MiB / 15.62GiB
15:59:01,courseregistrationplatform-redis-1,3.48%,10.7MiB / 15.62GiB
15:59:01,courseregistrationplatform-grafana-1,0.05%,72.22MiB / 15.62GiB
15:59:01,courseregistrationplatform-prometheus-1,0.09%,70.95MiB / 15.62GiB
15:59:01,sugang-control-plane,9.63%,784MiB / 15.62GiB
15:59:01,sugang-worker,8.06%,1.226GiB / 15.62GiB
15:59:01,sugang-worker2,5.95%,1.55GiB / 15.62GiB
15:59:01,biostream_api,6.76%,219.9MiB / 15.62GiB
15:59:01,biostream_mcp,0.00%,0B / 0B
15:59:01,biostream_qdrant,2.09%,162.9MiB / 15.62GiB
15:59:01,biostream_db,2.61%,35.88MiB / 15.62GiB
15:59:08,courseregistrationplatform-k6-run-55d215337951,114.82%,2.886GiB / 15.62GiB
15:59:08,courseregistrationplatform-backend_2-1,14.66%,79.51MiB / 15.62GiB
15:59:08,courseregistrationplatform-backend_1-1,14.37%,81.56MiB / 15.62GiB
15:59:08,courseregistrationplatform-nginx-1,8.19%,73.97MiB / 15.62GiB
15:59:08,courseregistrationplatform-backend_4-1,14.92%,80.27MiB / 15.62GiB
15:59:08,courseregistrationplatform-backend_3-1,14.73%,81.46MiB / 15.62GiB
15:59:08,courseregistrationplatform-db-1,2.76%,400.3MiB / 15.62GiB
15:59:08,courseregistrationplatform-frontend-1,0.00%,46.88MiB / 15.62GiB
15:59:08,courseregistrationplatform-worker_1-1,0.67%,35.3MiB / 15.62GiB
15:59:08,courseregistrationplatform-worker_2-1,0.79%,34.77MiB / 15.62GiB
15:59:08,courseregistrationplatform-ai-server-1,0.14%,123.2MiB / 15.62GiB
15:59:08,courseregistrationplatform-rabbitmq-1,0.69%,168.3MiB / 15.62GiB
15:59:08,courseregistrationplatform-redis-1,3.94%,10.95MiB / 15.62GiB
15:59:08,courseregistrationplatform-grafana-1,0.15%,72.22MiB / 15.62GiB
15:59:08,courseregistrationplatform-prometheus-1,0.55%,70.95MiB / 15.62GiB
15:59:08,sugang-control-plane,15.18%,784.2MiB / 15.62GiB
15:59:08,sugang-worker,3.46%,1.226GiB / 15.62GiB
15:59:08,sugang-worker2,4.65%,1.549GiB / 15.62GiB
15:59:08,biostream_api,7.18%,219.7MiB / 15.62GiB
15:59:08,biostream_mcp,0.00%,0B / 0B
15:59:08,biostream_qdrant,0.11%,162.9MiB / 15.62GiB
15:59:08,biostream_db,0.00%,35.56MiB / 15.62GiB
15:59:16,courseregistrationplatform-k6-run-55d215337951,115.61%,2.885GiB / 15.62GiB
15:59:16,courseregistrationplatform-backend_2-1,10.60%,79.85MiB / 15.62GiB
15:59:16,courseregistrationplatform-backend_1-1,10.77%,81.32MiB / 15.62GiB
15:59:16,courseregistrationplatform-nginx-1,6.47%,73.82MiB / 15.62GiB
15:59:16,courseregistrationplatform-backend_4-1,10.16%,80.19MiB / 15.62GiB
15:59:16,courseregistrationplatform-backend_3-1,10.88%,82.33MiB / 15.62GiB
15:59:16,courseregistrationplatform-db-1,2.02%,400.1MiB / 15.62GiB
15:59:16,courseregistrationplatform-frontend-1,0.00%,46.88MiB / 15.62GiB
15:59:16,courseregistrationplatform-worker_1-1,0.43%,34.93MiB / 15.62GiB
15:59:16,courseregistrationplatform-worker_2-1,0.15%,35.18MiB / 15.62GiB
15:59:16,courseregistrationplatform-ai-server-1,0.17%,123.2MiB / 15.62GiB
15:59:16,courseregistrationplatform-rabbitmq-1,0.65%,168.5MiB / 15.62GiB
15:59:16,courseregistrationplatform-redis-1,3.26%,10.94MiB / 15.62GiB
15:59:16,courseregistrationplatform-grafana-1,0.04%,72.23MiB / 15.62GiB
15:59:16,courseregistrationplatform-prometheus-1,0.11%,70.95MiB / 15.62GiB
15:59:16,sugang-control-plane,14.10%,784.7MiB / 15.62GiB
15:59:16,sugang-worker,5.50%,1.232GiB / 15.62GiB
15:59:16,sugang-worker2,8.56%,1.55GiB / 15.62GiB
15:59:16,biostream_api,6.94%,220MiB / 15.62GiB
15:59:16,biostream_mcp,0.00%,0B / 0B
15:59:16,biostream_qdrant,0.11%,162.9MiB / 15.62GiB
15:59:16,biostream_db,0.00%,35.56MiB / 15.62GiB
15:59:24,courseregistrationplatform-k6-run-55d215337951,116.34%,2.885GiB / 15.62GiB
15:59:24,courseregistrationplatform-backend_2-1,13.58%,80.88MiB / 15.62GiB
15:59:24,courseregistrationplatform-backend_1-1,13.17%,80.85MiB / 15.62GiB
15:59:24,courseregistrationplatform-nginx-1,7.82%,73.36MiB / 15.62GiB
15:59:24,courseregistrationplatform-backend_4-1,13.53%,81.06MiB / 15.62GiB
15:59:24,courseregistrationplatform-backend_3-1,15.43%,82.32MiB / 15.62GiB
15:59:24,courseregistrationplatform-db-1,3.45%,400.4MiB / 15.62GiB
15:59:24,courseregistrationplatform-frontend-1,0.00%,46.88MiB / 15.62GiB
15:59:24,courseregistrationplatform-worker_1-1,1.09%,35.64MiB / 15.62GiB
15:59:24,courseregistrationplatform-worker_2-1,1.07%,35.02MiB / 15.62GiB
15:59:24,courseregistrationplatform-ai-server-1,0.17%,123.2MiB / 15.62GiB
15:59:24,courseregistrationplatform-rabbitmq-1,1.66%,168.3MiB / 15.62GiB
15:59:24,courseregistrationplatform-redis-1,4.12%,10.67MiB / 15.62GiB
15:59:24,courseregistrationplatform-grafana-1,0.08%,72.23MiB / 15.62GiB
15:59:24,courseregistrationplatform-prometheus-1,0.78%,70.95MiB / 15.62GiB
15:59:24,sugang-control-plane,12.10%,784.2MiB / 15.62GiB
15:59:24,sugang-worker,3.70%,1.23GiB / 15.62GiB
15:59:24,sugang-worker2,3.85%,1.551GiB / 15.62GiB
15:59:24,biostream_api,7.80%,220.2MiB / 15.62GiB
15:59:24,biostream_qdrant,0.25%,162.9MiB / 15.62GiB
15:59:24,biostream_db,0.00%,35.56MiB / 15.62GiB
15:59:31,courseregistrationplatform-k6-run-55d215337951,238.57%,2.743GiB / 15.62GiB
15:59:31,courseregistrationplatform-backend_2-1,9.97%,80.21MiB / 15.62GiB
15:59:31,courseregistrationplatform-backend_1-1,9.78%,81.77MiB / 15.62GiB
15:59:31,courseregistrationplatform-nginx-1,5.71%,72.72MiB / 15.62GiB
15:59:31,courseregistrationplatform-backend_4-1,10.00%,81.35MiB / 15.62GiB
15:59:31,courseregistrationplatform-backend_3-1,9.62%,82.58MiB / 15.62GiB
15:59:31,courseregistrationplatform-db-1,2.52%,400.1MiB / 15.62GiB
15:59:31,courseregistrationplatform-frontend-1,0.00%,46.88MiB / 15.62GiB
15:59:31,courseregistrationplatform-worker_1-1,0.43%,35.75MiB / 15.62GiB
15:59:31,courseregistrationplatform-worker_2-1,0.69%,34.57MiB / 15.62GiB
15:59:31,courseregistrationplatform-ai-server-1,0.15%,123.2MiB / 15.62GiB
15:59:31,courseregistrationplatform-rabbitmq-1,0.89%,168.3MiB / 15.62GiB
15:59:31,courseregistrationplatform-redis-1,3.04%,10.68MiB / 15.62GiB
15:59:31,courseregistrationplatform-grafana-1,0.06%,72.23MiB / 15.62GiB
15:59:31,courseregistrationplatform-prometheus-1,0.08%,70.95MiB / 15.62GiB
15:59:31,sugang-control-plane,9.08%,784.3MiB / 15.62GiB
15:59:31,sugang-worker,6.58%,1.23GiB / 15.62GiB
15:59:31,sugang-worker2,3.72%,1.549GiB / 15.62GiB
15:59:31,biostream_api,5.38%,220.2MiB / 15.62GiB
15:59:31,biostream_mcp,0.00%,0B / 0B
15:59:31,biostream_qdrant,1.91%,162.9MiB / 15.62GiB
15:59:31,biostream_db,0.00%,35.56MiB / 15.62GiB
15:59:38,courseregistrationplatform-k6-run-55d215337951,107.81%,2.743GiB / 15.62GiB
15:59:38,courseregistrationplatform-backend_2-1,12.94%,80.81MiB / 15.62GiB
15:59:38,courseregistrationplatform-backend_1-1,9.44%,81.07MiB / 15.62GiB
15:59:38,courseregistrationplatform-nginx-1,5.19%,71.96MiB / 15.62GiB
15:59:38,courseregistrationplatform-backend_4-1,13.85%,82.31MiB / 15.62GiB
15:59:38,courseregistrationplatform-backend_3-1,9.16%,83.39MiB / 15.62GiB
15:59:38,courseregistrationplatform-db-1,3.39%,400.1MiB / 15.62GiB
15:59:38,courseregistrationplatform-frontend-1,0.00%,46.88MiB / 15.62GiB
15:59:38,courseregistrationplatform-worker_1-1,1.15%,35.16MiB / 15.62GiB
15:59:38,courseregistrationplatform-worker_2-1,1.07%,34.6MiB / 15.62GiB
15:59:38,courseregistrationplatform-ai-server-1,0.16%,123.2MiB / 15.62GiB
15:59:38,courseregistrationplatform-rabbitmq-1,1.40%,168.2MiB / 15.62GiB
15:59:38,courseregistrationplatform-redis-1,2.79%,10.68MiB / 15.62GiB
15:59:38,courseregistrationplatform-grafana-1,0.11%,72.22MiB / 15.62GiB
15:59:38,courseregistrationplatform-prometheus-1,0.10%,70.95MiB / 15.62GiB
15:59:38,sugang-control-plane,10.28%,784.3MiB / 15.62GiB
15:59:38,sugang-worker,2.99%,1.23GiB / 15.62GiB
15:59:38,sugang-worker2,3.19%,1.551GiB / 15.62GiB
15:59:38,biostream_api,6.89%,220.2MiB / 15.62GiB
15:59:38,biostream_mcp,0.00%,0B / 0B
15:59:38,biostream_qdrant,0.11%,162.9MiB / 15.62GiB
15:59:38,biostream_db,0.00%,35.56MiB / 15.62GiB
15:59:45,courseregistrationplatform-k6-run-55d215337951,111.09%,2.743GiB / 15.62GiB
15:59:45,courseregistrationplatform-backend_2-1,8.81%,80.79MiB / 15.62GiB
15:59:45,courseregistrationplatform-backend_1-1,8.85%,81.97MiB / 15.62GiB
15:59:45,courseregistrationplatform-nginx-1,5.14%,72.34MiB / 15.62GiB
15:59:45,courseregistrationplatform-backend_4-1,9.45%,81.94MiB / 15.62GiB
15:59:45,courseregistrationplatform-backend_3-1,9.01%,82.93MiB / 15.62GiB
15:59:45,courseregistrationplatform-db-1,2.60%,400.1MiB / 15.62GiB
15:59:45,courseregistrationplatform-frontend-1,0.00%,46.88MiB / 15.62GiB
15:59:45,courseregistrationplatform-worker_1-1,0.66%,35.55MiB / 15.62GiB
15:59:45,courseregistrationplatform-worker_2-1,0.46%,35.25MiB / 15.62GiB
15:59:45,courseregistrationplatform-ai-server-1,0.19%,123.2MiB / 15.62GiB
15:59:45,courseregistrationplatform-rabbitmq-1,1.10%,168.2MiB / 15.62GiB
15:59:45,courseregistrationplatform-redis-1,2.89%,10.66MiB / 15.62GiB
15:59:45,courseregistrationplatform-grafana-1,0.12%,72.23MiB / 15.62GiB
15:59:45,courseregistrationplatform-prometheus-1,0.09%,70.95MiB / 15.62GiB
15:59:45,sugang-control-plane,10.85%,786.3MiB / 15.62GiB
15:59:45,sugang-worker,5.84%,1.23GiB / 15.62GiB
15:59:45,sugang-worker2,3.94%,1.55GiB / 15.62GiB
15:59:45,biostream_api,7.50%,219.7MiB / 15.62GiB
15:59:45,biostream_mcp,0.00%,0B / 0B
15:59:45,biostream_qdrant,0.11%,162.9MiB / 15.62GiB
15:59:45,biostream_db,0.00%,35.56MiB / 15.62GiB
15:59:52,courseregistrationplatform-k6-run-55d215337951,102.06%,2.743GiB / 15.62GiB
15:59:52,courseregistrationplatform-backend_2-1,5.63%,81.34MiB / 15.62GiB
15:59:52,courseregistrationplatform-backend_1-1,6.27%,82.35MiB / 15.62GiB
15:59:52,courseregistrationplatform-nginx-1,3.50%,72.37MiB / 15.62GiB
15:59:52,courseregistrationplatform-backend_4-1,5.78%,82.2MiB / 15.62GiB
15:59:52,courseregistrationplatform-backend_3-1,10.11%,82.51MiB / 15.62GiB
15:59:52,courseregistrationplatform-db-1,2.15%,400.1MiB / 15.62GiB
15:59:52,courseregistrationplatform-frontend-1,0.00%,46.88MiB / 15.62GiB
15:59:52,courseregistrationplatform-worker_1-1,0.54%,35.43MiB / 15.62GiB
15:59:52,courseregistrationplatform-worker_2-1,0.53%,34.7MiB / 15.62GiB
15:59:52,courseregistrationplatform-ai-server-1,0.17%,123.2MiB / 15.62GiB
15:59:52,courseregistrationplatform-rabbitmq-1,0.69%,168.3MiB / 15.62GiB
15:59:52,courseregistrationplatform-redis-1,2.01%,11.4MiB / 15.62GiB
15:59:52,courseregistrationplatform-grafana-1,0.05%,72.22MiB / 15.62GiB
15:59:52,courseregistrationplatform-prometheus-1,1.09%,70.99MiB / 15.62GiB
15:59:52,sugang-control-plane,8.88%,785.1MiB / 15.62GiB
15:59:52,sugang-worker,2.19%,1.23GiB / 15.62GiB
15:59:52,sugang-worker2,3.12%,1.55GiB / 15.62GiB
15:59:52,biostream_api,6.15%,219.2MiB / 15.62GiB
15:59:52,biostream_mcp,0.00%,0B / 0B
15:59:52,biostream_qdrant,0.10%,162.9MiB / 15.62GiB
15:59:52,biostream_db,2.48%,35.56MiB / 15.62GiB
16:00:00,courseregistrationplatform-k6-run-55d215337951,107.29%,2.743GiB / 15.62GiB
16:00:00,courseregistrationplatform-backend_2-1,7.27%,80.39MiB / 15.62GiB
16:00:00,courseregistrationplatform-backend_1-1,7.34%,82.11MiB / 15.62GiB
16:00:00,courseregistrationplatform-nginx-1,4.46%,71.12MiB / 15.62GiB
16:00:00,courseregistrationplatform-backend_4-1,7.67%,82.08MiB / 15.62GiB
16:00:00,courseregistrationplatform-backend_3-1,7.29%,83.35MiB / 15.62GiB
16:00:00,courseregistrationplatform-db-1,7.54%,401.4MiB / 15.62GiB
16:00:00,courseregistrationplatform-frontend-1,0.00%,46.88MiB / 15.62GiB
16:00:00,courseregistrationplatform-worker_1-1,1.68%,35.16MiB / 15.62GiB
16:00:00,courseregistrationplatform-worker_2-1,1.74%,34.86MiB / 15.62GiB
16:00:00,courseregistrationplatform-ai-server-1,0.16%,123.2MiB / 15.62GiB
16:00:00,courseregistrationplatform-rabbitmq-1,2.03%,168.2MiB / 15.62GiB
16:00:00,courseregistrationplatform-redis-1,2.61%,10.9MiB / 15.62GiB
16:00:00,courseregistrationplatform-grafana-1,0.06%,72.22MiB / 15.62GiB
16:00:00,courseregistrationplatform-prometheus-1,0.07%,70.99MiB / 15.62GiB
16:00:00,sugang-control-plane,10.50%,783.2MiB / 15.62GiB
16:00:00,sugang-worker,4.51%,1.141GiB / 15.62GiB
16:00:00,sugang-worker2,3.33%,1.55GiB / 15.62GiB
16:00:00,biostream_api,6.47%,220.4MiB / 15.62GiB
16:00:00,biostream_mcp,0.00%,0B / 0B
16:00:00,biostream_qdrant,0.28%,162.9MiB / 15.62GiB
16:00:00,biostream_db,0.00%,35.56MiB / 15.62GiB
16:00:07,courseregistrationplatform-k6-run-55d215337951,103.47%,2.743GiB / 15.62GiB
16:00:07,courseregistrationplatform-backend_2-1,6.17%,81.02MiB / 15.62GiB
16:00:07,courseregistrationplatform-backend_1-1,6.32%,82.59MiB / 15.62GiB
16:00:07,courseregistrationplatform-nginx-1,3.59%,71.87MiB / 15.62GiB
16:00:07,courseregistrationplatform-backend_4-1,6.23%,82.33MiB / 15.62GiB
16:00:07,courseregistrationplatform-backend_3-1,6.04%,82.95MiB / 15.62GiB
16:00:07,courseregistrationplatform-db-1,2.98%,400.1MiB / 15.62GiB
16:00:07,courseregistrationplatform-frontend-1,0.00%,46.88MiB / 15.62GiB
16:00:07,courseregistrationplatform-worker_1-1,0.92%,35.32MiB / 15.62GiB
16:00:07,courseregistrationplatform-worker_2-1,0.71%,35MiB / 15.62GiB
16:00:07,courseregistrationplatform-ai-server-1,0.15%,123.2MiB / 15.62GiB
16:00:07,courseregistrationplatform-rabbitmq-1,1.15%,168.4MiB / 15.62GiB
16:00:07,courseregistrationplatform-redis-1,2.17%,11.16MiB / 15.62GiB
16:00:07,courseregistrationplatform-grafana-1,0.05%,72.23MiB / 15.62GiB
16:00:07,courseregistrationplatform-prometheus-1,0.11%,70.99MiB / 15.62GiB
16:00:07,sugang-control-plane,11.05%,783.7MiB / 15.62GiB
16:00:07,sugang-worker,2.36%,1.139GiB / 15.62GiB
16:00:07,sugang-worker2,3.73%,1.549GiB / 15.62GiB
16:00:07,biostream_api,6.60%,220.4MiB / 15.62GiB
16:00:07,biostream_mcp,0.00%,0B / 0B
16:00:07,biostream_qdrant,0.11%,162.9MiB / 15.62GiB
16:00:07,biostream_db,3.06%,35.56MiB / 15.62GiB
16:00:15,courseregistrationplatform-k6-run-55d215337951,100.19%,2.742GiB / 15.62GiB
16:00:15,courseregistrationplatform-backend_2-1,4.50%,80.54MiB / 15.62GiB
16:00:15,courseregistrationplatform-backend_1-1,3.98%,81.87MiB / 15.62GiB
16:00:15,courseregistrationplatform-nginx-1,2.64%,70.48MiB / 15.62GiB
16:00:15,courseregistrationplatform-backend_4-1,5.74%,82.45MiB / 15.62GiB
16:00:15,courseregistrationplatform-backend_3-1,4.50%,82.66MiB / 15.62GiB
16:00:15,courseregistrationplatform-db-1,2.21%,400.2MiB / 15.62GiB
16:00:15,courseregistrationplatform-frontend-1,0.00%,46.88MiB / 15.62GiB
16:00:15,courseregistrationplatform-worker_1-1,0.46%,35.47MiB / 15.62GiB
16:00:15,courseregistrationplatform-worker_2-1,0.56%,35.73MiB / 15.62GiB
16:00:15,courseregistrationplatform-ai-server-1,0.15%,123.2MiB / 15.62GiB
16:00:15,courseregistrationplatform-rabbitmq-1,1.19%,168.5MiB / 15.62GiB
16:00:15,courseregistrationplatform-redis-1,1.64%,11.39MiB / 15.62GiB
16:00:15,courseregistrationplatform-grafana-1,0.37%,72.23MiB / 15.62GiB
16:00:15,courseregistrationplatform-prometheus-1,0.64%,70.99MiB / 15.62GiB
16:00:15,sugang-control-plane,12.68%,785.2MiB / 15.62GiB
16:00:15,sugang-worker,2.62%,1.139GiB / 15.62GiB
16:00:15,sugang-worker2,3.12%,1.551GiB / 15.62GiB
16:00:15,biostream_api,6.14%,220.3MiB / 15.62GiB
16:00:15,biostream_mcp,0.00%,0B / 0B
16:00:15,biostream_qdrant,0.19%,162.8MiB / 15.62GiB
16:00:15,biostream_db,0.00%,35.56MiB / 15.62GiB
16:00:21,courseregistrationplatform-k6-run-55d215337951,96.27%,2.742GiB / 15.62GiB
16:00:21,courseregistrationplatform-backend_2-1,3.34%,81.21MiB / 15.62GiB
16:00:21,courseregistrationplatform-backend_1-1,3.51%,82.13MiB / 15.62GiB
16:00:21,courseregistrationplatform-nginx-1,1.94%,70.61MiB / 15.62GiB
16:00:21,courseregistrationplatform-backend_4-1,3.30%,81.97MiB / 15.62GiB
16:00:21,courseregistrationplatform-backend_3-1,3.24%,82.87MiB / 15.62GiB
16:00:21,courseregistrationplatform-db-1,1.86%,400.2MiB / 15.62GiB
16:00:21,courseregistrationplatform-frontend-1,0.00%,46.88MiB / 15.62GiB
16:00:21,courseregistrationplatform-worker_1-1,0.42%,35.21MiB / 15.62GiB
16:00:21,courseregistrationplatform-worker_2-1,0.52%,34.95MiB / 15.62GiB
16:00:21,courseregistrationplatform-ai-server-1,0.17%,123.2MiB / 15.62GiB
16:00:21,courseregistrationplatform-rabbitmq-1,0.84%,168.7MiB / 15.62GiB
16:00:21,courseregistrationplatform-redis-1,1.37%,10.9MiB / 15.62GiB
16:00:21,courseregistrationplatform-grafana-1,0.06%,72.22MiB / 15.62GiB
16:00:21,courseregistrationplatform-prometheus-1,0.19%,71.24MiB / 15.62GiB
16:00:21,sugang-control-plane,11.99%,786.7MiB / 15.62GiB
16:00:21,sugang-worker,1.79%,1.139GiB / 15.62GiB
16:00:21,sugang-worker2,3.18%,1.551GiB / 15.62GiB
16:00:21,biostream_api,6.72%,220.3MiB / 15.62GiB
16:00:21,biostream_mcp,0.00%,0B / 0B
16:00:21,biostream_qdrant,2.03%,162.9MiB / 15.62GiB
16:00:21,biostream_db,0.00%,35.56MiB / 15.62GiB
16:00:28,courseregistrationplatform-k6-run-55d215337951,94.60%,2.741GiB / 15.62GiB
16:00:28,courseregistrationplatform-backend_2-1,4.17%,81.49MiB / 15.62GiB
16:00:28,courseregistrationplatform-backend_1-1,3.77%,81.88MiB / 15.62GiB
16:00:28,courseregistrationplatform-nginx-1,2.48%,70.82MiB / 15.62GiB
16:00:28,courseregistrationplatform-backend_4-1,8.77%,81.96MiB / 15.62GiB
16:00:28,courseregistrationplatform-backend_3-1,4.01%,83.12MiB / 15.62GiB
16:00:28,courseregistrationplatform-db-1,3.85%,400.4MiB / 15.62GiB
16:00:28,courseregistrationplatform-frontend-1,0.00%,46.88MiB / 15.62GiB
16:00:28,courseregistrationplatform-worker_1-1,1.31%,35.36MiB / 15.62GiB
16:00:28,courseregistrationplatform-worker_2-1,0.87%,35.05MiB / 15.62GiB
16:00:28,courseregistrationplatform-ai-server-1,0.18%,123.2MiB / 15.62GiB
16:00:28,courseregistrationplatform-rabbitmq-1,1.41%,168.5MiB / 15.62GiB
16:00:28,courseregistrationplatform-redis-1,1.68%,11.16MiB / 15.62GiB
16:00:28,courseregistrationplatform-grafana-1,0.10%,72.22MiB / 15.62GiB
16:00:28,courseregistrationplatform-prometheus-1,0.09%,70.99MiB / 15.62GiB
16:00:28,sugang-control-plane,11.88%,785.9MiB / 15.62GiB
16:00:28,sugang-worker,4.06%,1.139GiB / 15.62GiB
16:00:28,sugang-worker2,5.59%,1.551GiB / 15.62GiB
16:00:28,biostream_api,7.22%,220.6MiB / 15.62GiB
16:00:28,biostream_mcp,0.00%,0B / 0B
16:00:28,biostream_qdrant,0.13%,162.9MiB / 15.62GiB
16:00:28,biostream_db,3.15%,35.56MiB / 15.62GiB
16:00:35,courseregistrationplatform-k6-run-55d215337951,64.73%,2.741GiB / 15.62GiB
16:00:35,courseregistrationplatform-backend_2-1,2.45%,81.18MiB / 15.62GiB
16:00:35,courseregistrationplatform-backend_1-1,2.92%,64.96MiB / 15.62GiB
16:00:35,courseregistrationplatform-nginx-1,1.36%,69.76MiB / 15.62GiB
16:00:35,courseregistrationplatform-backend_4-1,2.10%,81.95MiB / 15.62GiB
16:00:35,courseregistrationplatform-backend_3-1,2.42%,82.87MiB / 15.62GiB
16:00:35,courseregistrationplatform-db-1,2.80%,400.2MiB / 15.62GiB
16:00:35,courseregistrationplatform-frontend-1,0.00%,46.88MiB / 15.62GiB
16:00:35,courseregistrationplatform-worker_1-1,0.96%,35.52MiB / 15.62GiB
16:00:35,courseregistrationplatform-worker_2-1,0.87%,35.3MiB / 15.62GiB
16:00:35,courseregistrationplatform-ai-server-1,0.14%,123.2MiB / 15.62GiB
16:00:35,courseregistrationplatform-rabbitmq-1,1.51%,169MiB / 15.62GiB
16:00:35,courseregistrationplatform-redis-1,1.12%,11.4MiB / 15.62GiB
16:00:35,courseregistrationplatform-grafana-1,0.34%,72.22MiB / 15.62GiB
16:00:35,courseregistrationplatform-prometheus-1,0.08%,70.99MiB / 15.62GiB
16:00:35,sugang-control-plane,9.50%,784.7MiB / 15.62GiB
16:00:35,sugang-worker,2.61%,1.139GiB / 15.62GiB
16:00:35,sugang-worker2,4.60%,1.558GiB / 15.62GiB
16:00:35,biostream_api,4.48%,220.8MiB / 15.62GiB
16:00:35,biostream_mcp,0.00%,0B / 0B
16:00:35,biostream_qdrant,0.28%,162.9MiB / 15.62GiB
16:00:35,biostream_db,0.00%,35.56MiB / 15.62GiB
16:00:42,courseregistrationplatform-k6-run-55d215337951,27.80%,2.741GiB / 15.62GiB
16:00:42,courseregistrationplatform-backend_2-1,2.27%,81.19MiB / 15.62GiB
16:00:42,courseregistrationplatform-backend_1-1,1.76%,67.53MiB / 15.62GiB
16:00:42,courseregistrationplatform-nginx-1,1.36%,69.07MiB / 15.62GiB
16:00:42,courseregistrationplatform-backend_4-1,2.19%,81.95MiB / 15.62GiB
16:00:42,courseregistrationplatform-backend_3-1,3.51%,67.85MiB / 15.62GiB
16:00:42,courseregistrationplatform-db-1,3.50%,400.7MiB / 15.62GiB
16:00:42,courseregistrationplatform-frontend-1,0.00%,46.88MiB / 15.62GiB
16:00:42,courseregistrationplatform-worker_1-1,0.55%,35.28MiB / 15.62GiB
16:00:42,courseregistrationplatform-worker_2-1,1.09%,35.75MiB / 15.62GiB
16:00:42,courseregistrationplatform-ai-server-1,0.16%,123.2MiB / 15.62GiB
16:00:42,courseregistrationplatform-rabbitmq-1,1.37%,168.7MiB / 15.62GiB
16:00:42,courseregistrationplatform-redis-1,1.13%,10.89MiB / 15.62GiB
16:00:42,courseregistrationplatform-grafana-1,0.04%,72.22MiB / 15.62GiB
16:00:42,courseregistrationplatform-prometheus-1,0.09%,70.99MiB / 15.62GiB
16:00:42,sugang-control-plane,8.48%,784.1MiB / 15.62GiB
16:00:42,sugang-worker,3.88%,1.148GiB / 15.62GiB
16:00:42,sugang-worker2,3.12%,1.558GiB / 15.62GiB
16:00:42,biostream_api,6.83%,220.4MiB / 15.62GiB
16:00:42,biostream_mcp,0.00%,0B / 0B
16:00:42,biostream_qdrant,2.03%,163.1MiB / 15.62GiB
16:00:42,biostream_db,2.41%,36.52MiB / 15.62GiB
16:00:49,courseregistrationplatform-k6-run-55d215337951,3.34%,2.741GiB / 15.62GiB
16:00:49,courseregistrationplatform-backend_2-1,1.38%,81.43MiB / 15.62GiB
16:00:49,courseregistrationplatform-backend_1-1,1.22%,69.12MiB / 15.62GiB
16:00:49,courseregistrationplatform-nginx-1,0.83%,68.43MiB / 15.62GiB
16:00:49,courseregistrationplatform-backend_4-1,1.46%,81.95MiB / 15.62GiB
16:00:49,courseregistrationplatform-backend_3-1,1.33%,67.12MiB / 15.62GiB
16:00:49,courseregistrationplatform-db-1,2.83%,400.4MiB / 15.62GiB
16:00:49,courseregistrationplatform-frontend-1,0.00%,46.88MiB / 15.62GiB
16:00:49,courseregistrationplatform-worker_1-1,0.95%,35.84MiB / 15.62GiB
16:00:49,courseregistrationplatform-worker_2-1,0.87%,35.35MiB / 15.62GiB
16:00:49,courseregistrationplatform-ai-server-1,0.19%,123.2MiB / 15.62GiB
16:00:49,courseregistrationplatform-rabbitmq-1,1.16%,168.1MiB / 15.62GiB
16:00:49,courseregistrationplatform-redis-1,0.84%,10.88MiB / 15.62GiB
16:00:49,courseregistrationplatform-grafana-1,0.04%,72.23MiB / 15.62GiB
16:00:49,courseregistrationplatform-prometheus-1,0.68%,71.32MiB / 15.62GiB
16:00:49,sugang-control-plane,9.67%,786MiB / 15.62GiB
16:00:49,sugang-worker,2.34%,1.148GiB / 15.62GiB
16:00:49,sugang-worker2,3.58%,1.558GiB / 15.62GiB
16:00:49,biostream_api,5.93%,220.8MiB / 15.62GiB
16:00:49,biostream_mcp,0.00%,0B / 0B
16:00:49,biostream_qdrant,0.17%,162.9MiB / 15.62GiB
16:00:49,biostream_db,0.44%,35.56MiB / 15.62GiB
16:00:57,courseregistrationplatform-k6-run-55d215337951,2.15%,2.74GiB / 15.62GiB
16:00:57,courseregistrationplatform-backend_2-1,0.84%,81.18MiB / 15.62GiB
16:00:57,courseregistrationplatform-backend_1-1,0.63%,71.05MiB / 15.62GiB
16:00:57,courseregistrationplatform-nginx-1,0.45%,68.78MiB / 15.62GiB
16:00:57,courseregistrationplatform-backend_4-1,0.50%,81.96MiB / 15.62GiB
16:00:57,courseregistrationplatform-backend_3-1,0.69%,67.13MiB / 15.62GiB
16:00:57,courseregistrationplatform-db-1,1.69%,400.7MiB / 15.62GiB
16:00:57,courseregistrationplatform-frontend-1,0.00%,46.88MiB / 15.62GiB
16:00:57,courseregistrationplatform-worker_1-1,0.36%,35.36MiB / 15.62GiB
16:00:57,courseregistrationplatform-worker_2-1,0.95%,35.06MiB / 15.62GiB
16:00:57,courseregistrationplatform-ai-server-1,0.15%,123.2MiB / 15.62GiB
16:00:57,courseregistrationplatform-rabbitmq-1,0.83%,168.2MiB / 15.62GiB
16:00:57,courseregistrationplatform-redis-1,0.57%,11.6MiB / 15.62GiB
16:00:57,courseregistrationplatform-grafana-1,0.05%,72.23MiB / 15.62GiB
16:00:57,courseregistrationplatform-prometheus-1,0.10%,71.56MiB / 15.62GiB
16:00:57,sugang-control-plane,12.68%,786.6MiB / 15.62GiB
16:00:57,sugang-worker,4.35%,1.147GiB / 15.62GiB
16:00:57,sugang-worker2,4.79%,1.558GiB / 15.62GiB
16:00:57,biostream_api,5.77%,220.8MiB / 15.62GiB
16:00:57,biostream_mcp,0.00%,0B / 0B
16:00:57,biostream_qdrant,0.08%,162.9MiB / 15.62GiB
16:00:57,biostream_db,0.00%,35.56MiB / 15.62GiB
16:01:05,courseregistrationplatform-k6-run-55d215337951,2.11%,2.74GiB / 15.62GiB
16:01:05,courseregistrationplatform-backend_2-1,0.67%,81.43MiB / 15.62GiB
16:01:05,courseregistrationplatform-backend_1-1,0.44%,72.28MiB / 15.62GiB
16:01:05,courseregistrationplatform-nginx-1,0.52%,67.38MiB / 15.62GiB
16:01:05,courseregistrationplatform-backend_4-1,0.67%,81.97MiB / 15.62GiB
16:01:05,courseregistrationplatform-backend_3-1,0.82%,58.15MiB / 15.62GiB
16:01:05,courseregistrationplatform-db-1,1.75%,400.2MiB / 15.62GiB
16:01:05,courseregistrationplatform-frontend-1,0.00%,46.88MiB / 15.62GiB
16:01:05,courseregistrationplatform-worker_1-1,0.40%,35.43MiB / 15.62GiB
16:01:05,courseregistrationplatform-worker_2-1,0.37%,34.84MiB / 15.62GiB
16:01:05,courseregistrationplatform-ai-server-1,0.16%,123.2MiB / 15.62GiB
16:01:05,courseregistrationplatform-rabbitmq-1,1.24%,167.5MiB / 15.62GiB
16:01:05,courseregistrationplatform-redis-1,0.58%,10.87MiB / 15.62GiB
16:01:05,courseregistrationplatform-grafana-1,0.33%,72.23MiB / 15.62GiB
16:01:05,courseregistrationplatform-prometheus-1,0.06%,71.32MiB / 15.62GiB
16:01:05,sugang-control-plane,7.88%,787.5MiB / 15.62GiB
16:01:05,sugang-worker,3.03%,1.148GiB / 15.62GiB
16:01:05,sugang-worker2,2.43%,1.558GiB / 15.62GiB
16:01:05,biostream_api,4.36%,220.9MiB / 15.62GiB
16:01:05,biostream_mcp,0.00%,0B / 0B
16:01:05,biostream_qdrant,0.24%,162.9MiB / 15.62GiB
16:01:05,biostream_db,0.00%,35.56MiB / 15.62GiB
16:01:12,courseregistrationplatform-k6-run-55d215337951,2.46%,2.74GiB / 15.62GiB
16:01:12,courseregistrationplatform-backend_2-1,0.96%,80.94MiB / 15.62GiB
16:01:12,courseregistrationplatform-backend_1-1,1.39%,73.68MiB / 15.62GiB
16:01:12,courseregistrationplatform-nginx-1,0.64%,67.24MiB / 15.62GiB
16:01:12,courseregistrationplatform-backend_4-1,0.43%,81.96MiB / 15.62GiB
16:01:12,courseregistrationplatform-backend_3-1,0.87%,56.68MiB / 15.62GiB
16:01:12,courseregistrationplatform-db-1,2.21%,400.5MiB / 15.62GiB
16:01:12,courseregistrationplatform-frontend-1,0.00%,46.88MiB / 15.62GiB
16:01:12,courseregistrationplatform-worker_1-1,0.33%,35.38MiB / 15.62GiB
16:01:12,courseregistrationplatform-worker_2-1,0.63%,34.86MiB / 15.62GiB
16:01:12,courseregistrationplatform-ai-server-1,0.15%,123.2MiB / 15.62GiB
16:01:12,courseregistrationplatform-rabbitmq-1,0.84%,168.2MiB / 15.62GiB
16:01:12,courseregistrationplatform-redis-1,0.66%,11.6MiB / 15.62GiB
16:01:12,courseregistrationplatform-grafana-1,0.05%,72.23MiB / 15.62GiB
16:01:12,courseregistrationplatform-prometheus-1,0.16%,71.32MiB / 15.62GiB
16:01:12,sugang-control-plane,9.21%,786.3MiB / 15.62GiB
16:01:12,sugang-worker,1.99%,1.148GiB / 15.62GiB
16:01:12,sugang-worker2,2.54%,1.558GiB / 15.62GiB
16:01:12,biostream_api,6.22%,221.1MiB / 15.62GiB
16:01:12,biostream_mcp,0.00%,0B / 0B
16:01:12,biostream_qdrant,0.45%,164.1MiB / 15.62GiB
16:01:12,biostream_db,0.01%,35.56MiB / 15.62GiB
16:01:19,courseregistrationplatform-k6-run-55d215337951,1.09%,2.74GiB / 15.62GiB
16:01:19,courseregistrationplatform-backend_2-1,0.34%,81.18MiB / 15.62GiB
16:01:19,courseregistrationplatform-backend_1-1,0.45%,64.02MiB / 15.62GiB
16:01:19,courseregistrationplatform-nginx-1,0.19%,66.81MiB / 15.62GiB
16:01:19,courseregistrationplatform-backend_4-1,0.05%,81.96MiB / 15.62GiB
16:01:19,courseregistrationplatform-backend_3-1,0.02%,57.23MiB / 15.62GiB
16:01:19,courseregistrationplatform-db-1,0.83%,400.2MiB / 15.62GiB
16:01:19,courseregistrationplatform-frontend-1,0.00%,46.88MiB / 15.62GiB
16:01:19,courseregistrationplatform-worker_1-1,0.24%,35.58MiB / 15.62GiB
16:01:19,courseregistrationplatform-worker_2-1,0.14%,35.22MiB / 15.62GiB
16:01:19,courseregistrationplatform-ai-server-1,0.16%,123.2MiB / 15.62GiB
16:01:19,courseregistrationplatform-rabbitmq-1,0.95%,167.8MiB / 15.62GiB
16:01:19,courseregistrationplatform-redis-1,0.44%,10.86MiB / 15.62GiB
16:01:19,courseregistrationplatform-grafana-1,0.04%,72.23MiB / 15.62GiB
16:01:19,courseregistrationplatform-prometheus-1,0.61%,71.32MiB / 15.62GiB
16:01:19,sugang-control-plane,8.92%,786.9MiB / 15.62GiB
16:01:19,sugang-worker,2.70%,1.149GiB / 15.62GiB
16:01:19,sugang-worker2,2.15%,1.582GiB / 15.62GiB
16:01:19,biostream_api,5.89%,220.8MiB / 15.62GiB
16:01:19,biostream_mcp,0.00%,0B / 0B
16:01:19,biostream_qdrant,0.09%,162.9MiB / 15.62GiB
16:01:19,biostream_db,0.00%,35.56MiB / 15.62GiB
16:01:27,courseregistrationplatform-k6-run-55d215337951,1.18%,2.739GiB / 15.62GiB
16:01:27,courseregistrationplatform-backend_2-1,0.27%,80.93MiB / 15.62GiB
16:01:27,courseregistrationplatform-backend_1-1,0.18%,63.76MiB / 15.62GiB
16:01:27,courseregistrationplatform-nginx-1,0.18%,65.49MiB / 15.62GiB
16:01:27,courseregistrationplatform-backend_4-1,1.44%,66.04MiB / 15.62GiB
16:01:27,courseregistrationplatform-backend_3-1,0.25%,56.48MiB / 15.62GiB
16:01:27,courseregistrationplatform-db-1,1.05%,400.2MiB / 15.62GiB
16:01:27,courseregistrationplatform-frontend-1,0.00%,46.88MiB / 15.62GiB
16:01:27,courseregistrationplatform-worker_1-1,0.14%,35.07MiB / 15.62GiB
16:01:27,courseregistrationplatform-worker_2-1,0.14%,35.12MiB / 15.62GiB
16:01:27,courseregistrationplatform-ai-server-1,0.17%,123.2MiB / 15.62GiB
16:01:27,courseregistrationplatform-rabbitmq-1,0.47%,168.2MiB / 15.62GiB
16:01:27,courseregistrationplatform-redis-1,0.46%,10.86MiB / 15.62GiB
16:01:27,courseregistrationplatform-grafana-1,0.06%,72.23MiB / 15.62GiB
16:01:27,courseregistrationplatform-prometheus-1,0.11%,71.32MiB / 15.62GiB
16:01:27,sugang-control-plane,12.85%,788.6MiB / 15.62GiB
16:01:27,sugang-worker,5.67%,1.157GiB / 15.62GiB
16:01:27,sugang-worker2,6.15%,1.582GiB / 15.62GiB
16:01:27,biostream_api,5.70%,220.8MiB / 15.62GiB
16:01:27,biostream_qdrant,0.10%,162.9MiB / 15.62GiB
16:01:27,biostream_db,0.00%,35.56MiB / 15.62GiB
16:01:34,courseregistrationplatform-backend_2-1,0.00%,80.91MiB / 15.62GiB
16:01:34,courseregistrationplatform-backend_1-1,0.05%,63.69MiB / 15.62GiB
16:01:34,courseregistrationplatform-nginx-1,0.00%,61.93MiB / 15.62GiB
16:01:34,courseregistrationplatform-backend_4-1,0.06%,66.28MiB / 15.62GiB
16:01:34,courseregistrationplatform-backend_3-1,0.06%,56.5MiB / 15.62GiB
16:01:34,courseregistrationplatform-db-1,0.45%,400.2MiB / 15.62GiB
16:01:34,courseregistrationplatform-frontend-1,0.00%,46.88MiB / 15.62GiB
16:01:34,courseregistrationplatform-worker_1-1,0.01%,35.08MiB / 15.62GiB
16:01:34,courseregistrationplatform-worker_2-1,0.01%,35.2MiB / 15.62GiB
16:01:34,courseregistrationplatform-ai-server-1,0.14%,123.2MiB / 15.62GiB
16:01:34,courseregistrationplatform-rabbitmq-1,0.81%,168MiB / 15.62GiB
16:01:34,courseregistrationplatform-redis-1,0.45%,11.11MiB / 15.62GiB
16:01:34,courseregistrationplatform-grafana-1,0.30%,72.23MiB / 15.62GiB
16:01:34,courseregistrationplatform-prometheus-1,0.00%,71.32MiB / 15.62GiB
16:01:34,sugang-control-plane,6.73%,788.5MiB / 15.62GiB
16:01:34,sugang-worker,4.15%,1.156GiB / 15.62GiB
16:01:34,sugang-worker2,3.09%,1.581GiB / 15.62GiB
16:01:34,biostream_api,5.35%,220.6MiB / 15.62GiB
16:01:34,biostream_mcp,0.00%,0B / 0B
16:01:34,biostream_qdrant,0.24%,162.9MiB / 15.62GiB
16:01:34,biostream_db,0.00%,35.56MiB / 15.62GiB
16:01:42,courseregistrationplatform-backend_2-1,0.07%,80.91MiB / 15.62GiB
16:01:42,courseregistrationplatform-backend_1-1,0.00%,63.69MiB / 15.62GiB
16:01:42,courseregistrationplatform-nginx-1,0.00%,61.93MiB / 15.62GiB
16:01:42,courseregistrationplatform-backend_4-1,0.06%,66.02MiB / 15.62GiB
16:01:42,courseregistrationplatform-backend_3-1,0.00%,56.52MiB / 15.62GiB
16:01:42,courseregistrationplatform-db-1,0.52%,400.2MiB / 15.62GiB
16:01:42,courseregistrationplatform-frontend-1,0.00%,46.88MiB / 15.62GiB
16:01:42,courseregistrationplatform-worker_1-1,0.01%,35.09MiB / 15.62GiB
16:01:42,courseregistrationplatform-worker_2-1,0.00%,35.21MiB / 15.62GiB
16:01:42,courseregistrationplatform-ai-server-1,0.19%,123.2MiB / 15.62GiB
16:01:42,courseregistrationplatform-rabbitmq-1,0.24%,166.6MiB / 15.62GiB
16:01:42,courseregistrationplatform-redis-1,0.47%,10.61MiB / 15.62GiB
16:01:42,courseregistrationplatform-grafana-1,0.06%,72.23MiB / 15.62GiB
16:01:42,courseregistrationplatform-prometheus-1,0.05%,71.32MiB / 15.62GiB
16:01:42,sugang-control-plane,12.26%,788MiB / 15.62GiB
16:01:42,sugang-worker,3.58%,1.155GiB / 15.62GiB
16:01:42,sugang-worker2,3.79%,1.59GiB / 15.62GiB
16:01:42,biostream_api,4.53%,220.6MiB / 15.62GiB
16:01:42,biostream_mcp,0.00%,0B / 0B
16:01:42,biostream_qdrant,0.12%,162.8MiB / 15.62GiB
16:01:42,biostream_db,0.01%,35.56MiB / 15.62GiB
16:01:49,courseregistrationplatform-backend_2-1,0.00%,80.91MiB / 15.62GiB
16:01:49,courseregistrationplatform-backend_1-1,0.05%,63.69MiB / 15.62GiB
16:01:49,courseregistrationplatform-nginx-1,0.00%,61.93MiB / 15.62GiB
16:01:49,courseregistrationplatform-backend_4-1,0.05%,66.02MiB / 15.62GiB
16:01:49,courseregistrationplatform-backend_3-1,0.06%,56.55MiB / 15.62GiB
16:01:49,courseregistrationplatform-db-1,0.46%,400.2MiB / 15.62GiB
16:01:49,courseregistrationplatform-frontend-1,0.00%,46.88MiB / 15.62GiB
16:01:49,courseregistrationplatform-worker_1-1,0.00%,35.09MiB / 15.62GiB
16:01:49,courseregistrationplatform-worker_2-1,0.00%,35.21MiB / 15.62GiB
16:01:49,courseregistrationplatform-ai-server-1,0.17%,123.2MiB / 15.62GiB
16:01:49,courseregistrationplatform-rabbitmq-1,0.24%,167MiB / 15.62GiB
16:01:49,courseregistrationplatform-redis-1,0.41%,10.86MiB / 15.62GiB
16:01:49,courseregistrationplatform-grafana-1,1.44%,72.23MiB / 15.62GiB
16:01:49,courseregistrationplatform-prometheus-1,0.51%,71.35MiB / 15.62GiB
16:01:49,sugang-control-plane,7.90%,790.4MiB / 15.62GiB
16:01:49,sugang-worker,5.15%,1.156GiB / 15.62GiB
16:01:49,sugang-worker2,4.25%,1.589GiB / 15.62GiB
16:01:49,biostream_api,5.90%,220.4MiB / 15.62GiB
16:01:49,biostream_mcp,0.00%,0B / 0B
16:01:49,biostream_qdrant,0.11%,162.9MiB / 15.62GiB
16:01:49,biostream_db,0.00%,35.56MiB / 15.62GiB
16:01:57,courseregistrationplatform-backend_2-1,0.00%,80.91MiB / 15.62GiB
16:01:57,courseregistrationplatform-backend_1-1,0.00%,63.69MiB / 15.62GiB
16:01:57,courseregistrationplatform-nginx-1,0.00%,61.93MiB / 15.62GiB
16:01:57,courseregistrationplatform-backend_4-1,0.05%,66.02MiB / 15.62GiB
16:01:57,courseregistrationplatform-backend_3-1,0.02%,56.57MiB / 15.62GiB
16:01:57,courseregistrationplatform-db-1,0.46%,400.2MiB / 15.62GiB
16:01:57,courseregistrationplatform-frontend-1,0.00%,46.88MiB / 15.62GiB
16:01:57,courseregistrationplatform-worker_1-1,0.00%,35.09MiB / 15.62GiB
16:01:57,courseregistrationplatform-worker_2-1,0.00%,35.21MiB / 15.62GiB
16:01:57,courseregistrationplatform-ai-server-1,0.15%,123.2MiB / 15.62GiB
16:01:57,courseregistrationplatform-rabbitmq-1,0.20%,167.8MiB / 15.62GiB
16:01:57,courseregistrationplatform-redis-1,0.41%,11.11MiB / 15.62GiB
16:01:57,courseregistrationplatform-grafana-1,0.05%,72.23MiB / 15.62GiB
16:01:57,courseregistrationplatform-prometheus-1,0.02%,71.34MiB / 15.62GiB
16:01:57,sugang-control-plane,11.72%,787.8MiB / 15.62GiB
16:01:57,sugang-worker,5.11%,1.163GiB / 15.62GiB
16:01:57,sugang-worker2,4.90%,1.59GiB / 15.62GiB
16:01:57,biostream_api,5.12%,220.1MiB / 15.62GiB
16:01:57,biostream_mcp,0.00%,0B / 0B
16:01:57,biostream_qdrant,0.10%,162.9MiB / 15.62GiB
16:01:57,biostream_db,0.00%,35.56MiB / 15.62GiB
