13:58:00,courseregistrationplatform-backend_2-1,0.09%,34.47MiB / 9.714GiB
13:58:00,courseregistrationplatform-backend_1-1,0.00%,33.59MiB / 9.714GiB
13:58:00,courseregistrationplatform-frontend-1,0.00%,22.24MiB / 9.714GiB
13:58:00,courseregistrationplatform-worker_1-1,0.00%,26.77MiB / 9.714GiB
13:58:00,courseregistrationplatform-worker_2-1,0.00%,27.14MiB / 9.714GiB
13:58:00,courseregistrationplatform-nginx-1,0.00%,19.39MiB / 9.714GiB
13:58:00,courseregistrationplatform-ai-server-1,0.19%,126.7MiB / 9.714GiB
13:58:00,courseregistrationplatform-db-1,0.47%,425.4MiB / 9.714GiB
13:58:00,courseregistrationplatform-rabbitmq-1,0.16%,151.1MiB / 9.714GiB
13:58:00,courseregistrationplatform-redis-1,0.42%,8.863MiB / 9.714GiB
13:58:00,courseregistrationplatform-grafana-1,0.04%,80.6MiB / 9.714GiB
13:58:00,courseregistrationplatform-prometheus-1,0.00%,54.45MiB / 9.714GiB
13:58:00,sugang-control-plane,11.24%,775.8MiB / 9.714GiB
13:58:00,sugang-worker,1.74%,600.7MiB / 9.714GiB
13:58:00,sugang-worker2,2.45%,1.028GiB / 9.714GiB
13:58:00,biostream_api,6.50%,225.4MiB / 9.714GiB
13:58:00,biostream_mcp,0.00%,0B / 0B
13:58:00,biostream_qdrant,0.03%,152.1MiB / 9.714GiB
13:58:00,biostream_db,0.00%,37.32MiB / 9.714GiB
13:58:04,courseregistrationplatform-backend_2-1,0.05%,34.48MiB / 9.714GiB
13:58:04,courseregistrationplatform-backend_1-1,0.06%,33.62MiB / 9.714GiB
13:58:04,courseregistrationplatform-frontend-1,0.00%,22.24MiB / 9.714GiB
13:58:04,courseregistrationplatform-worker_1-1,0.00%,26.77MiB / 9.714GiB
13:58:04,courseregistrationplatform-worker_2-1,0.00%,27.14MiB / 9.714GiB
13:58:04,courseregistrationplatform-nginx-1,0.00%,19.39MiB / 9.714GiB
13:58:04,courseregistrationplatform-ai-server-1,0.14%,126.7MiB / 9.714GiB
13:58:04,courseregistrationplatform-db-1,0.44%,425.4MiB / 9.714GiB
13:58:04,courseregistrationplatform-rabbitmq-1,0.13%,151.1MiB / 9.714GiB
13:58:04,courseregistrationplatform-redis-1,0.32%,9.113MiB / 9.714GiB
13:58:04,courseregistrationplatform-grafana-1,0.24%,80.6MiB / 9.714GiB
13:58:04,courseregistrationplatform-prometheus-1,0.01%,54.45MiB / 9.714GiB
13:58:04,sugang-control-plane,5.49%,776.8MiB / 9.714GiB
13:58:04,sugang-worker,3.38%,600.2MiB / 9.714GiB
13:58:04,sugang-worker2,1.96%,1.029GiB / 9.714GiB
13:58:04,biostream_api,5.90%,224.9MiB / 9.714GiB
13:58:04,biostream_mcp,0.00%,0B / 0B
13:58:04,biostream_qdrant,0.01%,152.1MiB / 9.714GiB
13:58:04,biostream_db,0.00%,37.32MiB / 9.714GiB
13:58:09,courseregistrationplatform-frontend-1,0.01%,22.24MiB / 9.714GiB
13:58:09,courseregistrationplatform-worker_1-1,0.00%,26.77MiB / 9.714GiB
13:58:09,courseregistrationplatform-worker_2-1,0.00%,27.14MiB / 9.714GiB
13:58:09,courseregistrationplatform-nginx-1,0.00%,19.39MiB / 9.714GiB
13:58:09,courseregistrationplatform-ai-server-1,0.16%,126.7MiB / 9.714GiB
13:58:09,courseregistrationplatform-db-1,0.47%,425.4MiB / 9.714GiB
13:58:09,courseregistrationplatform-rabbitmq-1,0.17%,151.1MiB / 9.714GiB
13:58:09,courseregistrationplatform-redis-1,0.40%,9.105MiB / 9.714GiB
13:58:09,courseregistrationplatform-grafana-1,0.02%,80.6MiB / 9.714GiB
13:58:09,courseregistrationplatform-prometheus-1,0.01%,54.49MiB / 9.714GiB
13:58:09,sugang-control-plane,7.22%,776.5MiB / 9.714GiB
13:58:09,sugang-worker,3.97%,599.9MiB / 9.714GiB
13:58:09,sugang-worker2,3.39%,1.03GiB / 9.714GiB
13:58:09,biostream_api,3.73%,225.1MiB / 9.714GiB
13:58:09,biostream_mcp,0.00%,0B / 0B
13:58:09,biostream_qdrant,0.01%,152.2MiB / 9.714GiB
13:58:09,biostream_db,0.00%,37.43MiB / 9.714GiB
13:58:14,courseregistrationplatform-backend_2-1,43.66%,39.08MiB / 9.714GiB
13:58:14,courseregistrationplatform-backend_1-1,26.90%,58.67MiB / 9.714GiB
13:58:14,courseregistrationplatform-frontend-1,0.00%,22.23MiB / 9.714GiB
13:58:14,courseregistrationplatform-worker_1-1,0.00%,26.77MiB / 9.714GiB
13:58:14,courseregistrationplatform-worker_2-1,0.00%,27.14MiB / 9.714GiB
13:58:14,courseregistrationplatform-ai-server-1,0.16%,126.7MiB / 9.714GiB
13:58:14,courseregistrationplatform-db-1,0.41%,425.4MiB / 9.714GiB
13:58:14,courseregistrationplatform-rabbitmq-1,0.15%,151.1MiB / 9.714GiB
13:58:14,courseregistrationplatform-redis-1,0.38%,8.844MiB / 9.714GiB
13:58:14,courseregistrationplatform-grafana-1,0.36%,80.74MiB / 9.714GiB
13:58:14,courseregistrationplatform-prometheus-1,0.01%,54.5MiB / 9.714GiB
13:58:14,sugang-control-plane,8.25%,775.6MiB / 9.714GiB
13:58:14,sugang-worker,1.57%,599.9MiB / 9.714GiB
13:58:14,sugang-worker2,5.01%,1.029GiB / 9.714GiB
13:58:14,biostream_api,2.23%,225.2MiB / 9.714GiB
13:58:14,biostream_mcp,0.00%,0B / 0B
13:58:14,biostream_qdrant,0.02%,151.9MiB / 9.714GiB
13:58:14,biostream_db,0.00%,37.42MiB / 9.714GiB
13:58:14,courseregistrationplatform-nginx-1,0.00%,18.3MiB / 9.714GiB
13:58:20,courseregistrationplatform-backend_2-1,0.14%,54.99MiB / 9.714GiB
13:58:20,courseregistrationplatform-backend_1-1,29.60%,60.84MiB / 9.714GiB
13:58:20,courseregistrationplatform-frontend-1,0.00%,22.19MiB / 9.714GiB
13:58:20,courseregistrationplatform-worker_1-1,0.00%,26.77MiB / 9.714GiB
13:58:20,courseregistrationplatform-worker_2-1,0.00%,27.14MiB / 9.714GiB
13:58:20,courseregistrationplatform-nginx-1,0.00%,18.3MiB / 9.714GiB
13:58:20,courseregistrationplatform-ai-server-1,0.15%,127.3MiB / 9.714GiB
13:58:20,courseregistrationplatform-db-1,3.14%,428.4MiB / 9.714GiB
13:58:20,courseregistrationplatform-rabbitmq-1,0.31%,151MiB / 9.714GiB
13:58:20,courseregistrationplatform-redis-1,0.44%,8.867MiB / 9.714GiB
13:58:20,courseregistrationplatform-grafana-1,0.03%,82.45MiB / 9.714GiB
13:58:20,courseregistrationplatform-prometheus-1,0.28%,55.82MiB / 9.714GiB
13:58:20,sugang-control-plane,5.29%,775.4MiB / 9.714GiB
13:58:20,sugang-worker,2.53%,599.7MiB / 9.714GiB
13:58:20,sugang-worker2,3.25%,1.03GiB / 9.714GiB
13:58:20,biostream_api,3.06%,225.3MiB / 9.714GiB
13:58:20,biostream_mcp,0.00%,0B / 0B
13:58:20,biostream_qdrant,0.06%,151.4MiB / 9.714GiB
13:58:20,biostream_db,2.29%,37.47MiB / 9.714GiB
13:58:26,courseregistrationplatform-backend_2-1,0.10%,55.02MiB / 9.714GiB
13:58:26,courseregistrationplatform-backend_1-1,63.74%,128.6MiB / 9.714GiB
13:58:26,courseregistrationplatform-frontend-1,0.00%,22.24MiB / 9.714GiB
13:58:26,courseregistrationplatform-worker_1-1,0.00%,26.77MiB / 9.714GiB
13:58:26,courseregistrationplatform-worker_2-1,0.00%,27.14MiB / 9.714GiB
13:58:26,courseregistrationplatform-nginx-1,0.00%,18.3MiB / 9.714GiB
13:58:26,courseregistrationplatform-ai-server-1,0.22%,127.5MiB / 9.714GiB
13:58:26,courseregistrationplatform-db-1,1.11%,437.5MiB / 9.714GiB
13:58:26,courseregistrationplatform-rabbitmq-1,0.19%,151MiB / 9.714GiB
13:58:26,courseregistrationplatform-redis-1,0.44%,9.113MiB / 9.714GiB
13:58:26,courseregistrationplatform-grafana-1,0.05%,82.45MiB / 9.714GiB
13:58:26,courseregistrationplatform-prometheus-1,0.76%,50.84MiB / 9.714GiB
13:58:26,sugang-control-plane,7.22%,775.7MiB / 9.714GiB
13:58:26,sugang-worker,2.86%,600.5MiB / 9.714GiB
13:58:26,sugang-worker2,5.23%,1.03GiB / 9.714GiB
13:58:26,biostream_api,3.38%,224.7MiB / 9.714GiB
13:58:26,biostream_mcp,0.00%,0B / 0B
13:58:26,biostream_qdrant,0.07%,151MiB / 9.714GiB
13:58:26,biostream_db,0.00%,37.43MiB / 9.714GiB
13:58:31,courseregistrationplatform-backend_2-1,0.00%,55.03MiB / 9.714GiB
13:58:31,courseregistrationplatform-backend_1-1,0.10%,64.94MiB / 9.714GiB
13:58:31,courseregistrationplatform-frontend-1,0.00%,22.19MiB / 9.714GiB
13:58:31,courseregistrationplatform-worker_1-1,0.00%,26.77MiB / 9.714GiB
13:58:31,courseregistrationplatform-worker_2-1,0.00%,27.14MiB / 9.714GiB
13:58:31,courseregistrationplatform-nginx-1,0.00%,18.3MiB / 9.714GiB
13:58:31,courseregistrationplatform-ai-server-1,0.18%,128.2MiB / 9.714GiB
13:58:31,courseregistrationplatform-db-1,0.53%,436.7MiB / 9.714GiB
13:58:31,courseregistrationplatform-rabbitmq-1,0.42%,150.5MiB / 9.714GiB
13:58:31,courseregistrationplatform-redis-1,0.43%,9.066MiB / 9.714GiB
13:58:31,courseregistrationplatform-grafana-1,0.04%,82.8MiB / 9.714GiB
13:58:31,courseregistrationplatform-prometheus-1,0.56%,52.06MiB / 9.714GiB
13:58:31,sugang-control-plane,8.37%,780.7MiB / 9.714GiB
13:58:31,sugang-worker,2.69%,600.9MiB / 9.714GiB
13:58:31,sugang-worker2,2.81%,1.032GiB / 9.714GiB
13:58:31,biostream_api,3.21%,224.4MiB / 9.714GiB
13:58:31,biostream_mcp,0.00%,0B / 0B
13:58:31,biostream_qdrant,0.08%,149MiB / 9.714GiB
13:58:31,biostream_db,0.00%,37.2MiB / 9.714GiB
13:58:31,courseregistrationplatform-k6-run-ec8147916cd5,45.35%,96.31MiB / 9.714GiB
13:58:35,courseregistrationplatform-k6-run-ec8147916cd5,10.87%,504.5MiB / 9.714GiB
13:58:35,courseregistrationplatform-backend_2-1,63.15%,77.57MiB / 9.714GiB
13:58:35,courseregistrationplatform-backend_1-1,68.71%,115.6MiB / 9.714GiB
13:58:35,courseregistrationplatform-frontend-1,0.00%,22.23MiB / 9.714GiB
13:58:35,courseregistrationplatform-worker_1-1,0.00%,26.78MiB / 9.714GiB
13:58:35,courseregistrationplatform-worker_2-1,0.00%,27.14MiB / 9.714GiB
13:58:35,courseregistrationplatform-nginx-1,3.53%,73.3MiB / 9.714GiB
13:58:35,courseregistrationplatform-ai-server-1,0.16%,131.3MiB / 9.714GiB
13:58:35,courseregistrationplatform-db-1,0.42%,436.7MiB / 9.714GiB
13:58:35,courseregistrationplatform-rabbitmq-1,0.17%,146.8MiB / 9.714GiB
13:58:35,courseregistrationplatform-redis-1,6.06%,9.211MiB / 9.714GiB
13:58:35,courseregistrationplatform-grafana-1,0.02%,91.72MiB / 9.714GiB
13:58:35,courseregistrationplatform-prometheus-1,0.41%,56.77MiB / 9.714GiB
13:58:35,sugang-control-plane,4.41%,816MiB / 9.714GiB
13:58:35,sugang-worker,9.38%,601.5MiB / 9.714GiB
13:58:35,sugang-worker2,1.61%,1.045GiB / 9.714GiB
13:58:35,biostream_api,3.44%,225.4MiB / 9.714GiB
13:58:35,biostream_mcp,0.00%,0B / 0B
13:58:35,biostream_qdrant,0.07%,147.7MiB / 9.714GiB
13:58:35,biostream_db,0.00%,37.17MiB / 9.714GiB
13:58:40,courseregistrationplatform-k6-run-ec8147916cd5,10.40%,556MiB / 9.714GiB
13:58:40,courseregistrationplatform-backend_2-1,25.12%,113.7MiB / 9.714GiB
13:58:40,courseregistrationplatform-backend_1-1,23.55%,129.4MiB / 9.714GiB
13:58:40,courseregistrationplatform-frontend-1,0.00%,22.22MiB / 9.714GiB
13:58:40,courseregistrationplatform-worker_1-1,0.00%,26.78MiB / 9.714GiB
13:58:40,courseregistrationplatform-worker_2-1,0.00%,27.14MiB / 9.714GiB
13:58:40,courseregistrationplatform-nginx-1,3.73%,46.07MiB / 9.714GiB
13:58:40,courseregistrationplatform-ai-server-1,0.16%,131MiB / 9.714GiB
13:58:40,courseregistrationplatform-db-1,0.42%,436.2MiB / 9.714GiB
13:58:40,courseregistrationplatform-rabbitmq-1,0.18%,145.6MiB / 9.714GiB
13:58:40,courseregistrationplatform-redis-1,2.37%,9.309MiB / 9.714GiB
13:58:40,courseregistrationplatform-grafana-1,0.05%,91.18MiB / 9.714GiB
13:58:40,courseregistrationplatform-prometheus-1,0.05%,62.78MiB / 9.714GiB
13:58:40,sugang-control-plane,7.04%,825.4MiB / 9.714GiB
13:58:40,sugang-worker,1.85%,602.9MiB / 9.714GiB
13:58:40,sugang-worker2,3.84%,1.049GiB / 9.714GiB
13:58:40,biostream_api,2.55%,226.5MiB / 9.714GiB
13:58:40,biostream_mcp,19.65%,56.85MiB / 9.714GiB
13:58:40,biostream_qdrant,0.01%,145.5MiB / 9.714GiB
13:58:40,biostream_db,0.00%,38.82MiB / 9.714GiB
13:58:45,courseregistrationplatform-k6-run-ec8147916cd5,15.01%,587.9MiB / 9.714GiB
13:58:45,courseregistrationplatform-backend_2-1,0.49%,122.5MiB / 9.714GiB
13:58:45,courseregistrationplatform-backend_1-1,21.90%,143.5MiB / 9.714GiB
13:58:45,courseregistrationplatform-frontend-1,0.00%,22.22MiB / 9.714GiB
13:58:45,courseregistrationplatform-worker_1-1,0.00%,26.78MiB / 9.714GiB
13:58:45,courseregistrationplatform-worker_2-1,0.00%,27.14MiB / 9.714GiB
13:58:45,courseregistrationplatform-nginx-1,3.78%,36.63MiB / 9.714GiB
13:58:45,courseregistrationplatform-ai-server-1,0.14%,130.7MiB / 9.714GiB
13:58:45,courseregistrationplatform-db-1,0.37%,435.9MiB / 9.714GiB
13:58:45,courseregistrationplatform-rabbitmq-1,0.14%,144.8MiB / 9.714GiB
13:58:45,courseregistrationplatform-redis-1,1.41%,9.242MiB / 9.714GiB
13:58:45,courseregistrationplatform-grafana-1,0.29%,94.15MiB / 9.714GiB
13:58:45,courseregistrationplatform-prometheus-1,0.08%,62.85MiB / 9.714GiB
13:58:45,sugang-control-plane,6.55%,833.5MiB / 9.714GiB
13:58:45,sugang-worker,2.64%,603.5MiB / 9.714GiB
13:58:45,sugang-worker2,2.10%,1.049GiB / 9.714GiB
13:58:45,biostream_api,5.13%,226.4MiB / 9.714GiB
13:58:45,biostream_mcp,0.00%,0B / 0B
13:58:45,biostream_qdrant,0.01%,144.1MiB / 9.714GiB
13:58:45,biostream_db,0.00%,38.68MiB / 9.714GiB
13:58:49,courseregistrationplatform-k6-run-ec8147916cd5,19.84%,588.7MiB / 9.714GiB
13:58:49,courseregistrationplatform-backend_2-1,47.88%,114.7MiB / 9.714GiB
13:58:49,courseregistrationplatform-backend_1-1,52.39%,160.3MiB / 9.714GiB
13:58:49,courseregistrationplatform-frontend-1,0.00%,22.22MiB / 9.714GiB
13:58:49,courseregistrationplatform-worker_1-1,0.00%,26.78MiB / 9.714GiB
13:58:49,courseregistrationplatform-worker_2-1,0.00%,27.14MiB / 9.714GiB
13:58:49,courseregistrationplatform-nginx-1,8.67%,34.26MiB / 9.714GiB
13:58:49,courseregistrationplatform-ai-server-1,0.15%,130.7MiB / 9.714GiB
13:58:49,courseregistrationplatform-db-1,0.47%,435.9MiB / 9.714GiB
13:58:49,courseregistrationplatform-rabbitmq-1,0.17%,144.8MiB / 9.714GiB
13:58:49,courseregistrationplatform-redis-1,5.17%,9.25MiB / 9.714GiB
13:58:49,courseregistrationplatform-grafana-1,0.05%,94.15MiB / 9.714GiB
13:58:49,courseregistrationplatform-prometheus-1,0.05%,62.6MiB / 9.714GiB
13:58:49,sugang-control-plane,7.70%,829MiB / 9.714GiB
13:58:49,sugang-worker,4.15%,611.6MiB / 9.714GiB
13:58:49,sugang-worker2,1.74%,1.049GiB / 9.714GiB
13:58:49,biostream_api,4.96%,226.1MiB / 9.714GiB
13:58:49,biostream_mcp,0.00%,0B / 0B
13:58:49,biostream_qdrant,1.68%,144.1MiB / 9.714GiB
13:58:49,biostream_db,0.00%,38.81MiB / 9.714GiB
13:58:54,courseregistrationplatform-k6-run-ec8147916cd5,23.23%,599.6MiB / 9.714GiB
13:58:54,courseregistrationplatform-backend_2-1,47.22%,114.8MiB / 9.714GiB
13:58:54,courseregistrationplatform-backend_1-1,44.01%,187.5MiB / 9.714GiB
13:58:54,courseregistrationplatform-frontend-1,0.00%,22.22MiB / 9.714GiB
13:58:54,courseregistrationplatform-worker_1-1,0.00%,26.78MiB / 9.714GiB
13:58:54,courseregistrationplatform-worker_2-1,0.00%,27.14MiB / 9.714GiB
13:58:54,courseregistrationplatform-nginx-1,8.82%,33.68MiB / 9.714GiB
13:58:54,courseregistrationplatform-ai-server-1,0.15%,130.7MiB / 9.714GiB
13:58:54,courseregistrationplatform-db-1,0.48%,435.9MiB / 9.714GiB
13:58:54,courseregistrationplatform-rabbitmq-1,0.14%,144.9MiB / 9.714GiB
13:58:54,courseregistrationplatform-redis-1,4.64%,9.25MiB / 9.714GiB
13:58:54,courseregistrationplatform-grafana-1,0.03%,94.15MiB / 9.714GiB
13:58:54,courseregistrationplatform-prometheus-1,0.05%,62.61MiB / 9.714GiB
13:58:54,sugang-control-plane,8.09%,829.5MiB / 9.714GiB
13:58:54,sugang-worker,1.99%,612.1MiB / 9.714GiB
13:58:54,sugang-worker2,2.17%,1.049GiB / 9.714GiB
13:58:54,biostream_api,4.49%,226.1MiB / 9.714GiB
13:58:54,biostream_mcp,0.00%,0B / 0B
13:58:54,biostream_qdrant,0.06%,144.1MiB / 9.714GiB
13:58:54,biostream_db,2.78%,38.81MiB / 9.714GiB
13:58:58,courseregistrationplatform-k6-run-ec8147916cd5,20.91%,635.9MiB / 9.714GiB
13:58:58,courseregistrationplatform-backend_2-1,46.87%,123.8MiB / 9.714GiB
13:58:58,courseregistrationplatform-backend_1-1,47.98%,141.9MiB / 9.714GiB
13:58:58,courseregistrationplatform-frontend-1,0.00%,22.22MiB / 9.714GiB
13:58:58,courseregistrationplatform-worker_1-1,1.07%,28.18MiB / 9.714GiB
13:58:58,courseregistrationplatform-worker_2-1,1.33%,28.61MiB / 9.714GiB
13:58:58,courseregistrationplatform-nginx-1,7.94%,33.43MiB / 9.714GiB
13:58:58,courseregistrationplatform-ai-server-1,0.15%,130.7MiB / 9.714GiB
13:58:58,courseregistrationplatform-db-1,2.26%,436.2MiB / 9.714GiB
13:58:58,courseregistrationplatform-rabbitmq-1,0.90%,145MiB / 9.714GiB
13:58:58,courseregistrationplatform-redis-1,4.49%,9.352MiB / 9.714GiB
13:58:58,courseregistrationplatform-grafana-1,0.11%,94.15MiB / 9.714GiB
13:58:58,courseregistrationplatform-prometheus-1,0.12%,62.61MiB / 9.714GiB
13:58:58,sugang-control-plane,3.91%,830MiB / 9.714GiB
13:58:58,sugang-worker,1.97%,612.1MiB / 9.714GiB
13:58:58,sugang-worker2,2.20%,1.047GiB / 9.714GiB
13:58:58,biostream_api,4.76%,226.4MiB / 9.714GiB
13:58:58,biostream_mcp,0.00%,0B / 0B
13:58:58,biostream_qdrant,0.06%,144.1MiB / 9.714GiB
13:58:58,biostream_db,1.90%,38.81MiB / 9.714GiB
13:59:02,courseregistrationplatform-k6-run-ec8147916cd5,19.95%,686.1MiB / 9.714GiB
13:59:02,courseregistrationplatform-backend_2-1,50.72%,115.3MiB / 9.714GiB
13:59:02,courseregistrationplatform-backend_1-1,41.41%,142.6MiB / 9.714GiB
13:59:02,courseregistrationplatform-frontend-1,0.00%,22.21MiB / 9.714GiB
13:59:02,courseregistrationplatform-worker_1-1,1.04%,28.42MiB / 9.714GiB
13:59:02,courseregistrationplatform-worker_2-1,1.23%,28.53MiB / 9.714GiB
13:59:02,courseregistrationplatform-nginx-1,7.50%,33.02MiB / 9.714GiB
13:59:02,courseregistrationplatform-ai-server-1,0.14%,130.7MiB / 9.714GiB
13:59:02,courseregistrationplatform-db-1,4.10%,436.3MiB / 9.714GiB
13:59:02,courseregistrationplatform-rabbitmq-1,1.10%,144.8MiB / 9.714GiB
13:59:02,courseregistrationplatform-redis-1,4.18%,9.355MiB / 9.714GiB
13:59:02,courseregistrationplatform-grafana-1,0.03%,94.59MiB / 9.714GiB
13:59:02,courseregistrationplatform-prometheus-1,0.08%,62.61MiB / 9.714GiB
13:59:02,sugang-control-plane,5.94%,833.7MiB / 9.714GiB
13:59:02,sugang-worker,4.11%,620.5MiB / 9.714GiB
13:59:02,sugang-worker2,2.23%,1.05GiB / 9.714GiB
13:59:02,biostream_api,4.14%,226.1MiB / 9.714GiB
13:59:02,biostream_mcp,0.00%,0B / 0B
13:59:02,biostream_qdrant,0.01%,144MiB / 9.714GiB
13:59:02,biostream_db,2.12%,38.82MiB / 9.714GiB
13:59:07,courseregistrationplatform-k6-run-ec8147916cd5,22.59%,724.3MiB / 9.714GiB
13:59:07,courseregistrationplatform-backend_2-1,38.34%,116.1MiB / 9.714GiB
13:59:07,courseregistrationplatform-backend_1-1,47.06%,139.5MiB / 9.714GiB
13:59:07,courseregistrationplatform-frontend-1,0.00%,22.22MiB / 9.714GiB
13:59:07,courseregistrationplatform-worker_1-1,0.98%,28.74MiB / 9.714GiB
13:59:07,courseregistrationplatform-worker_2-1,1.17%,28.79MiB / 9.714GiB
13:59:07,courseregistrationplatform-nginx-1,8.38%,33.43MiB / 9.714GiB
13:59:07,courseregistrationplatform-ai-server-1,0.14%,130.9MiB / 9.714GiB
13:59:07,courseregistrationplatform-db-1,2.13%,436.5MiB / 9.714GiB
13:59:07,courseregistrationplatform-rabbitmq-1,1.15%,144.8MiB / 9.714GiB
13:59:07,courseregistrationplatform-redis-1,4.78%,9.367MiB / 9.714GiB
13:59:07,courseregistrationplatform-grafana-1,0.05%,94.75MiB / 9.714GiB
13:59:07,courseregistrationplatform-prometheus-1,0.09%,62.75MiB / 9.714GiB
13:59:07,sugang-control-plane,6.10%,839.2MiB / 9.714GiB
13:59:07,sugang-worker,2.18%,620.3MiB / 9.714GiB
13:59:07,sugang-worker2,2.23%,1.06GiB / 9.714GiB
13:59:07,biostream_api,4.67%,226.1MiB / 9.714GiB
13:59:07,biostream_mcp,0.00%,0B / 0B
13:59:07,biostream_qdrant,0.01%,143.9MiB / 9.714GiB
13:59:07,biostream_db,0.01%,38.81MiB / 9.714GiB
13:59:11,courseregistrationplatform-k6-run-ec8147916cd5,20.65%,724.1MiB / 9.714GiB
13:59:11,courseregistrationplatform-backend_2-1,41.67%,137.9MiB / 9.714GiB
13:59:11,courseregistrationplatform-backend_1-1,41.35%,139.3MiB / 9.714GiB
13:59:11,courseregistrationplatform-frontend-1,0.00%,22.22MiB / 9.714GiB
13:59:11,courseregistrationplatform-worker_1-1,5.40%,28.57MiB / 9.714GiB
13:59:11,courseregistrationplatform-worker_2-1,4.96%,29.42MiB / 9.714GiB
13:59:11,courseregistrationplatform-nginx-1,7.97%,33MiB / 9.714GiB
13:59:11,courseregistrationplatform-ai-server-1,0.15%,130.8MiB / 9.714GiB
13:59:11,courseregistrationplatform-db-1,1.74%,435.8MiB / 9.714GiB
13:59:11,courseregistrationplatform-rabbitmq-1,0.91%,144.8MiB / 9.714GiB
13:59:11,courseregistrationplatform-redis-1,4.34%,9.348MiB / 9.714GiB
13:59:11,courseregistrationplatform-grafana-1,0.03%,94.95MiB / 9.714GiB
13:59:11,courseregistrationplatform-prometheus-1,0.40%,63.44MiB / 9.714GiB
13:59:11,sugang-control-plane,6.07%,839.4MiB / 9.714GiB
13:59:11,sugang-worker,3.53%,619.8MiB / 9.714GiB
13:59:11,sugang-worker2,4.96%,1.059GiB / 9.714GiB
13:59:11,biostream_api,4.65%,226MiB / 9.714GiB
13:59:11,biostream_mcp,0.00%,0B / 0B
13:59:11,biostream_qdrant,0.06%,142.4MiB / 9.714GiB
13:59:11,biostream_db,0.00%,38.71MiB / 9.714GiB
13:59:16,courseregistrationplatform-k6-run-ec8147916cd5,20.54%,724.1MiB / 9.714GiB
13:59:16,courseregistrationplatform-backend_2-1,40.11%,123MiB / 9.714GiB
13:59:16,courseregistrationplatform-backend_1-1,40.03%,155MiB / 9.714GiB
13:59:16,courseregistrationplatform-frontend-1,0.00%,22.22MiB / 9.714GiB
13:59:16,courseregistrationplatform-worker_1-1,0.81%,28.98MiB / 9.714GiB
13:59:16,courseregistrationplatform-worker_2-1,0.84%,29.23MiB / 9.714GiB
13:59:16,courseregistrationplatform-nginx-1,8.16%,33.06MiB / 9.714GiB
13:59:16,courseregistrationplatform-ai-server-1,0.16%,130.8MiB / 9.714GiB
13:59:16,courseregistrationplatform-db-1,1.62%,436.1MiB / 9.714GiB
13:59:16,courseregistrationplatform-rabbitmq-1,0.96%,145MiB / 9.714GiB
13:59:16,courseregistrationplatform-redis-1,4.24%,9.594MiB / 9.714GiB
13:59:16,courseregistrationplatform-grafana-1,0.05%,94.96MiB / 9.714GiB
13:59:16,courseregistrationplatform-prometheus-1,0.56%,64.52MiB / 9.714GiB
13:59:16,sugang-control-plane,7.57%,838.9MiB / 9.714GiB
13:59:16,sugang-worker,2.36%,620MiB / 9.714GiB
13:59:16,sugang-worker2,8.36%,1.058GiB / 9.714GiB
13:59:16,biostream_api,2.88%,225.8MiB / 9.714GiB
13:59:16,biostream_mcp,0.00%,0B / 0B
13:59:16,biostream_qdrant,0.09%,142.4MiB / 9.714GiB
13:59:16,biostream_db,0.00%,38.75MiB / 9.714GiB
13:59:21,courseregistrationplatform-k6-run-ec8147916cd5,19.23%,724.9MiB / 9.714GiB
13:59:21,courseregistrationplatform-backend_2-1,41.29%,124MiB / 9.714GiB
13:59:21,courseregistrationplatform-backend_1-1,38.46%,145.1MiB / 9.714GiB
13:59:21,courseregistrationplatform-frontend-1,0.00%,22.22MiB / 9.714GiB
13:59:21,courseregistrationplatform-worker_1-1,2.02%,28.47MiB / 9.714GiB
13:59:21,courseregistrationplatform-worker_2-1,1.44%,29.7MiB / 9.714GiB
13:59:21,courseregistrationplatform-nginx-1,7.80%,33.05MiB / 9.714GiB
13:59:21,courseregistrationplatform-ai-server-1,0.16%,130.8MiB / 9.714GiB
13:59:21,courseregistrationplatform-db-1,2.23%,435.9MiB / 9.714GiB
13:59:21,courseregistrationplatform-rabbitmq-1,1.22%,144.9MiB / 9.714GiB
13:59:21,courseregistrationplatform-redis-1,4.18%,9.848MiB / 9.714GiB
13:59:21,courseregistrationplatform-grafana-1,0.03%,95.18MiB / 9.714GiB
13:59:21,courseregistrationplatform-prometheus-1,0.47%,65.46MiB / 9.714GiB
13:59:21,sugang-control-plane,6.72%,837.9MiB / 9.714GiB
13:59:21,sugang-worker,2.69%,617.5MiB / 9.714GiB
13:59:21,sugang-worker2,2.15%,1.058GiB / 9.714GiB
13:59:21,biostream_api,3.10%,225.8MiB / 9.714GiB
13:59:21,biostream_mcp,0.00%,0B / 0B
13:59:21,biostream_qdrant,0.02%,142.3MiB / 9.714GiB
13:59:21,biostream_db,0.00%,38.75MiB / 9.714GiB
13:59:25,courseregistrationplatform-k6-run-ec8147916cd5,17.05%,725.1MiB / 9.714GiB
13:59:25,courseregistrationplatform-backend_2-1,21.31%,124.9MiB / 9.714GiB
13:59:25,courseregistrationplatform-backend_1-1,20.55%,116.5MiB / 9.714GiB
13:59:25,courseregistrationplatform-frontend-1,0.00%,22.21MiB / 9.714GiB
13:59:25,courseregistrationplatform-worker_1-1,0.03%,28.74MiB / 9.714GiB
13:59:25,courseregistrationplatform-worker_2-1,0.36%,28.75MiB / 9.714GiB
13:59:25,courseregistrationplatform-nginx-1,6.32%,41.22MiB / 9.714GiB
13:59:25,courseregistrationplatform-ai-server-1,0.16%,130.9MiB / 9.714GiB
13:59:25,courseregistrationplatform-db-1,0.67%,435.9MiB / 9.714GiB
13:59:25,courseregistrationplatform-rabbitmq-1,0.37%,144.9MiB / 9.714GiB
13:59:25,courseregistrationplatform-redis-1,2.63%,9.363MiB / 9.714GiB
13:59:25,courseregistrationplatform-grafana-1,0.04%,99MiB / 9.714GiB
13:59:25,courseregistrationplatform-prometheus-1,0.15%,66.09MiB / 9.714GiB
13:59:25,sugang-control-plane,6.35%,838.5MiB / 9.714GiB
13:59:25,sugang-worker,2.86%,617.9MiB / 9.714GiB
13:59:25,sugang-worker2,2.36%,1.059GiB / 9.714GiB
13:59:25,biostream_api,3.25%,226MiB / 9.714GiB
13:59:25,biostream_mcp,0.00%,0B / 0B
13:59:25,biostream_qdrant,0.02%,141.9MiB / 9.714GiB
13:59:25,biostream_db,0.00%,38.7MiB / 9.714GiB
13:59:30,courseregistrationplatform-k6-run-ec8147916cd5,16.87%,726.5MiB / 9.714GiB
13:59:30,courseregistrationplatform-backend_2-1,31.98%,125.1MiB / 9.714GiB
13:59:30,courseregistrationplatform-backend_1-1,31.70%,118.9MiB / 9.714GiB
13:59:30,courseregistrationplatform-frontend-1,0.00%,22.22MiB / 9.714GiB
13:59:30,courseregistrationplatform-worker_1-1,0.21%,28.76MiB / 9.714GiB
13:59:30,courseregistrationplatform-worker_2-1,0.35%,28.77MiB / 9.714GiB
13:59:30,courseregistrationplatform-nginx-1,6.57%,35.32MiB / 9.714GiB
13:59:30,courseregistrationplatform-ai-server-1,0.16%,130.9MiB / 9.714GiB
13:59:30,courseregistrationplatform-db-1,1.01%,435.8MiB / 9.714GiB
13:59:30,courseregistrationplatform-rabbitmq-1,0.42%,144.8MiB / 9.714GiB
13:59:30,courseregistrationplatform-redis-1,3.46%,9.363MiB / 9.714GiB
13:59:30,courseregistrationplatform-grafana-1,0.03%,99.27MiB / 9.714GiB
13:59:30,courseregistrationplatform-prometheus-1,0.07%,66.26MiB / 9.714GiB
13:59:30,sugang-control-plane,6.59%,839MiB / 9.714GiB
13:59:30,sugang-worker,3.39%,618.5MiB / 9.714GiB
13:59:30,sugang-worker2,4.55%,1.062GiB / 9.714GiB
13:59:30,biostream_api,3.19%,226MiB / 9.714GiB
13:59:30,biostream_mcp,0.00%,0B / 0B
13:59:30,biostream_qdrant,1.55%,141.6MiB / 9.714GiB
13:59:30,biostream_db,0.00%,38.76MiB / 9.714GiB
13:59:34,courseregistrationplatform-k6-run-ec8147916cd5,18.62%,727.1MiB / 9.714GiB
13:59:34,courseregistrationplatform-backend_2-1,35.67%,108MiB / 9.714GiB
13:59:34,courseregistrationplatform-backend_1-1,33.65%,118.3MiB / 9.714GiB
13:59:34,courseregistrationplatform-frontend-1,0.00%,22.22MiB / 9.714GiB
13:59:34,courseregistrationplatform-worker_1-1,0.86%,28.6MiB / 9.714GiB
13:59:34,courseregistrationplatform-worker_2-1,0.93%,29.41MiB / 9.714GiB
13:59:34,courseregistrationplatform-nginx-1,7.75%,32.6MiB / 9.714GiB
13:59:34,courseregistrationplatform-ai-server-1,0.14%,131MiB / 9.714GiB
13:59:34,courseregistrationplatform-db-1,1.72%,435.8MiB / 9.714GiB
13:59:34,courseregistrationplatform-rabbitmq-1,0.97%,144.8MiB / 9.714GiB
13:59:34,courseregistrationplatform-redis-1,3.85%,9.367MiB / 9.714GiB
13:59:34,courseregistrationplatform-grafana-1,0.64%,99.34MiB / 9.714GiB
13:59:34,courseregistrationplatform-prometheus-1,0.06%,66.32MiB / 9.714GiB
13:59:34,sugang-control-plane,8.04%,840.3MiB / 9.714GiB
13:59:34,sugang-worker,4.69%,618.5MiB / 9.714GiB
13:59:34,sugang-worker2,1.58%,1.063GiB / 9.714GiB
13:59:34,biostream_api,4.83%,226MiB / 9.714GiB
13:59:34,biostream_mcp,0.00%,0B / 0B
13:59:34,biostream_qdrant,0.01%,141.6MiB / 9.714GiB
13:59:34,biostream_db,0.00%,38.77MiB / 9.714GiB
13:59:38,courseregistrationplatform-k6-run-ec8147916cd5,19.90%,726.8MiB / 9.714GiB
13:59:38,courseregistrationplatform-backend_2-1,38.28%,109.4MiB / 9.714GiB
13:59:38,courseregistrationplatform-backend_1-1,37.01%,116MiB / 9.714GiB
13:59:38,courseregistrationplatform-frontend-1,0.00%,22.22MiB / 9.714GiB
13:59:38,courseregistrationplatform-worker_1-1,0.55%,28.68MiB / 9.714GiB
13:59:38,courseregistrationplatform-worker_2-1,0.66%,28.68MiB / 9.714GiB
13:59:38,courseregistrationplatform-nginx-1,8.09%,32.51MiB / 9.714GiB
13:59:38,courseregistrationplatform-ai-server-1,0.14%,131MiB / 9.714GiB
13:59:38,courseregistrationplatform-db-1,1.28%,435.8MiB / 9.714GiB
13:59:38,courseregistrationplatform-rabbitmq-1,0.78%,144.8MiB / 9.714GiB
13:59:38,courseregistrationplatform-redis-1,4.04%,9.367MiB / 9.714GiB
13:59:38,courseregistrationplatform-grafana-1,0.09%,99.35MiB / 9.714GiB
13:59:38,courseregistrationplatform-prometheus-1,0.07%,66.32MiB / 9.714GiB
13:59:38,sugang-control-plane,6.94%,841MiB / 9.714GiB
13:59:38,sugang-worker,1.31%,617.9MiB / 9.714GiB
13:59:38,sugang-worker2,2.19%,1.063GiB / 9.714GiB
13:59:38,biostream_api,4.52%,226MiB / 9.714GiB
13:59:38,biostream_mcp,0.00%,0B / 0B
13:59:38,biostream_qdrant,0.07%,141.6MiB / 9.714GiB
13:59:38,biostream_db,2.22%,38.77MiB / 9.714GiB
13:59:42,courseregistrationplatform-k6-run-ec8147916cd5,20.77%,727MiB / 9.714GiB
13:59:42,courseregistrationplatform-backend_2-1,40.86%,110.3MiB / 9.714GiB
13:59:42,courseregistrationplatform-backend_1-1,41.12%,131.3MiB / 9.714GiB
13:59:42,courseregistrationplatform-frontend-1,0.00%,22.22MiB / 9.714GiB
13:59:42,courseregistrationplatform-worker_1-1,1.54%,28.55MiB / 9.714GiB
13:59:42,courseregistrationplatform-worker_2-1,1.56%,28.62MiB / 9.714GiB
13:59:42,courseregistrationplatform-nginx-1,8.54%,32.77MiB / 9.714GiB
13:59:42,courseregistrationplatform-ai-server-1,0.15%,130.9MiB / 9.714GiB
13:59:42,courseregistrationplatform-db-1,4.96%,435.6MiB / 9.714GiB
13:59:42,courseregistrationplatform-rabbitmq-1,1.41%,144.8MiB / 9.714GiB
13:59:42,courseregistrationplatform-redis-1,4.37%,9.609MiB / 9.714GiB
13:59:42,courseregistrationplatform-grafana-1,0.04%,99.98MiB / 9.714GiB
13:59:42,courseregistrationplatform-prometheus-1,0.08%,66.19MiB / 9.714GiB
13:59:42,sugang-control-plane,4.76%,841.6MiB / 9.714GiB
13:59:42,sugang-worker,3.25%,618.4MiB / 9.714GiB
13:59:42,sugang-worker2,2.47%,1.063GiB / 9.714GiB
13:59:42,biostream_api,4.78%,225.6MiB / 9.714GiB
13:59:42,biostream_mcp,0.00%,0B / 0B
13:59:42,biostream_qdrant,0.01%,140.8MiB / 9.714GiB
13:59:42,biostream_db,0.00%,38.74MiB / 9.714GiB
13:59:47,courseregistrationplatform-k6-run-ec8147916cd5,13.45%,726.5MiB / 9.714GiB
13:59:47,courseregistrationplatform-backend_2-1,38.99%,117.1MiB / 9.714GiB
13:59:47,courseregistrationplatform-backend_1-1,14.75%,137MiB / 9.714GiB
13:59:47,courseregistrationplatform-frontend-1,0.00%,22.21MiB / 9.714GiB
13:59:47,courseregistrationplatform-worker_1-1,0.49%,28.8MiB / 9.714GiB
13:59:47,courseregistrationplatform-worker_2-1,2.70%,28.96MiB / 9.714GiB
13:59:47,courseregistrationplatform-nginx-1,7.36%,62.08MiB / 9.714GiB
13:59:47,courseregistrationplatform-ai-server-1,0.20%,131.8MiB / 9.714GiB
13:59:47,courseregistrationplatform-db-1,1.63%,435.6MiB / 9.714GiB
13:59:47,courseregistrationplatform-rabbitmq-1,1.10%,144.6MiB / 9.714GiB
13:59:47,courseregistrationplatform-redis-1,3.77%,9.352MiB / 9.714GiB
13:59:47,courseregistrationplatform-grafana-1,0.05%,107.2MiB / 9.714GiB
13:59:47,courseregistrationplatform-prometheus-1,0.11%,66.09MiB / 9.714GiB
13:59:47,sugang-control-plane,11.79%,842.6MiB / 9.714GiB
13:59:47,sugang-worker,4.56%,619.7MiB / 9.714GiB
13:59:47,sugang-worker2,7.64%,1.062GiB / 9.714GiB
13:59:47,biostream_api,3.04%,226MiB / 9.714GiB
13:59:47,biostream_mcp,27.95%,38.3MiB / 9.714GiB
13:59:47,biostream_qdrant,0.02%,141.7MiB / 9.714GiB
13:59:47,biostream_db,0.01%,38.72MiB / 9.714GiB
13:59:51,courseregistrationplatform-k6-run-ec8147916cd5,16.70%,726.6MiB / 9.714GiB
13:59:51,courseregistrationplatform-backend_2-1,32.93%,114.5MiB / 9.714GiB
13:59:51,courseregistrationplatform-backend_1-1,29.83%,139.1MiB / 9.714GiB
13:59:51,courseregistrationplatform-frontend-1,0.00%,22.22MiB / 9.714GiB
13:59:51,courseregistrationplatform-worker_1-1,0.87%,28.54MiB / 9.714GiB
13:59:51,courseregistrationplatform-worker_2-1,0.87%,28.92MiB / 9.714GiB
13:59:51,courseregistrationplatform-nginx-1,5.97%,41.7MiB / 9.714GiB
13:59:51,courseregistrationplatform-ai-server-1,0.15%,132.1MiB / 9.714GiB
13:59:51,courseregistrationplatform-db-1,1.60%,435.3MiB / 9.714GiB
13:59:51,courseregistrationplatform-rabbitmq-1,1.01%,142.3MiB / 9.714GiB
13:59:51,courseregistrationplatform-redis-1,3.66%,9.613MiB / 9.714GiB
13:59:51,courseregistrationplatform-grafana-1,0.05%,110.6MiB / 9.714GiB
13:59:51,courseregistrationplatform-prometheus-1,0.08%,66.13MiB / 9.714GiB
13:59:51,sugang-control-plane,6.88%,845.2MiB / 9.714GiB
13:59:51,sugang-worker,2.51%,621.8MiB / 9.714GiB
13:59:51,sugang-worker2,2.49%,1.064GiB / 9.714GiB
13:59:51,biostream_api,3.98%,226MiB / 9.714GiB
13:59:51,biostream_mcp,0.00%,0B / 0B
13:59:51,biostream_qdrant,0.01%,150.2MiB / 9.714GiB
13:59:51,biostream_db,0.00%,39.02MiB / 9.714GiB
13:59:56,courseregistrationplatform-k6-run-ec8147916cd5,20.54%,727.3MiB / 9.714GiB
13:59:56,courseregistrationplatform-backend_2-1,40.44%,109.9MiB / 9.714GiB
13:59:56,courseregistrationplatform-backend_1-1,39.87%,135.7MiB / 9.714GiB
13:59:56,courseregistrationplatform-frontend-1,0.00%,22.22MiB / 9.714GiB
13:59:56,courseregistrationplatform-worker_1-1,1.21%,28.76MiB / 9.714GiB
13:59:56,courseregistrationplatform-worker_2-1,3.54%,29.06MiB / 9.714GiB
13:59:56,courseregistrationplatform-nginx-1,7.84%,34.79MiB / 9.714GiB
13:59:56,courseregistrationplatform-ai-server-1,0.15%,132.1MiB / 9.714GiB
13:59:56,courseregistrationplatform-db-1,2.40%,435.6MiB / 9.714GiB
13:59:56,courseregistrationplatform-rabbitmq-1,1.22%,142.3MiB / 9.714GiB
13:59:56,courseregistrationplatform-redis-1,4.21%,9.367MiB / 9.714GiB
13:59:56,courseregistrationplatform-grafana-1,0.03%,110.6MiB / 9.714GiB
13:59:56,courseregistrationplatform-prometheus-1,0.49%,66.13MiB / 9.714GiB
13:59:56,sugang-control-plane,5.14%,847.3MiB / 9.714GiB
13:59:56,sugang-worker,1.82%,631MiB / 9.714GiB
13:59:56,sugang-worker2,3.03%,1.065GiB / 9.714GiB
13:59:56,biostream_api,4.21%,225.8MiB / 9.714GiB
13:59:56,biostream_mcp,0.00%,0B / 0B
13:59:56,biostream_qdrant,0.09%,150.2MiB / 9.714GiB
13:59:56,biostream_db,0.00%,39.02MiB / 9.714GiB
14:00:01,courseregistrationplatform-k6-run-ec8147916cd5,25.31%,727.3MiB / 9.714GiB
14:00:01,courseregistrationplatform-backend_2-1,36.01%,103.2MiB / 9.714GiB
14:00:01,courseregistrationplatform-backend_1-1,48.63%,129.8MiB / 9.714GiB
14:00:01,courseregistrationplatform-frontend-1,0.00%,22.22MiB / 9.714GiB
14:00:01,courseregistrationplatform-worker_1-1,0.31%,29.47MiB / 9.714GiB
14:00:01,courseregistrationplatform-worker_2-1,0.02%,29.48MiB / 9.714GiB
14:00:01,courseregistrationplatform-nginx-1,10.95%,47.29MiB / 9.714GiB
14:00:01,courseregistrationplatform-ai-server-1,0.24%,132.1MiB / 9.714GiB
14:00:01,courseregistrationplatform-db-1,1.40%,436.1MiB / 9.714GiB
14:00:01,courseregistrationplatform-rabbitmq-1,0.79%,142.3MiB / 9.714GiB
14:00:01,courseregistrationplatform-redis-1,6.26%,9.367MiB / 9.714GiB
14:00:01,courseregistrationplatform-grafana-1,0.10%,110.6MiB / 9.714GiB
14:00:01,courseregistrationplatform-prometheus-1,0.79%,66.18MiB / 9.714GiB
14:00:01,sugang-control-plane,7.84%,848.7MiB / 9.714GiB
14:00:01,sugang-worker,2.02%,631.3MiB / 9.714GiB
14:00:01,sugang-worker2,4.95%,1.065GiB / 9.714GiB
14:00:01,biostream_api,6.04%,226MiB / 9.714GiB
14:00:01,biostream_mcp,0.00%,0B / 0B
14:00:01,biostream_qdrant,0.13%,150.2MiB / 9.714GiB
14:00:01,biostream_db,0.00%,39.02MiB / 9.714GiB
14:00:06,courseregistrationplatform-k6-run-ec8147916cd5,18.73%,727.1MiB / 9.714GiB
14:00:06,courseregistrationplatform-backend_2-1,52.10%,100.7MiB / 9.714GiB
14:00:06,courseregistrationplatform-backend_1-1,41.19%,108MiB / 9.714GiB
14:00:06,courseregistrationplatform-frontend-1,0.00%,22.22MiB / 9.714GiB
14:00:06,courseregistrationplatform-worker_1-1,3.51%,29.88MiB / 9.714GiB
14:00:06,courseregistrationplatform-worker_2-1,4.16%,29.72MiB / 9.714GiB
14:00:06,courseregistrationplatform-nginx-1,6.84%,37.24MiB / 9.714GiB
14:00:06,courseregistrationplatform-ai-server-1,0.19%,132.1MiB / 9.714GiB
14:00:06,courseregistrationplatform-db-1,4.23%,436.1MiB / 9.714GiB
14:00:06,courseregistrationplatform-rabbitmq-1,2.03%,142.6MiB / 9.714GiB
14:00:06,courseregistrationplatform-redis-1,4.25%,9.371MiB / 9.714GiB
14:00:06,courseregistrationplatform-grafana-1,0.03%,110.6MiB / 9.714GiB
14:00:06,courseregistrationplatform-prometheus-1,0.56%,66.24MiB / 9.714GiB
14:00:06,sugang-control-plane,7.28%,849.2MiB / 9.714GiB
14:00:06,sugang-worker,12.19%,630.5MiB / 9.714GiB
14:00:06,sugang-worker2,3.24%,1.065GiB / 9.714GiB
14:00:06,biostream_api,4.00%,225.8MiB / 9.714GiB
14:00:06,biostream_mcp,0.00%,0B / 0B
14:00:06,biostream_qdrant,0.08%,150.2MiB / 9.714GiB
14:00:06,biostream_db,0.00%,39.02MiB / 9.714GiB
14:00:11,courseregistrationplatform-k6-run-ec8147916cd5,17.59%,726.7MiB / 9.714GiB
14:00:11,courseregistrationplatform-backend_2-1,32.54%,103.8MiB / 9.714GiB
14:00:11,courseregistrationplatform-backend_1-1,33.56%,106.3MiB / 9.714GiB
14:00:11,courseregistrationplatform-frontend-1,0.00%,22.22MiB / 9.714GiB
14:00:11,courseregistrationplatform-worker_1-1,0.37%,28.86MiB / 9.714GiB
14:00:11,courseregistrationplatform-worker_2-1,0.58%,29MiB / 9.714GiB
14:00:11,courseregistrationplatform-nginx-1,7.47%,32.98MiB / 9.714GiB
14:00:11,courseregistrationplatform-ai-server-1,0.16%,132.1MiB / 9.714GiB
14:00:11,courseregistrationplatform-db-1,1.71%,436.1MiB / 9.714GiB
14:00:11,courseregistrationplatform-rabbitmq-1,0.84%,142.3MiB / 9.714GiB
14:00:11,courseregistrationplatform-redis-1,3.70%,9.375MiB / 9.714GiB
14:00:11,courseregistrationplatform-grafana-1,0.03%,110.6MiB / 9.714GiB
14:00:11,courseregistrationplatform-prometheus-1,0.52%,66.57MiB / 9.714GiB
14:00:11,sugang-control-plane,7.46%,850.4MiB / 9.714GiB
14:00:11,sugang-worker,3.04%,630.6MiB / 9.714GiB
14:00:11,sugang-worker2,2.51%,1.066GiB / 9.714GiB
14:00:11,biostream_api,4.46%,225.8MiB / 9.714GiB
14:00:11,biostream_mcp,0.00%,0B / 0B
14:00:11,biostream_qdrant,1.84%,150.2MiB / 9.714GiB
14:00:11,biostream_db,0.00%,39.02MiB / 9.714GiB
14:00:15,courseregistrationplatform-k6-run-ec8147916cd5,16.10%,727.1MiB / 9.714GiB
14:00:15,courseregistrationplatform-backend_2-1,27.45%,101.7MiB / 9.714GiB
14:00:15,courseregistrationplatform-backend_1-1,29.69%,104.2MiB / 9.714GiB
14:00:15,courseregistrationplatform-frontend-1,0.00%,22.22MiB / 9.714GiB
14:00:15,courseregistrationplatform-worker_1-1,0.37%,29.61MiB / 9.714GiB
14:00:15,courseregistrationplatform-worker_2-1,0.32%,29.35MiB / 9.714GiB
14:00:15,courseregistrationplatform-nginx-1,6.25%,32.05MiB / 9.714GiB
14:00:15,courseregistrationplatform-ai-server-1,0.15%,132.1MiB / 9.714GiB
14:00:15,courseregistrationplatform-db-1,1.38%,436.1MiB / 9.714GiB
14:00:15,courseregistrationplatform-rabbitmq-1,0.52%,142.4MiB / 9.714GiB
14:00:15,courseregistrationplatform-redis-1,3.22%,9.625MiB / 9.714GiB
14:00:15,courseregistrationplatform-grafana-1,0.03%,110.6MiB / 9.714GiB
14:00:15,courseregistrationplatform-prometheus-1,0.08%,67.35MiB / 9.714GiB
14:00:15,sugang-control-plane,4.88%,849.9MiB / 9.714GiB
14:00:15,sugang-worker,1.93%,630.8MiB / 9.714GiB
14:00:15,sugang-worker2,2.03%,1.065GiB / 9.714GiB
14:00:15,biostream_api,4.98%,226.1MiB / 9.714GiB
14:00:15,biostream_mcp,0.00%,0B / 0B
14:00:15,biostream_qdrant,0.01%,150.2MiB / 9.714GiB
14:00:15,biostream_db,2.47%,39.02MiB / 9.714GiB
14:00:20,courseregistrationplatform-k6-run-ec8147916cd5,17.55%,726.9MiB / 9.714GiB
14:00:20,courseregistrationplatform-backend_2-1,31.26%,106MiB / 9.714GiB
14:00:20,courseregistrationplatform-backend_1-1,30.75%,103.6MiB / 9.714GiB
14:00:20,courseregistrationplatform-frontend-1,0.00%,22.22MiB / 9.714GiB
14:00:20,courseregistrationplatform-worker_1-1,1.03%,28.91MiB / 9.714GiB
14:00:20,courseregistrationplatform-worker_2-1,0.78%,29.6MiB / 9.714GiB
14:00:20,courseregistrationplatform-nginx-1,6.79%,32.06MiB / 9.714GiB
14:00:20,courseregistrationplatform-ai-server-1,0.16%,132.1MiB / 9.714GiB
14:00:20,courseregistrationplatform-db-1,2.49%,436.2MiB / 9.714GiB
14:00:20,courseregistrationplatform-rabbitmq-1,1.02%,142.4MiB / 9.714GiB
14:00:20,courseregistrationplatform-redis-1,3.56%,9.379MiB / 9.714GiB
14:00:20,courseregistrationplatform-grafana-1,0.04%,110.6MiB / 9.714GiB
14:00:20,courseregistrationplatform-prometheus-1,0.07%,68.04MiB / 9.714GiB
14:00:20,sugang-control-plane,8.01%,848.2MiB / 9.714GiB
14:00:20,sugang-worker,1.71%,630.8MiB / 9.714GiB
14:00:20,sugang-worker2,3.02%,1.065GiB / 9.714GiB
14:00:20,biostream_api,3.75%,225.8MiB / 9.714GiB
14:00:20,biostream_mcp,0.00%,0B / 0B
14:00:20,biostream_qdrant,1.45%,150.2MiB / 9.714GiB
14:00:20,biostream_db,2.47%,39.02MiB / 9.714GiB
14:00:24,courseregistrationplatform-k6-run-ec8147916cd5,19.89%,726.6MiB / 9.714GiB
14:00:24,courseregistrationplatform-backend_2-1,33.13%,103.6MiB / 9.714GiB
14:00:24,courseregistrationplatform-backend_1-1,32.63%,103.7MiB / 9.714GiB
14:00:24,courseregistrationplatform-frontend-1,0.00%,22.22MiB / 9.714GiB
14:00:24,courseregistrationplatform-worker_1-1,0.93%,29.41MiB / 9.714GiB
14:00:24,courseregistrationplatform-worker_2-1,1.03%,29.98MiB / 9.714GiB
14:00:24,courseregistrationplatform-nginx-1,7.15%,31.57MiB / 9.714GiB
14:00:24,courseregistrationplatform-ai-server-1,0.15%,132.1MiB / 9.714GiB
14:00:24,courseregistrationplatform-db-1,2.02%,436.2MiB / 9.714GiB
14:00:24,courseregistrationplatform-rabbitmq-1,1.07%,142.7MiB / 9.714GiB
14:00:24,courseregistrationplatform-redis-1,3.67%,9.375MiB / 9.714GiB
14:00:24,courseregistrationplatform-grafana-1,0.04%,110.6MiB / 9.714GiB
14:00:24,courseregistrationplatform-prometheus-1,0.06%,68.12MiB / 9.714GiB
14:00:24,sugang-control-plane,8.66%,848.5MiB / 9.714GiB
14:00:24,sugang-worker,2.58%,631.2MiB / 9.714GiB
14:00:24,sugang-worker2,2.76%,1.065GiB / 9.714GiB
14:00:24,biostream_api,4.46%,226MiB / 9.714GiB
14:00:24,biostream_mcp,0.00%,0B / 0B
14:00:24,biostream_qdrant,0.01%,150.2MiB / 9.714GiB
14:00:24,biostream_db,0.10%,39.53MiB / 9.714GiB
14:00:28,courseregistrationplatform-k6-run-ec8147916cd5,16.88%,726.4MiB / 9.714GiB
14:00:28,courseregistrationplatform-backend_2-1,29.24%,103.9MiB / 9.714GiB
14:00:28,courseregistrationplatform-backend_1-1,29.73%,104.9MiB / 9.714GiB
14:00:28,courseregistrationplatform-frontend-1,0.00%,22.22MiB / 9.714GiB
14:00:28,courseregistrationplatform-worker_1-1,0.83%,29.76MiB / 9.714GiB
14:00:28,courseregistrationplatform-worker_2-1,1.19%,28.95MiB / 9.714GiB
14:00:28,courseregistrationplatform-nginx-1,6.31%,32.33MiB / 9.714GiB
14:00:28,courseregistrationplatform-ai-server-1,0.14%,132.1MiB / 9.714GiB
14:00:28,courseregistrationplatform-db-1,2.26%,436.2MiB / 9.714GiB
14:00:28,courseregistrationplatform-rabbitmq-1,0.99%,142.5MiB / 9.714GiB
14:00:28,courseregistrationplatform-redis-1,3.35%,9.387MiB / 9.714GiB
14:00:28,courseregistrationplatform-grafana-1,0.12%,110.6MiB / 9.714GiB
14:00:28,courseregistrationplatform-prometheus-1,0.06%,68.14MiB / 9.714GiB
14:00:28,sugang-control-plane,6.97%,848.5MiB / 9.714GiB
14:00:28,sugang-worker,2.48%,631.2MiB / 9.714GiB
14:00:28,sugang-worker2,3.09%,1.066GiB / 9.714GiB
14:00:28,biostream_api,4.26%,226MiB / 9.714GiB
14:00:28,biostream_mcp,0.00%,0B / 0B
14:00:28,biostream_qdrant,0.08%,150.2MiB / 9.714GiB
14:00:28,biostream_db,0.01%,39.02MiB / 9.714GiB
14:00:32,courseregistrationplatform-k6-run-ec8147916cd5,15.57%,726.5MiB / 9.714GiB
14:00:32,courseregistrationplatform-backend_2-1,29.78%,102.7MiB / 9.714GiB
14:00:32,courseregistrationplatform-backend_1-1,32.08%,104.3MiB / 9.714GiB
14:00:32,courseregistrationplatform-frontend-1,0.00%,22.22MiB / 9.714GiB
14:00:32,courseregistrationplatform-worker_1-1,2.03%,29.77MiB / 9.714GiB
14:00:32,courseregistrationplatform-worker_2-1,1.07%,28.98MiB / 9.714GiB
14:00:32,courseregistrationplatform-nginx-1,6.36%,31.43MiB / 9.714GiB
14:00:32,courseregistrationplatform-ai-server-1,0.14%,132.1MiB / 9.714GiB
14:00:32,courseregistrationplatform-db-1,4.05%,436.2MiB / 9.714GiB
14:00:32,courseregistrationplatform-rabbitmq-1,1.32%,142.5MiB / 9.714GiB
14:00:32,courseregistrationplatform-redis-1,3.42%,9.387MiB / 9.714GiB
14:00:32,courseregistrationplatform-grafana-1,0.03%,110.6MiB / 9.714GiB
14:00:32,courseregistrationplatform-prometheus-1,0.07%,68.15MiB / 9.714GiB
14:00:32,sugang-control-plane,7.58%,849.5MiB / 9.714GiB
14:00:32,sugang-worker,2.81%,631.5MiB / 9.714GiB
14:00:32,sugang-worker2,2.14%,1.067GiB / 9.714GiB
14:00:32,biostream_api,4.80%,226.1MiB / 9.714GiB
14:00:32,biostream_mcp,0.00%,0B / 0B
14:00:32,biostream_qdrant,0.02%,150.2MiB / 9.714GiB
14:00:32,biostream_db,0.00%,39.02MiB / 9.714GiB
14:00:37,courseregistrationplatform-k6-run-ec8147916cd5,18.31%,726.1MiB / 9.714GiB
14:00:37,courseregistrationplatform-backend_2-1,32.52%,97.57MiB / 9.714GiB
14:00:37,courseregistrationplatform-backend_1-1,31.13%,104.3MiB / 9.714GiB
14:00:37,courseregistrationplatform-frontend-1,0.00%,22.22MiB / 9.714GiB
14:00:37,courseregistrationplatform-worker_1-1,0.90%,30.1MiB / 9.714GiB
14:00:37,courseregistrationplatform-worker_2-1,0.77%,29.91MiB / 9.714GiB
14:00:37,courseregistrationplatform-nginx-1,6.97%,31.33MiB / 9.714GiB
14:00:37,courseregistrationplatform-ai-server-1,0.14%,132.1MiB / 9.714GiB
14:00:37,courseregistrationplatform-db-1,1.67%,436.2MiB / 9.714GiB
14:00:37,courseregistrationplatform-rabbitmq-1,1.14%,142.6MiB / 9.714GiB
14:00:37,courseregistrationplatform-redis-1,3.64%,9.633MiB / 9.714GiB
14:00:37,courseregistrationplatform-grafana-1,0.05%,110.6MiB / 9.714GiB
14:00:37,courseregistrationplatform-prometheus-1,0.10%,68.18MiB / 9.714GiB
14:00:37,sugang-control-plane,6.53%,856.4MiB / 9.714GiB
14:00:37,sugang-worker,2.06%,631.1MiB / 9.714GiB
14:00:37,sugang-worker2,2.51%,1.068GiB / 9.714GiB
14:00:37,biostream_api,4.59%,226MiB / 9.714GiB
14:00:37,biostream_mcp,0.00%,0B / 0B
14:00:37,biostream_qdrant,0.01%,150.2MiB / 9.714GiB
14:00:37,biostream_db,0.00%,39.02MiB / 9.714GiB
14:00:41,courseregistrationplatform-k6-run-ec8147916cd5,17.93%,726.3MiB / 9.714GiB
14:00:41,courseregistrationplatform-backend_2-1,31.94%,88.03MiB / 9.714GiB
14:00:41,courseregistrationplatform-backend_1-1,31.78%,103.3MiB / 9.714GiB
14:00:41,courseregistrationplatform-frontend-1,0.00%,22.22MiB / 9.714GiB
14:00:41,courseregistrationplatform-worker_1-1,0.33%,29.36MiB / 9.714GiB
14:00:41,courseregistrationplatform-worker_2-1,0.59%,29.7MiB / 9.714GiB
14:00:41,courseregistrationplatform-nginx-1,6.71%,31.01MiB / 9.714GiB
14:00:41,courseregistrationplatform-ai-server-1,0.15%,132.1MiB / 9.714GiB
14:00:41,courseregistrationplatform-db-1,1.23%,436.2MiB / 9.714GiB
14:00:41,courseregistrationplatform-rabbitmq-1,0.69%,142.6MiB / 9.714GiB
14:00:41,courseregistrationplatform-redis-1,3.24%,9.395MiB / 9.714GiB
14:00:41,courseregistrationplatform-grafana-1,0.03%,110.6MiB / 9.714GiB
14:00:41,courseregistrationplatform-prometheus-1,0.08%,68.18MiB / 9.714GiB
14:00:41,sugang-control-plane,9.86%,858.3MiB / 9.714GiB
14:00:41,sugang-worker,3.77%,631.1MiB / 9.714GiB
14:00:41,sugang-worker2,4.15%,1.068GiB / 9.714GiB
14:00:41,biostream_api,5.42%,225.8MiB / 9.714GiB
14:00:41,biostream_mcp,0.00%,0B / 0B
14:00:41,biostream_qdrant,0.06%,150.2MiB / 9.714GiB
14:00:41,biostream_db,0.00%,39.02MiB / 9.714GiB
14:00:46,courseregistrationplatform-k6-run-ec8147916cd5,17.90%,725.9MiB / 9.714GiB
14:00:46,courseregistrationplatform-backend_2-1,28.84%,86.77MiB / 9.714GiB
14:00:46,courseregistrationplatform-backend_1-1,32.75%,103.5MiB / 9.714GiB
14:00:46,courseregistrationplatform-frontend-1,0.00%,22.22MiB / 9.714GiB
14:00:46,courseregistrationplatform-worker_1-1,0.63%,29.21MiB / 9.714GiB
14:00:46,courseregistrationplatform-worker_2-1,0.57%,29.28MiB / 9.714GiB
14:00:46,courseregistrationplatform-nginx-1,6.32%,30.87MiB / 9.714GiB
14:00:46,courseregistrationplatform-ai-server-1,0.16%,132.1MiB / 9.714GiB
14:00:46,courseregistrationplatform-db-1,1.21%,436.2MiB / 9.714GiB
14:00:46,courseregistrationplatform-rabbitmq-1,0.62%,142.6MiB / 9.714GiB
14:00:46,courseregistrationplatform-redis-1,3.44%,9.887MiB / 9.714GiB
14:00:46,courseregistrationplatform-grafana-1,0.05%,110.6MiB / 9.714GiB
14:00:46,courseregistrationplatform-prometheus-1,0.43%,68.19MiB / 9.714GiB
14:00:46,sugang-control-plane,5.88%,857MiB / 9.714GiB
14:00:46,sugang-worker,1.49%,631.3MiB / 9.714GiB
14:00:46,sugang-worker2,5.16%,1.067GiB / 9.714GiB
14:00:46,biostream_api,3.40%,225.8MiB / 9.714GiB
14:00:46,biostream_mcp,0.00%,0B / 0B
14:00:46,biostream_qdrant,0.07%,150.2MiB / 9.714GiB
14:00:46,biostream_db,0.00%,39.02MiB / 9.714GiB
14:00:51,courseregistrationplatform-k6-run-ec8147916cd5,13.39%,725.6MiB / 9.714GiB
14:00:51,courseregistrationplatform-backend_2-1,21.46%,87.24MiB / 9.714GiB
14:00:51,courseregistrationplatform-backend_1-1,22.34%,106.4MiB / 9.714GiB
14:00:51,courseregistrationplatform-frontend-1,0.00%,22.22MiB / 9.714GiB
14:00:51,courseregistrationplatform-worker_1-1,0.79%,29.03MiB / 9.714GiB
14:00:51,courseregistrationplatform-worker_2-1,0.83%,29.2MiB / 9.714GiB
14:00:51,courseregistrationplatform-nginx-1,5.16%,32.55MiB / 9.714GiB
14:00:51,courseregistrationplatform-ai-server-1,0.15%,132.1MiB / 9.714GiB
14:00:51,courseregistrationplatform-db-1,1.54%,436.3MiB / 9.714GiB
14:00:51,courseregistrationplatform-rabbitmq-1,1.16%,142.5MiB / 9.714GiB
14:00:51,courseregistrationplatform-redis-1,2.58%,9.398MiB / 9.714GiB
14:00:51,courseregistrationplatform-grafana-1,0.03%,110.6MiB / 9.714GiB
14:00:51,courseregistrationplatform-prometheus-1,0.46%,68.19MiB / 9.714GiB
14:00:51,sugang-control-plane,6.99%,855.7MiB / 9.714GiB
14:00:51,sugang-worker,1.60%,631.6MiB / 9.714GiB
14:00:51,sugang-worker2,2.17%,1.067GiB / 9.714GiB
14:00:51,biostream_api,3.04%,225.8MiB / 9.714GiB
14:00:51,biostream_mcp,0.00%,0B / 0B
14:00:51,biostream_qdrant,0.72%,150.2MiB / 9.714GiB
14:00:51,biostream_db,0.00%,39.02MiB / 9.714GiB
14:00:55,courseregistrationplatform-k6-run-ec8147916cd5,16.19%,726.6MiB / 9.714GiB
14:00:55,courseregistrationplatform-backend_2-1,30.43%,93.85MiB / 9.714GiB
14:00:55,courseregistrationplatform-backend_1-1,28.52%,110.6MiB / 9.714GiB
14:00:55,courseregistrationplatform-frontend-1,0.00%,22.22MiB / 9.714GiB
14:00:55,courseregistrationplatform-worker_1-1,1.18%,29.63MiB / 9.714GiB
14:00:55,courseregistrationplatform-worker_2-1,1.33%,29.65MiB / 9.714GiB
14:00:55,courseregistrationplatform-nginx-1,5.81%,31.42MiB / 9.714GiB
14:00:55,courseregistrationplatform-ai-server-1,0.16%,132.1MiB / 9.714GiB
14:00:55,courseregistrationplatform-db-1,2.16%,436.3MiB / 9.714GiB
14:00:55,courseregistrationplatform-rabbitmq-1,1.16%,142.5MiB / 9.714GiB
14:00:55,courseregistrationplatform-redis-1,3.35%,9.656MiB / 9.714GiB
14:00:55,courseregistrationplatform-grafana-1,0.24%,110.6MiB / 9.714GiB
14:00:55,courseregistrationplatform-prometheus-1,0.07%,68.19MiB / 9.714GiB
14:00:55,sugang-control-plane,4.52%,856.2MiB / 9.714GiB
14:00:55,sugang-worker,2.82%,631.8MiB / 9.714GiB
14:00:55,sugang-worker2,2.37%,1.067GiB / 9.714GiB
14:00:55,biostream_api,4.16%,226.3MiB / 9.714GiB
14:00:55,biostream_mcp,0.00%,0B / 0B
14:00:55,biostream_qdrant,0.01%,150.2MiB / 9.714GiB
14:00:55,biostream_db,2.29%,39.02MiB / 9.714GiB
14:01:00,courseregistrationplatform-k6-run-ec8147916cd5,46.21%,746.1MiB / 9.714GiB
14:01:00,courseregistrationplatform-backend_2-1,24.83%,96.52MiB / 9.714GiB
14:01:00,courseregistrationplatform-backend_1-1,25.78%,111.6MiB / 9.714GiB
14:01:00,courseregistrationplatform-frontend-1,0.00%,22.22MiB / 9.714GiB
14:01:00,courseregistrationplatform-worker_1-1,0.32%,29.91MiB / 9.714GiB
14:01:00,courseregistrationplatform-worker_2-1,0.30%,29.99MiB / 9.714GiB
14:01:00,courseregistrationplatform-nginx-1,5.45%,30.79MiB / 9.714GiB
14:01:00,courseregistrationplatform-ai-server-1,0.15%,132.1MiB / 9.714GiB
14:01:00,courseregistrationplatform-db-1,1.12%,436.3MiB / 9.714GiB
14:01:00,courseregistrationplatform-rabbitmq-1,0.51%,142.6MiB / 9.714GiB
14:01:00,courseregistrationplatform-redis-1,2.93%,9.41MiB / 9.714GiB
14:01:00,courseregistrationplatform-grafana-1,0.05%,110.6MiB / 9.714GiB
14:01:00,courseregistrationplatform-prometheus-1,0.07%,68.2MiB / 9.714GiB
14:01:00,sugang-control-plane,4.73%,856MiB / 9.714GiB
14:01:00,sugang-worker,2.96%,632.1MiB / 9.714GiB
14:01:00,sugang-worker2,2.69%,1.068GiB / 9.714GiB
14:01:00,biostream_api,4.91%,225.8MiB / 9.714GiB
14:01:00,biostream_mcp,0.00%,0B / 0B
14:01:00,biostream_qdrant,0.01%,150.2MiB / 9.714GiB
14:01:00,biostream_db,0.00%,39.02MiB / 9.714GiB
14:01:04,courseregistrationplatform-k6-run-ec8147916cd5,16.31%,746MiB / 9.714GiB
14:01:04,courseregistrationplatform-backend_2-1,26.52%,86.17MiB / 9.714GiB
14:01:04,courseregistrationplatform-backend_1-1,26.74%,110MiB / 9.714GiB
14:01:04,courseregistrationplatform-frontend-1,0.00%,22.22MiB / 9.714GiB
14:01:04,courseregistrationplatform-worker_1-1,0.95%,29.7MiB / 9.714GiB
14:01:04,courseregistrationplatform-worker_2-1,0.94%,29.7MiB / 9.714GiB
14:01:04,courseregistrationplatform-nginx-1,5.96%,30.31MiB / 9.714GiB
14:01:04,courseregistrationplatform-ai-server-1,0.15%,132.1MiB / 9.714GiB
14:01:04,courseregistrationplatform-db-1,2.06%,436.3MiB / 9.714GiB
14:01:04,courseregistrationplatform-rabbitmq-1,1.13%,142.6MiB / 9.714GiB
14:01:04,courseregistrationplatform-redis-1,3.15%,9.414MiB / 9.714GiB
14:01:04,courseregistrationplatform-grafana-1,0.08%,110.6MiB / 9.714GiB
14:01:04,courseregistrationplatform-prometheus-1,0.09%,68.21MiB / 9.714GiB
14:01:04,sugang-control-plane,6.55%,857.2MiB / 9.714GiB
14:01:04,sugang-worker,1.87%,631.7MiB / 9.714GiB
14:01:04,sugang-worker2,2.10%,1.067GiB / 9.714GiB
14:01:04,biostream_api,5.09%,226.3MiB / 9.714GiB
14:01:04,biostream_mcp,0.00%,0B / 0B
14:01:04,biostream_qdrant,0.01%,150.2MiB / 9.714GiB
14:01:04,biostream_db,0.00%,39.02MiB / 9.714GiB
14:01:08,courseregistrationplatform-k6-run-ec8147916cd5,15.92%,745.5MiB / 9.714GiB
14:01:08,courseregistrationplatform-backend_2-1,25.40%,85.71MiB / 9.714GiB
14:01:08,courseregistrationplatform-backend_1-1,25.87%,118.4MiB / 9.714GiB
14:01:08,courseregistrationplatform-frontend-1,0.00%,22.22MiB / 9.714GiB
14:01:08,courseregistrationplatform-worker_1-1,1.99%,29.76MiB / 9.714GiB
14:01:08,courseregistrationplatform-worker_2-1,0.93%,29.62MiB / 9.714GiB
14:01:08,courseregistrationplatform-nginx-1,5.76%,30.32MiB / 9.714GiB
14:01:08,courseregistrationplatform-ai-server-1,0.16%,132.1MiB / 9.714GiB
14:01:08,courseregistrationplatform-db-1,2.04%,436.3MiB / 9.714GiB
14:01:08,courseregistrationplatform-rabbitmq-1,1.19%,142.7MiB / 9.714GiB
14:01:08,courseregistrationplatform-redis-1,3.06%,9.418MiB / 9.714GiB
14:01:08,courseregistrationplatform-grafana-1,0.10%,110.6MiB / 9.714GiB
14:01:08,courseregistrationplatform-prometheus-1,0.06%,68.3MiB / 9.714GiB
14:01:08,sugang-control-plane,6.36%,857.2MiB / 9.714GiB
14:01:08,sugang-worker,1.58%,631.7MiB / 9.714GiB
14:01:08,sugang-worker2,2.14%,1.067GiB / 9.714GiB
14:01:08,biostream_api,5.03%,226.1MiB / 9.714GiB
14:01:08,biostream_mcp,0.00%,0B / 0B
14:01:08,biostream_qdrant,0.07%,150.2MiB / 9.714GiB
14:01:08,biostream_db,0.00%,39.02MiB / 9.714GiB
14:01:12,courseregistrationplatform-k6-run-ec8147916cd5,16.08%,745.5MiB / 9.714GiB
14:01:12,courseregistrationplatform-backend_2-1,22.47%,85.46MiB / 9.714GiB
14:01:12,courseregistrationplatform-backend_1-1,21.69%,132MiB / 9.714GiB
14:01:12,courseregistrationplatform-frontend-1,0.00%,22.23MiB / 9.714GiB
14:01:12,courseregistrationplatform-worker_1-1,0.31%,29.86MiB / 9.714GiB
14:01:12,courseregistrationplatform-worker_2-1,0.37%,29.95MiB / 9.714GiB
14:01:12,courseregistrationplatform-nginx-1,5.11%,30MiB / 9.714GiB
14:01:12,courseregistrationplatform-ai-server-1,0.14%,132.1MiB / 9.714GiB
14:01:12,courseregistrationplatform-db-1,1.14%,436.3MiB / 9.714GiB
14:01:12,courseregistrationplatform-rabbitmq-1,0.72%,142.6MiB / 9.714GiB
14:01:12,courseregistrationplatform-redis-1,2.58%,9.422MiB / 9.714GiB
14:01:12,courseregistrationplatform-grafana-1,0.03%,110.6MiB / 9.714GiB
14:01:12,courseregistrationplatform-prometheus-1,0.06%,68.43MiB / 9.714GiB
14:01:12,sugang-control-plane,5.32%,858MiB / 9.714GiB
14:01:12,sugang-worker,3.18%,635.9MiB / 9.714GiB
14:01:12,sugang-worker2,2.26%,1.066GiB / 9.714GiB
14:01:12,biostream_api,5.04%,226MiB / 9.714GiB
14:01:12,biostream_mcp,0.00%,0B / 0B
14:01:12,biostream_qdrant,0.01%,150.2MiB / 9.714GiB
14:01:12,biostream_db,0.00%,39.02MiB / 9.714GiB
14:01:17,courseregistrationplatform-k6-run-ec8147916cd5,16.12%,745.1MiB / 9.714GiB
14:01:17,courseregistrationplatform-backend_2-1,26.71%,85.39MiB / 9.714GiB
14:01:17,courseregistrationplatform-backend_1-1,25.87%,114.1MiB / 9.714GiB
14:01:17,courseregistrationplatform-frontend-1,0.00%,22.23MiB / 9.714GiB
14:01:17,courseregistrationplatform-worker_1-1,2.72%,29.9MiB / 9.714GiB
14:01:17,courseregistrationplatform-worker_2-1,1.14%,30.18MiB / 9.714GiB
14:01:17,courseregistrationplatform-nginx-1,5.72%,30MiB / 9.714GiB
14:01:17,courseregistrationplatform-ai-server-1,0.16%,132.1MiB / 9.714GiB
14:01:17,courseregistrationplatform-db-1,2.93%,436.4MiB / 9.714GiB
14:01:17,courseregistrationplatform-rabbitmq-1,1.47%,142.6MiB / 9.714GiB
14:01:17,courseregistrationplatform-redis-1,2.98%,9.422MiB / 9.714GiB
14:01:17,courseregistrationplatform-grafana-1,0.03%,110.6MiB / 9.714GiB
14:01:17,courseregistrationplatform-prometheus-1,0.08%,68.43MiB / 9.714GiB
14:01:17,sugang-control-plane,5.78%,856.5MiB / 9.714GiB
14:01:17,sugang-worker,1.19%,634.7MiB / 9.714GiB
14:01:17,sugang-worker2,6.95%,1.066GiB / 9.714GiB
14:01:17,biostream_api,4.71%,226MiB / 9.714GiB
14:01:17,biostream_mcp,0.00%,0B / 0B
14:01:17,biostream_qdrant,0.01%,150.2MiB / 9.714GiB
14:01:17,biostream_db,0.00%,39.02MiB / 9.714GiB
14:01:21,courseregistrationplatform-k6-run-ec8147916cd5,14.92%,745.2MiB / 9.714GiB
14:01:21,courseregistrationplatform-backend_2-1,24.47%,85.61MiB / 9.714GiB
14:01:21,courseregistrationplatform-backend_1-1,23.22%,111.8MiB / 9.714GiB
14:01:21,courseregistrationplatform-frontend-1,0.00%,22.23MiB / 9.714GiB
14:01:21,courseregistrationplatform-worker_1-1,0.74%,30.32MiB / 9.714GiB
14:01:21,courseregistrationplatform-worker_2-1,1.19%,29.8MiB / 9.714GiB
14:01:21,courseregistrationplatform-nginx-1,5.35%,29.76MiB / 9.714GiB
14:01:21,courseregistrationplatform-ai-server-1,0.15%,132.1MiB / 9.714GiB
14:01:21,courseregistrationplatform-db-1,2.04%,436.5MiB / 9.714GiB
14:01:21,courseregistrationplatform-rabbitmq-1,1.13%,142.6MiB / 9.714GiB
14:01:21,courseregistrationplatform-redis-1,2.75%,9.422MiB / 9.714GiB
14:01:21,courseregistrationplatform-grafana-1,0.03%,110.6MiB / 9.714GiB
14:01:21,courseregistrationplatform-prometheus-1,0.48%,68.43MiB / 9.714GiB
14:01:21,sugang-control-plane,4.76%,855.4MiB / 9.714GiB
14:01:21,sugang-worker,1.82%,642.8MiB / 9.714GiB
14:01:21,sugang-worker2,3.28%,1.066GiB / 9.714GiB
14:01:21,biostream_api,3.67%,226MiB / 9.714GiB
14:01:21,biostream_mcp,0.00%,0B / 0B
14:01:21,biostream_qdrant,0.06%,150.2MiB / 9.714GiB
14:01:21,biostream_db,1.91%,39.02MiB / 9.714GiB
14:01:26,courseregistrationplatform-k6-run-ec8147916cd5,15.34%,745.7MiB / 9.714GiB
14:01:26,courseregistrationplatform-backend_2-1,27.47%,85.67MiB / 9.714GiB
14:01:26,courseregistrationplatform-backend_1-1,24.89%,103.9MiB / 9.714GiB
14:01:26,courseregistrationplatform-frontend-1,0.00%,22.23MiB / 9.714GiB
14:01:26,courseregistrationplatform-worker_1-1,1.15%,29.8MiB / 9.714GiB
14:01:26,courseregistrationplatform-worker_2-1,0.49%,29.83MiB / 9.714GiB
14:01:26,courseregistrationplatform-nginx-1,5.41%,29.86MiB / 9.714GiB
14:01:26,courseregistrationplatform-ai-server-1,0.15%,132.1MiB / 9.714GiB
14:01:26,courseregistrationplatform-db-1,2.34%,436.7MiB / 9.714GiB
14:01:26,courseregistrationplatform-rabbitmq-1,1.26%,142.7MiB / 9.714GiB
14:01:26,courseregistrationplatform-redis-1,2.85%,9.672MiB / 9.714GiB
14:01:26,courseregistrationplatform-grafana-1,0.04%,110.6MiB / 9.714GiB
14:01:26,courseregistrationplatform-prometheus-1,0.44%,68.43MiB / 9.714GiB
14:01:26,sugang-control-plane,4.26%,855.2MiB / 9.714GiB
14:01:26,sugang-worker,2.80%,643MiB / 9.714GiB
14:01:26,sugang-worker2,3.20%,1.078GiB / 9.714GiB
14:01:26,biostream_api,3.60%,226MiB / 9.714GiB
14:01:26,biostream_mcp,0.00%,0B / 0B
14:01:26,biostream_qdrant,0.06%,150.2MiB / 9.714GiB
14:01:26,biostream_db,2.14%,39.02MiB / 9.714GiB
14:01:30,courseregistrationplatform-k6-run-ec8147916cd5,15.85%,746.6MiB / 9.714GiB
14:01:30,courseregistrationplatform-backend_2-1,24.10%,85.59MiB / 9.714GiB
14:01:30,courseregistrationplatform-backend_1-1,23.72%,102.8MiB / 9.714GiB
14:01:30,courseregistrationplatform-frontend-1,0.00%,22.23MiB / 9.714GiB
14:01:30,courseregistrationplatform-worker_1-1,1.55%,29.62MiB / 9.714GiB
14:01:30,courseregistrationplatform-worker_2-1,0.72%,30.22MiB / 9.714GiB
14:01:30,courseregistrationplatform-nginx-1,5.62%,29.02MiB / 9.714GiB
14:01:30,courseregistrationplatform-ai-server-1,0.16%,132.1MiB / 9.714GiB
14:01:30,courseregistrationplatform-db-1,1.80%,436.5MiB / 9.714GiB
14:01:30,courseregistrationplatform-rabbitmq-1,0.97%,142.7MiB / 9.714GiB
14:01:30,courseregistrationplatform-redis-1,2.94%,9.426MiB / 9.714GiB
14:01:30,courseregistrationplatform-grafana-1,0.03%,110.6MiB / 9.714GiB
14:01:30,courseregistrationplatform-prometheus-1,0.07%,68.43MiB / 9.714GiB
14:01:30,sugang-control-plane,6.18%,856.2MiB / 9.714GiB
14:01:30,sugang-worker,2.23%,644MiB / 9.714GiB
14:01:30,sugang-worker2,2.38%,1.078GiB / 9.714GiB
14:01:30,biostream_api,4.12%,225.8MiB / 9.714GiB
14:01:30,biostream_mcp,0.00%,0B / 0B
14:01:30,biostream_qdrant,1.54%,150.2MiB / 9.714GiB
14:01:30,biostream_db,0.37%,39.02MiB / 9.714GiB
14:01:35,courseregistrationplatform-k6-run-ec8147916cd5,15.65%,746.2MiB / 9.714GiB
14:01:35,courseregistrationplatform-backend_2-1,26.25%,85.64MiB / 9.714GiB
14:01:35,courseregistrationplatform-backend_1-1,26.49%,103MiB / 9.714GiB
14:01:35,courseregistrationplatform-frontend-1,0.00%,22.23MiB / 9.714GiB
14:01:35,courseregistrationplatform-worker_1-1,0.62%,29.6MiB / 9.714GiB
14:01:35,courseregistrationplatform-worker_2-1,1.57%,30.16MiB / 9.714GiB
14:01:35,courseregistrationplatform-nginx-1,5.96%,29.26MiB / 9.714GiB
14:01:35,courseregistrationplatform-ai-server-1,0.14%,132.1MiB / 9.714GiB
14:01:35,courseregistrationplatform-db-1,2.05%,436.5MiB / 9.714GiB
14:01:35,courseregistrationplatform-rabbitmq-1,1.01%,142.8MiB / 9.714GiB
14:01:35,courseregistrationplatform-redis-1,3.26%,9.672MiB / 9.714GiB
14:01:35,courseregistrationplatform-grafana-1,0.27%,110.6MiB / 9.714GiB
14:01:35,courseregistrationplatform-prometheus-1,0.07%,68.45MiB / 9.714GiB
14:01:35,sugang-control-plane,6.53%,856.1MiB / 9.714GiB
14:01:35,sugang-worker,7.52%,641.5MiB / 9.714GiB
14:01:35,sugang-worker2,1.94%,1.079GiB / 9.714GiB
14:01:35,biostream_api,3.48%,225.8MiB / 9.714GiB
14:01:35,biostream_mcp,0.00%,0B / 0B
14:01:35,biostream_qdrant,0.01%,150.2MiB / 9.714GiB
14:01:35,biostream_db,0.00%,39.02MiB / 9.714GiB
14:01:39,courseregistrationplatform-k6-run-ec8147916cd5,18.27%,746.5MiB / 9.714GiB
14:01:39,courseregistrationplatform-backend_2-1,26.16%,85.63MiB / 9.714GiB
14:01:39,courseregistrationplatform-backend_1-1,27.33%,102.2MiB / 9.714GiB
14:01:39,courseregistrationplatform-frontend-1,0.01%,22.23MiB / 9.714GiB
14:01:39,courseregistrationplatform-worker_1-1,0.65%,29.96MiB / 9.714GiB
14:01:39,courseregistrationplatform-worker_2-1,0.91%,30.38MiB / 9.714GiB
14:01:39,courseregistrationplatform-nginx-1,6.13%,28.76MiB / 9.714GiB
14:01:39,courseregistrationplatform-ai-server-1,0.16%,132.1MiB / 9.714GiB
14:01:39,courseregistrationplatform-db-1,2.16%,436.5MiB / 9.714GiB
14:01:39,courseregistrationplatform-rabbitmq-1,0.86%,142.7MiB / 9.714GiB
14:01:39,courseregistrationplatform-redis-1,3.50%,9.672MiB / 9.714GiB
14:01:39,courseregistrationplatform-grafana-1,0.03%,110.6MiB / 9.714GiB
14:01:39,courseregistrationplatform-prometheus-1,0.10%,68.44MiB / 9.714GiB
14:01:39,sugang-control-plane,7.80%,856.1MiB / 9.714GiB
14:01:39,sugang-worker,4.51%,642.1MiB / 9.714GiB
14:01:39,sugang-worker2,3.40%,1.079GiB / 9.714GiB
14:01:39,biostream_api,3.64%,226MiB / 9.714GiB
14:01:39,biostream_mcp,0.00%,0B / 0B
14:01:39,biostream_qdrant,0.01%,150.2MiB / 9.714GiB
14:01:39,biostream_db,0.00%,39.02MiB / 9.714GiB
14:01:44,courseregistrationplatform-k6-run-ec8147916cd5,47.67%,748MiB / 9.714GiB
14:01:44,courseregistrationplatform-backend_2-1,26.23%,85.45MiB / 9.714GiB
14:01:44,courseregistrationplatform-backend_1-1,23.55%,102.4MiB / 9.714GiB
14:01:44,courseregistrationplatform-frontend-1,0.00%,22.23MiB / 9.714GiB
14:01:44,courseregistrationplatform-worker_1-1,1.15%,29.82MiB / 9.714GiB
14:01:44,courseregistrationplatform-worker_2-1,0.95%,30.12MiB / 9.714GiB
14:01:44,courseregistrationplatform-nginx-1,5.09%,28.56MiB / 9.714GiB
14:01:44,courseregistrationplatform-ai-server-1,0.15%,132.1MiB / 9.714GiB
14:01:44,courseregistrationplatform-db-1,4.85%,436.6MiB / 9.714GiB
14:01:44,courseregistrationplatform-rabbitmq-1,1.11%,142.7MiB / 9.714GiB
14:01:44,courseregistrationplatform-redis-1,2.91%,9.426MiB / 9.714GiB
14:01:44,courseregistrationplatform-grafana-1,0.04%,110.6MiB / 9.714GiB
14:01:44,courseregistrationplatform-prometheus-1,0.20%,68.44MiB / 9.714GiB
14:01:44,sugang-control-plane,5.30%,857.1MiB / 9.714GiB
14:01:44,sugang-worker,3.34%,643MiB / 9.714GiB
14:01:44,sugang-worker2,5.57%,1.078GiB / 9.714GiB
14:01:44,biostream_api,3.27%,226.1MiB / 9.714GiB
14:01:44,biostream_mcp,0.00%,0B / 0B
14:01:44,biostream_qdrant,0.08%,150.2MiB / 9.714GiB
14:01:44,biostream_db,0.00%,39.02MiB / 9.714GiB
14:01:48,courseregistrationplatform-k6-run-ec8147916cd5,15.37%,747.9MiB / 9.714GiB
14:01:48,courseregistrationplatform-backend_2-1,21.70%,85.33MiB / 9.714GiB
14:01:48,courseregistrationplatform-backend_1-1,23.80%,102.7MiB / 9.714GiB
14:01:48,courseregistrationplatform-frontend-1,0.00%,22.23MiB / 9.714GiB
14:01:48,courseregistrationplatform-worker_1-1,1.05%,29.64MiB / 9.714GiB
14:01:48,courseregistrationplatform-worker_2-1,1.14%,29.92MiB / 9.714GiB
14:01:48,courseregistrationplatform-nginx-1,4.85%,28.37MiB / 9.714GiB
14:01:48,courseregistrationplatform-ai-server-1,0.15%,132.1MiB / 9.714GiB
14:01:48,courseregistrationplatform-db-1,2.32%,436.6MiB / 9.714GiB
14:01:48,courseregistrationplatform-rabbitmq-1,1.04%,142.7MiB / 9.714GiB
14:01:48,courseregistrationplatform-redis-1,2.68%,9.426MiB / 9.714GiB
14:01:48,courseregistrationplatform-grafana-1,0.14%,110.6MiB / 9.714GiB
14:01:48,courseregistrationplatform-prometheus-1,0.08%,68.44MiB / 9.714GiB
14:01:48,sugang-control-plane,4.73%,855.8MiB / 9.714GiB
14:01:48,sugang-worker,1.35%,642.5MiB / 9.714GiB
14:01:48,sugang-worker2,1.86%,1.078GiB / 9.714GiB
14:01:48,biostream_api,3.72%,226MiB / 9.714GiB
14:01:48,biostream_mcp,0.00%,0B / 0B
14:01:48,biostream_qdrant,0.06%,150.2MiB / 9.714GiB
14:01:48,biostream_db,0.00%,39.02MiB / 9.714GiB
14:01:52,courseregistrationplatform-k6-run-ec8147916cd5,15.22%,747.5MiB / 9.714GiB
14:01:52,courseregistrationplatform-backend_2-1,21.30%,85.11MiB / 9.714GiB
14:01:52,courseregistrationplatform-backend_1-1,20.98%,102.4MiB / 9.714GiB
14:01:52,courseregistrationplatform-frontend-1,0.00%,22.23MiB / 9.714GiB
14:01:52,courseregistrationplatform-worker_1-1,0.88%,29.85MiB / 9.714GiB
14:01:52,courseregistrationplatform-worker_2-1,0.46%,30.3MiB / 9.714GiB
14:01:52,courseregistrationplatform-nginx-1,4.91%,28.32MiB / 9.714GiB
14:01:52,courseregistrationplatform-ai-server-1,0.16%,132.1MiB / 9.714GiB
14:01:52,courseregistrationplatform-db-1,1.39%,436.6MiB / 9.714GiB
14:01:52,courseregistrationplatform-rabbitmq-1,0.85%,142.7MiB / 9.714GiB
14:01:52,courseregistrationplatform-redis-1,2.79%,9.426MiB / 9.714GiB
14:01:52,courseregistrationplatform-grafana-1,0.04%,110.6MiB / 9.714GiB
14:01:52,courseregistrationplatform-prometheus-1,0.09%,68.45MiB / 9.714GiB
14:01:52,sugang-control-plane,6.55%,855.6MiB / 9.714GiB
14:01:52,sugang-worker,4.49%,642.8MiB / 9.714GiB
14:01:52,sugang-worker2,1.83%,1.079GiB / 9.714GiB
14:01:52,biostream_api,5.53%,225.8MiB / 9.714GiB
14:01:52,biostream_mcp,0.00%,0B / 0B
14:01:52,biostream_qdrant,0.02%,150.2MiB / 9.714GiB
14:01:52,biostream_db,0.00%,39.02MiB / 9.714GiB
14:01:57,courseregistrationplatform-k6-run-ec8147916cd5,17.21%,747.6MiB / 9.714GiB
14:01:57,courseregistrationplatform-backend_2-1,21.03%,85.25MiB / 9.714GiB
14:01:57,courseregistrationplatform-backend_1-1,22.72%,102.8MiB / 9.714GiB
14:01:57,courseregistrationplatform-frontend-1,0.00%,22.21MiB / 9.714GiB
14:01:57,courseregistrationplatform-worker_1-1,0.86%,29.83MiB / 9.714GiB
14:01:57,courseregistrationplatform-worker_2-1,0.78%,30.4MiB / 9.714GiB
14:01:57,courseregistrationplatform-nginx-1,4.97%,28.21MiB / 9.714GiB
14:01:57,courseregistrationplatform-ai-server-1,0.16%,132.2MiB / 9.714GiB
14:01:57,courseregistrationplatform-db-1,1.87%,436.6MiB / 9.714GiB
14:01:57,courseregistrationplatform-rabbitmq-1,1.19%,142.8MiB / 9.714GiB
14:01:57,courseregistrationplatform-redis-1,2.77%,9.664MiB / 9.714GiB
14:01:57,courseregistrationplatform-grafana-1,0.04%,110.9MiB / 9.714GiB
14:01:57,courseregistrationplatform-prometheus-1,0.09%,68.45MiB / 9.714GiB
14:01:57,sugang-control-plane,7.40%,855.6MiB / 9.714GiB
14:01:57,sugang-worker,1.68%,643.3MiB / 9.714GiB
14:01:57,sugang-worker2,1.80%,1.079GiB / 9.714GiB
14:01:57,biostream_api,4.42%,225.8MiB / 9.714GiB
14:01:57,biostream_qdrant,0.01%,150.9MiB / 9.714GiB
14:01:57,biostream_db,2.55%,39.37MiB / 9.714GiB
14:02:01,courseregistrationplatform-k6-run-ec8147916cd5,14.43%,747.4MiB / 9.714GiB
14:02:01,courseregistrationplatform-backend_2-1,20.08%,85.97MiB / 9.714GiB
14:02:01,courseregistrationplatform-backend_1-1,19.54%,102.8MiB / 9.714GiB
14:02:01,courseregistrationplatform-frontend-1,0.00%,22.23MiB / 9.714GiB
14:02:01,courseregistrationplatform-worker_1-1,1.02%,29.68MiB / 9.714GiB
14:02:01,courseregistrationplatform-worker_2-1,1.07%,30.3MiB / 9.714GiB
14:02:01,courseregistrationplatform-nginx-1,4.61%,28.22MiB / 9.714GiB
14:02:01,courseregistrationplatform-ai-server-1,0.14%,132.2MiB / 9.714GiB
14:02:01,courseregistrationplatform-db-1,2.38%,436.8MiB / 9.714GiB
14:02:01,courseregistrationplatform-rabbitmq-1,1.16%,142.8MiB / 9.714GiB
14:02:01,courseregistrationplatform-redis-1,2.62%,9.43MiB / 9.714GiB
14:02:01,courseregistrationplatform-grafana-1,0.03%,110.9MiB / 9.714GiB
14:02:01,courseregistrationplatform-prometheus-1,0.06%,68.23MiB / 9.714GiB
14:02:01,sugang-control-plane,6.74%,856.8MiB / 9.714GiB
14:02:01,sugang-worker,2.10%,643.1MiB / 9.714GiB
14:02:01,sugang-worker2,3.66%,1.078GiB / 9.714GiB
14:02:01,biostream_api,5.34%,225.8MiB / 9.714GiB
14:02:01,biostream_mcp,0.00%,0B / 0B
14:02:01,biostream_qdrant,0.06%,150.9MiB / 9.714GiB
14:02:01,biostream_db,1.95%,39.37MiB / 9.714GiB
14:02:06,courseregistrationplatform-k6-run-ec8147916cd5,13.93%,747.5MiB / 9.714GiB
14:02:06,courseregistrationplatform-backend_2-1,20.49%,85.89MiB / 9.714GiB
14:02:06,courseregistrationplatform-backend_1-1,18.88%,102.3MiB / 9.714GiB
14:02:06,courseregistrationplatform-frontend-1,0.00%,22.23MiB / 9.714GiB
14:02:06,courseregistrationplatform-worker_1-1,0.96%,30.44MiB / 9.714GiB
14:02:06,courseregistrationplatform-worker_2-1,1.21%,30.23MiB / 9.714GiB
14:02:06,courseregistrationplatform-nginx-1,4.17%,27.88MiB / 9.714GiB
14:02:06,courseregistrationplatform-ai-server-1,0.13%,132.2MiB / 9.714GiB
14:02:06,courseregistrationplatform-db-1,2.02%,436.6MiB / 9.714GiB
14:02:06,courseregistrationplatform-rabbitmq-1,1.05%,142.8MiB / 9.714GiB
14:02:06,courseregistrationplatform-redis-1,2.27%,9.43MiB / 9.714GiB
14:02:06,courseregistrationplatform-grafana-1,0.03%,110.9MiB / 9.714GiB
14:02:06,courseregistrationplatform-prometheus-1,0.46%,68.23MiB / 9.714GiB
14:02:06,sugang-control-plane,3.48%,856.8MiB / 9.714GiB
14:02:06,sugang-worker,8.07%,642.9MiB / 9.714GiB
14:02:06,sugang-worker2,3.49%,1.079GiB / 9.714GiB
14:02:06,biostream_api,4.96%,226MiB / 9.714GiB
14:02:06,biostream_mcp,0.00%,0B / 0B
14:02:06,biostream_qdrant,0.06%,150.9MiB / 9.714GiB
14:02:06,biostream_db,2.22%,39.37MiB / 9.714GiB
14:02:10,courseregistrationplatform-k6-run-ec8147916cd5,12.66%,747.1MiB / 9.714GiB
14:02:10,courseregistrationplatform-backend_2-1,16.50%,85.92MiB / 9.714GiB
14:02:10,courseregistrationplatform-backend_1-1,18.63%,102.2MiB / 9.714GiB
14:02:10,courseregistrationplatform-frontend-1,0.00%,22.23MiB / 9.714GiB
14:02:10,courseregistrationplatform-worker_1-1,0.55%,29.88MiB / 9.714GiB
14:02:10,courseregistrationplatform-worker_2-1,0.62%,29.86MiB / 9.714GiB
14:02:10,courseregistrationplatform-nginx-1,3.77%,27.54MiB / 9.714GiB
14:02:10,courseregistrationplatform-ai-server-1,0.15%,132.2MiB / 9.714GiB
14:02:10,courseregistrationplatform-db-1,1.57%,436.6MiB / 9.714GiB
14:02:10,courseregistrationplatform-rabbitmq-1,0.78%,142.7MiB / 9.714GiB
14:02:10,courseregistrationplatform-redis-1,2.18%,9.43MiB / 9.714GiB
14:02:10,courseregistrationplatform-grafana-1,0.04%,110.9MiB / 9.714GiB
14:02:10,courseregistrationplatform-prometheus-1,0.06%,68.23MiB / 9.714GiB
14:02:10,sugang-control-plane,4.84%,857.3MiB / 9.714GiB
14:02:10,sugang-worker,1.60%,642.7MiB / 9.714GiB
14:02:10,sugang-worker2,2.36%,1.079GiB / 9.714GiB
14:02:10,biostream_api,5.47%,226MiB / 9.714GiB
14:02:10,biostream_mcp,0.00%,0B / 0B
14:02:10,biostream_qdrant,0.01%,150.9MiB / 9.714GiB
14:02:10,biostream_db,0.00%,39.36MiB / 9.714GiB
14:02:15,courseregistrationplatform-k6-run-ec8147916cd5,12.39%,747MiB / 9.714GiB
14:02:15,courseregistrationplatform-backend_2-1,15.93%,85.84MiB / 9.714GiB
14:02:15,courseregistrationplatform-backend_1-1,14.74%,101.9MiB / 9.714GiB
14:02:15,courseregistrationplatform-frontend-1,0.00%,22.23MiB / 9.714GiB
14:02:15,courseregistrationplatform-worker_1-1,0.61%,29.55MiB / 9.714GiB
14:02:15,courseregistrationplatform-worker_2-1,0.54%,30.48MiB / 9.714GiB
14:02:15,courseregistrationplatform-nginx-1,3.56%,27.55MiB / 9.714GiB
14:02:15,courseregistrationplatform-ai-server-1,0.14%,132.2MiB / 9.714GiB
14:02:15,courseregistrationplatform-db-1,1.44%,436.6MiB / 9.714GiB
14:02:15,courseregistrationplatform-rabbitmq-1,0.78%,143MiB / 9.714GiB
14:02:15,courseregistrationplatform-redis-1,2.15%,9.43MiB / 9.714GiB
14:02:15,courseregistrationplatform-grafana-1,0.22%,110.9MiB / 9.714GiB
14:02:15,courseregistrationplatform-prometheus-1,0.07%,68.23MiB / 9.714GiB
14:02:15,sugang-control-plane,6.18%,857.4MiB / 9.714GiB
14:02:15,sugang-worker,1.66%,643MiB / 9.714GiB
14:02:15,sugang-worker2,3.18%,1.078GiB / 9.714GiB
14:02:15,biostream_api,3.66%,226MiB / 9.714GiB
14:02:15,biostream_mcp,0.00%,0B / 0B
14:02:15,biostream_qdrant,0.01%,150.9MiB / 9.714GiB
14:02:15,biostream_db,0.00%,39.36MiB / 9.714GiB
14:02:19,courseregistrationplatform-k6-run-ec8147916cd5,12.09%,746.8MiB / 9.714GiB
14:02:19,courseregistrationplatform-backend_2-1,15.61%,85.58MiB / 9.714GiB
14:02:19,courseregistrationplatform-backend_1-1,15.77%,101.9MiB / 9.714GiB
14:02:19,courseregistrationplatform-frontend-1,0.00%,22.23MiB / 9.714GiB
14:02:19,courseregistrationplatform-worker_1-1,0.81%,30.13MiB / 9.714GiB
14:02:19,courseregistrationplatform-worker_2-1,0.72%,30MiB / 9.714GiB
14:02:19,courseregistrationplatform-nginx-1,3.63%,27.48MiB / 9.714GiB
14:02:19,courseregistrationplatform-ai-server-1,0.13%,132.2MiB / 9.714GiB
14:02:19,courseregistrationplatform-db-1,1.88%,436.6MiB / 9.714GiB
14:02:19,courseregistrationplatform-rabbitmq-1,0.84%,142.7MiB / 9.714GiB
14:02:19,courseregistrationplatform-redis-1,2.10%,9.434MiB / 9.714GiB
14:02:19,courseregistrationplatform-grafana-1,0.04%,110.9MiB / 9.714GiB
14:02:19,courseregistrationplatform-prometheus-1,0.07%,68.23MiB / 9.714GiB
14:02:19,sugang-control-plane,7.15%,855.5MiB / 9.714GiB
14:02:19,sugang-worker,1.67%,643MiB / 9.714GiB
14:02:19,sugang-worker2,3.26%,1.078GiB / 9.714GiB
14:02:19,biostream_api,3.67%,226.3MiB / 9.714GiB
14:02:19,biostream_mcp,0.00%,0B / 0B
14:02:19,biostream_qdrant,0.01%,150.9MiB / 9.714GiB
14:02:19,biostream_db,0.00%,39.36MiB / 9.714GiB
14:02:23,courseregistrationplatform-k6-run-ec8147916cd5,12.42%,746.4MiB / 9.714GiB
14:02:23,courseregistrationplatform-backend_2-1,15.95%,85.85MiB / 9.714GiB
14:02:23,courseregistrationplatform-backend_1-1,15.00%,102MiB / 9.714GiB
14:02:23,courseregistrationplatform-frontend-1,0.00%,22.23MiB / 9.714GiB
14:02:23,courseregistrationplatform-worker_1-1,0.72%,30.48MiB / 9.714GiB
14:02:23,courseregistrationplatform-worker_2-1,1.79%,30.58MiB / 9.714GiB
14:02:23,courseregistrationplatform-nginx-1,3.60%,27.52MiB / 9.714GiB
14:02:23,courseregistrationplatform-ai-server-1,0.15%,132.2MiB / 9.714GiB
14:02:23,courseregistrationplatform-db-1,3.82%,436.9MiB / 9.714GiB
14:02:23,courseregistrationplatform-rabbitmq-1,0.87%,142.7MiB / 9.714GiB
14:02:23,courseregistrationplatform-redis-1,2.18%,9.438MiB / 9.714GiB
14:02:23,courseregistrationplatform-grafana-1,0.06%,110.9MiB / 9.714GiB
14:02:23,courseregistrationplatform-prometheus-1,0.06%,68.23MiB / 9.714GiB
14:02:23,sugang-control-plane,6.52%,856.1MiB / 9.714GiB
14:02:23,sugang-worker,2.92%,643.4MiB / 9.714GiB
14:02:23,sugang-worker2,3.43%,1.08GiB / 9.714GiB
14:02:23,biostream_api,5.21%,226MiB / 9.714GiB
14:02:23,biostream_mcp,0.00%,0B / 0B
14:02:23,biostream_qdrant,0.07%,150.9MiB / 9.714GiB
14:02:23,biostream_db,0.00%,39.36MiB / 9.714GiB
14:02:28,courseregistrationplatform-k6-run-ec8147916cd5,10.19%,746.4MiB / 9.714GiB
14:02:28,courseregistrationplatform-backend_2-1,13.70%,85.46MiB / 9.714GiB
14:02:28,courseregistrationplatform-backend_1-1,11.93%,102.2MiB / 9.714GiB
14:02:28,courseregistrationplatform-frontend-1,0.00%,22.23MiB / 9.714GiB
14:02:28,courseregistrationplatform-worker_1-1,0.88%,29.76MiB / 9.714GiB
14:02:28,courseregistrationplatform-worker_2-1,0.80%,30.23MiB / 9.714GiB
14:02:28,courseregistrationplatform-nginx-1,2.87%,27.52MiB / 9.714GiB
14:02:28,courseregistrationplatform-ai-server-1,0.13%,132.2MiB / 9.714GiB
14:02:28,courseregistrationplatform-db-1,1.84%,436.6MiB / 9.714GiB
14:02:28,courseregistrationplatform-rabbitmq-1,1.02%,142.7MiB / 9.714GiB
14:02:28,courseregistrationplatform-redis-1,1.72%,9.441MiB / 9.714GiB
14:02:28,courseregistrationplatform-grafana-1,0.10%,110.9MiB / 9.714GiB
14:02:28,courseregistrationplatform-prometheus-1,0.07%,68.23MiB / 9.714GiB
14:02:28,sugang-control-plane,3.91%,856.6MiB / 9.714GiB
14:02:28,sugang-worker,1.33%,643.4MiB / 9.714GiB
14:02:28,sugang-worker2,2.21%,1.08GiB / 9.714GiB
14:02:28,biostream_api,4.78%,226MiB / 9.714GiB
14:02:28,biostream_mcp,0.00%,0B / 0B
14:02:28,biostream_qdrant,0.06%,150.9MiB / 9.714GiB
14:02:28,biostream_db,0.00%,39.36MiB / 9.714GiB
14:02:32,courseregistrationplatform-k6-run-ec8147916cd5,13.52%,746.3MiB / 9.714GiB
14:02:32,courseregistrationplatform-backend_2-1,20.63%,85.31MiB / 9.714GiB
14:02:32,courseregistrationplatform-backend_1-1,17.66%,102.8MiB / 9.714GiB
14:02:32,courseregistrationplatform-frontend-1,0.00%,22.23MiB / 9.714GiB
14:02:32,courseregistrationplatform-worker_1-1,0.78%,29.95MiB / 9.714GiB
14:02:32,courseregistrationplatform-worker_2-1,1.18%,29.85MiB / 9.714GiB
14:02:32,courseregistrationplatform-nginx-1,4.09%,26.9MiB / 9.714GiB
14:02:32,courseregistrationplatform-ai-server-1,0.16%,132.2MiB / 9.714GiB
14:02:32,courseregistrationplatform-db-1,2.22%,436.6MiB / 9.714GiB
14:02:32,courseregistrationplatform-rabbitmq-1,1.31%,142.7MiB / 9.714GiB
14:02:32,courseregistrationplatform-redis-1,2.46%,9.441MiB / 9.714GiB
14:02:32,courseregistrationplatform-grafana-1,0.03%,110.9MiB / 9.714GiB
14:02:32,courseregistrationplatform-prometheus-1,0.08%,68.23MiB / 9.714GiB
14:02:32,sugang-control-plane,5.77%,857.9MiB / 9.714GiB
14:02:32,sugang-worker,3.59%,643.8MiB / 9.714GiB
14:02:32,sugang-worker2,2.29%,1.08GiB / 9.714GiB
14:02:32,biostream_api,5.12%,226MiB / 9.714GiB
14:02:32,biostream_mcp,0.00%,0B / 0B
14:02:32,biostream_qdrant,0.02%,150.9MiB / 9.714GiB
14:02:32,biostream_db,2.21%,39.49MiB / 9.714GiB
14:02:37,courseregistrationplatform-k6-run-ec8147916cd5,12.36%,745.8MiB / 9.714GiB
14:02:37,courseregistrationplatform-backend_2-1,15.36%,85.35MiB / 9.714GiB
14:02:37,courseregistrationplatform-backend_1-1,18.23%,102.6MiB / 9.714GiB
14:02:37,courseregistrationplatform-frontend-1,0.00%,22.23MiB / 9.714GiB
14:02:37,courseregistrationplatform-worker_1-1,0.92%,30.1MiB / 9.714GiB
14:02:37,courseregistrationplatform-worker_2-1,1.05%,29.81MiB / 9.714GiB
14:02:37,courseregistrationplatform-nginx-1,3.57%,26.76MiB / 9.714GiB
14:02:37,courseregistrationplatform-ai-server-1,0.15%,132.2MiB / 9.714GiB
14:02:37,courseregistrationplatform-db-1,2.05%,436.6MiB / 9.714GiB
14:02:37,courseregistrationplatform-rabbitmq-1,1.30%,143MiB / 9.714GiB
14:02:37,courseregistrationplatform-redis-1,2.12%,9.445MiB / 9.714GiB
14:02:37,courseregistrationplatform-grafana-1,0.03%,110.9MiB / 9.714GiB
14:02:37,courseregistrationplatform-prometheus-1,0.08%,68.23MiB / 9.714GiB
14:02:37,sugang-control-plane,5.36%,858.1MiB / 9.714GiB
14:02:37,sugang-worker,2.18%,643.2MiB / 9.714GiB
14:02:37,sugang-worker2,2.69%,1.081GiB / 9.714GiB
14:02:37,biostream_api,4.61%,226MiB / 9.714GiB
14:02:37,biostream_mcp,0.00%,0B / 0B
14:02:37,biostream_qdrant,0.01%,150.9MiB / 9.714GiB
14:02:37,biostream_db,0.00%,39.36MiB / 9.714GiB
14:02:41,courseregistrationplatform-k6-run-ec8147916cd5,9.77%,746.2MiB / 9.714GiB
14:02:41,courseregistrationplatform-backend_2-1,11.51%,85.09MiB / 9.714GiB
14:02:41,courseregistrationplatform-backend_1-1,14.06%,102.6MiB / 9.714GiB
14:02:41,courseregistrationplatform-frontend-1,0.00%,22.23MiB / 9.714GiB
14:02:41,courseregistrationplatform-worker_1-1,0.57%,29.88MiB / 9.714GiB
14:02:41,courseregistrationplatform-worker_2-1,0.41%,30.41MiB / 9.714GiB
14:02:41,courseregistrationplatform-nginx-1,2.53%,26.59MiB / 9.714GiB
14:02:41,courseregistrationplatform-ai-server-1,0.15%,132.2MiB / 9.714GiB
14:02:41,courseregistrationplatform-db-1,1.69%,436.6MiB / 9.714GiB
14:02:41,courseregistrationplatform-rabbitmq-1,0.78%,143MiB / 9.714GiB
14:02:41,courseregistrationplatform-redis-1,1.61%,9.449MiB / 9.714GiB
14:02:41,courseregistrationplatform-grafana-1,0.03%,110.9MiB / 9.714GiB
14:02:41,courseregistrationplatform-prometheus-1,0.43%,68.23MiB / 9.714GiB
14:02:41,sugang-control-plane,6.49%,858.8MiB / 9.714GiB
14:02:41,sugang-worker,1.82%,643.3MiB / 9.714GiB
14:02:41,sugang-worker2,4.89%,1.081GiB / 9.714GiB
14:02:41,biostream_api,3.44%,226.3MiB / 9.714GiB
14:02:41,biostream_mcp,0.00%,0B / 0B
14:02:41,biostream_qdrant,1.60%,150.9MiB / 9.714GiB
14:02:41,biostream_db,0.00%,39.36MiB / 9.714GiB
14:02:46,courseregistrationplatform-k6-run-ec8147916cd5,36.05%,738MiB / 9.714GiB
14:02:46,courseregistrationplatform-backend_2-1,11.55%,85.34MiB / 9.714GiB
14:02:46,courseregistrationplatform-backend_1-1,10.79%,102.6MiB / 9.714GiB
14:02:46,courseregistrationplatform-frontend-1,0.00%,22.23MiB / 9.714GiB
14:02:46,courseregistrationplatform-worker_1-1,0.63%,30.4MiB / 9.714GiB
14:02:46,courseregistrationplatform-worker_2-1,0.92%,30.09MiB / 9.714GiB
14:02:46,courseregistrationplatform-nginx-1,2.71%,26.54MiB / 9.714GiB
14:02:46,courseregistrationplatform-ai-server-1,0.15%,132.2MiB / 9.714GiB
14:02:46,courseregistrationplatform-db-1,2.03%,436.7MiB / 9.714GiB
14:02:46,courseregistrationplatform-rabbitmq-1,0.83%,143.1MiB / 9.714GiB
14:02:46,courseregistrationplatform-redis-1,1.64%,9.695MiB / 9.714GiB
14:02:46,courseregistrationplatform-grafana-1,0.04%,110.9MiB / 9.714GiB
14:02:46,courseregistrationplatform-prometheus-1,0.42%,68.23MiB / 9.714GiB
14:02:46,sugang-control-plane,5.14%,858MiB / 9.714GiB
14:02:46,sugang-worker,1.90%,651.6MiB / 9.714GiB
14:02:46,sugang-worker2,6.01%,1.08GiB / 9.714GiB
14:02:46,biostream_api,4.93%,226MiB / 9.714GiB
14:02:46,biostream_mcp,0.00%,0B / 0B
14:02:46,biostream_qdrant,0.07%,150.9MiB / 9.714GiB
14:02:46,biostream_db,0.00%,39.36MiB / 9.714GiB
14:02:50,courseregistrationplatform-k6-run-ec8147916cd5,14.86%,737.5MiB / 9.714GiB
14:02:50,courseregistrationplatform-backend_2-1,13.04%,85.32MiB / 9.714GiB
14:02:50,courseregistrationplatform-backend_1-1,13.46%,102.6MiB / 9.714GiB
14:02:50,courseregistrationplatform-frontend-1,0.00%,22.23MiB / 9.714GiB
14:02:50,courseregistrationplatform-worker_1-1,0.53%,30.14MiB / 9.714GiB
14:02:50,courseregistrationplatform-worker_2-1,0.64%,29.78MiB / 9.714GiB
14:02:50,courseregistrationplatform-nginx-1,3.56%,26.35MiB / 9.714GiB
14:02:50,courseregistrationplatform-ai-server-1,0.19%,132.2MiB / 9.714GiB
14:02:50,courseregistrationplatform-db-1,2.12%,436.7MiB / 9.714GiB
14:02:50,courseregistrationplatform-rabbitmq-1,0.71%,143.3MiB / 9.714GiB
14:02:50,courseregistrationplatform-redis-1,2.17%,9.453MiB / 9.714GiB
14:02:50,courseregistrationplatform-grafana-1,0.05%,110.9MiB / 9.714GiB
14:02:50,courseregistrationplatform-prometheus-1,0.13%,68.23MiB / 9.714GiB
14:02:50,sugang-control-plane,6.23%,856.5MiB / 9.714GiB
14:02:50,sugang-worker,2.73%,651.9MiB / 9.714GiB
14:02:50,sugang-worker2,1.89%,1.08GiB / 9.714GiB
14:02:50,biostream_api,5.55%,225.8MiB / 9.714GiB
14:02:50,biostream_mcp,0.00%,0B / 0B
14:02:50,biostream_qdrant,0.02%,150.9MiB / 9.714GiB
14:02:50,biostream_db,0.00%,39.36MiB / 9.714GiB
14:02:55,courseregistrationplatform-k6-run-ec8147916cd5,11.28%,737.9MiB / 9.714GiB
14:02:55,courseregistrationplatform-backend_2-1,12.81%,85.1MiB / 9.714GiB
14:02:55,courseregistrationplatform-backend_1-1,13.04%,61.04MiB / 9.714GiB
14:02:55,courseregistrationplatform-frontend-1,0.00%,22.23MiB / 9.714GiB
14:02:55,courseregistrationplatform-worker_1-1,1.18%,29.68MiB / 9.714GiB
14:02:55,courseregistrationplatform-worker_2-1,0.80%,30.3MiB / 9.714GiB
14:02:55,courseregistrationplatform-nginx-1,3.06%,26.21MiB / 9.714GiB
14:02:55,courseregistrationplatform-ai-server-1,0.15%,132.2MiB / 9.714GiB
14:02:55,courseregistrationplatform-db-1,2.29%,436.7MiB / 9.714GiB
14:02:55,courseregistrationplatform-rabbitmq-1,0.94%,143.3MiB / 9.714GiB
14:02:55,courseregistrationplatform-redis-1,1.99%,9.711MiB / 9.714GiB
14:02:55,courseregistrationplatform-grafana-1,0.27%,110.9MiB / 9.714GiB
14:02:55,courseregistrationplatform-prometheus-1,0.08%,68.48MiB / 9.714GiB
14:02:55,sugang-control-plane,4.87%,856.5MiB / 9.714GiB
14:02:55,sugang-worker,2.60%,652.3MiB / 9.714GiB
14:02:55,sugang-worker2,1.81%,1.08GiB / 9.714GiB
14:02:55,biostream_api,3.90%,225.8MiB / 9.714GiB
14:02:55,biostream_mcp,0.00%,0B / 0B
14:02:55,biostream_qdrant,0.01%,150.9MiB / 9.714GiB
14:02:55,biostream_db,0.00%,39.36MiB / 9.714GiB
14:02:59,courseregistrationplatform-k6-run-ec8147916cd5,10.62%,737.2MiB / 9.714GiB
14:02:59,courseregistrationplatform-backend_2-1,12.72%,85.33MiB / 9.714GiB
14:02:59,courseregistrationplatform-backend_1-1,14.37%,67.57MiB / 9.714GiB
14:02:59,courseregistrationplatform-frontend-1,0.00%,22.22MiB / 9.714GiB
14:02:59,courseregistrationplatform-worker_1-1,1.17%,30.43MiB / 9.714GiB
14:02:59,courseregistrationplatform-worker_2-1,1.24%,30.39MiB / 9.714GiB
14:02:59,courseregistrationplatform-nginx-1,2.87%,26.09MiB / 9.714GiB
14:02:59,courseregistrationplatform-ai-server-1,0.16%,132.2MiB / 9.714GiB
14:02:59,courseregistrationplatform-db-1,2.11%,436.7MiB / 9.714GiB
14:02:59,courseregistrationplatform-rabbitmq-1,1.19%,143.5MiB / 9.714GiB
14:02:59,courseregistrationplatform-redis-1,1.92%,9.469MiB / 9.714GiB
14:02:59,courseregistrationplatform-grafana-1,0.02%,110.9MiB / 9.714GiB
14:02:59,courseregistrationplatform-prometheus-1,0.07%,68.5MiB / 9.714GiB
14:02:59,sugang-control-plane,5.94%,857.1MiB / 9.714GiB
14:02:59,sugang-worker,2.82%,666.5MiB / 9.714GiB
14:02:59,sugang-worker2,3.20%,1.081GiB / 9.714GiB
14:02:59,biostream_api,3.11%,226.1MiB / 9.714GiB
14:02:59,biostream_mcp,62.35%,90.47MiB / 9.714GiB
14:02:59,biostream_qdrant,0.01%,151.3MiB / 9.714GiB
14:02:59,biostream_db,0.00%,39.35MiB / 9.714GiB
14:03:03,courseregistrationplatform-k6-run-ec8147916cd5,11.14%,738.1MiB / 9.714GiB
14:03:03,courseregistrationplatform-backend_2-1,10.97%,85.28MiB / 9.714GiB
14:03:03,courseregistrationplatform-backend_1-1,14.88%,76.32MiB / 9.714GiB
14:03:03,courseregistrationplatform-frontend-1,0.00%,22.23MiB / 9.714GiB
14:03:03,courseregistrationplatform-worker_1-1,0.65%,29.77MiB / 9.714GiB
14:03:03,courseregistrationplatform-worker_2-1,0.86%,30.03MiB / 9.714GiB
14:03:03,courseregistrationplatform-nginx-1,2.83%,26.11MiB / 9.714GiB
14:03:03,courseregistrationplatform-ai-server-1,0.15%,132.2MiB / 9.714GiB
14:03:03,courseregistrationplatform-db-1,4.14%,437.8MiB / 9.714GiB
14:03:03,courseregistrationplatform-rabbitmq-1,0.93%,143.7MiB / 9.714GiB
14:03:03,courseregistrationplatform-redis-1,1.84%,9.441MiB / 9.714GiB
14:03:03,courseregistrationplatform-grafana-1,0.05%,111.1MiB / 9.714GiB
14:03:03,courseregistrationplatform-prometheus-1,0.08%,68.49MiB / 9.714GiB
14:03:03,sugang-control-plane,7.36%,858.3MiB / 9.714GiB
14:03:03,sugang-worker,3.53%,666.9MiB / 9.714GiB
14:03:03,sugang-worker2,5.72%,1.081GiB / 9.714GiB
14:03:03,biostream_api,3.86%,226.1MiB / 9.714GiB
14:03:03,biostream_mcp,0.00%,0B / 0B
14:03:03,biostream_qdrant,0.08%,151.6MiB / 9.714GiB
14:03:03,biostream_db,2.43%,39.39MiB / 9.714GiB
14:03:08,courseregistrationplatform-k6-run-ec8147916cd5,10.29%,737.9MiB / 9.714GiB
14:03:08,courseregistrationplatform-backend_2-1,10.69%,46.44MiB / 9.714GiB
14:03:08,courseregistrationplatform-backend_1-1,10.94%,81.59MiB / 9.714GiB
14:03:08,courseregistrationplatform-frontend-1,0.00%,22.23MiB / 9.714GiB
14:03:08,courseregistrationplatform-worker_1-1,1.66%,30.88MiB / 9.714GiB
14:03:08,courseregistrationplatform-worker_2-1,1.95%,29.82MiB / 9.714GiB
14:03:08,courseregistrationplatform-nginx-1,2.47%,25.89MiB / 9.714GiB
14:03:08,courseregistrationplatform-ai-server-1,0.14%,132.2MiB / 9.714GiB
14:03:08,courseregistrationplatform-db-1,1.82%,436.7MiB / 9.714GiB
14:03:08,courseregistrationplatform-rabbitmq-1,0.96%,143.9MiB / 9.714GiB
14:03:08,courseregistrationplatform-redis-1,1.79%,9.699MiB / 9.714GiB
14:03:08,courseregistrationplatform-grafana-1,0.11%,111.1MiB / 9.714GiB
14:03:08,courseregistrationplatform-prometheus-1,0.07%,68.5MiB / 9.714GiB
14:03:08,sugang-control-plane,6.84%,858.1MiB / 9.714GiB
14:03:08,sugang-worker,1.58%,666MiB / 9.714GiB
14:03:08,sugang-worker2,3.20%,1.081GiB / 9.714GiB
14:03:08,biostream_api,4.20%,226.1MiB / 9.714GiB
14:03:08,biostream_mcp,0.00%,0B / 0B
14:03:08,biostream_qdrant,0.06%,151.6MiB / 9.714GiB
14:03:08,biostream_db,0.00%,39.39MiB / 9.714GiB
14:03:12,courseregistrationplatform-k6-run-ec8147916cd5,10.45%,737.7MiB / 9.714GiB
14:03:12,courseregistrationplatform-backend_2-1,12.64%,51.61MiB / 9.714GiB
14:03:12,courseregistrationplatform-backend_1-1,10.29%,91.18MiB / 9.714GiB
14:03:12,courseregistrationplatform-frontend-1,0.00%,22.23MiB / 9.714GiB
14:03:12,courseregistrationplatform-worker_1-1,0.66%,30.35MiB / 9.714GiB
14:03:12,courseregistrationplatform-worker_2-1,0.64%,30.62MiB / 9.714GiB
14:03:12,courseregistrationplatform-nginx-1,2.59%,25.28MiB / 9.714GiB
14:03:12,courseregistrationplatform-ai-server-1,0.15%,132.2MiB / 9.714GiB
14:03:12,courseregistrationplatform-db-1,1.94%,437MiB / 9.714GiB
14:03:12,courseregistrationplatform-rabbitmq-1,1.18%,143.9MiB / 9.714GiB
14:03:12,courseregistrationplatform-redis-1,1.72%,9.449MiB / 9.714GiB
14:03:12,courseregistrationplatform-grafana-1,0.03%,111.1MiB / 9.714GiB
14:03:12,courseregistrationplatform-prometheus-1,0.08%,68.5MiB / 9.714GiB
14:03:12,sugang-control-plane,6.30%,859.2MiB / 9.714GiB
14:03:12,sugang-worker,3.98%,666.2MiB / 9.714GiB
14:03:12,sugang-worker2,2.44%,1.081GiB / 9.714GiB
14:03:12,biostream_api,5.14%,226.3MiB / 9.714GiB
14:03:12,biostream_mcp,0.00%,0B / 0B
14:03:12,biostream_qdrant,0.01%,151.6MiB / 9.714GiB
14:03:12,biostream_db,0.01%,39.39MiB / 9.714GiB
14:03:17,courseregistrationplatform-k6-run-ec8147916cd5,12.48%,737.9MiB / 9.714GiB
14:03:17,courseregistrationplatform-backend_2-1,9.88%,57.88MiB / 9.714GiB
14:03:17,courseregistrationplatform-backend_1-1,10.17%,91.11MiB / 9.714GiB
14:03:17,courseregistrationplatform-frontend-1,0.00%,22.23MiB / 9.714GiB
14:03:17,courseregistrationplatform-worker_1-1,0.70%,30.54MiB / 9.714GiB
14:03:17,courseregistrationplatform-worker_2-1,0.72%,30.66MiB / 9.714GiB
14:03:17,courseregistrationplatform-nginx-1,2.32%,25.36MiB / 9.714GiB
14:03:17,courseregistrationplatform-ai-server-1,0.16%,132.2MiB / 9.714GiB
14:03:17,courseregistrationplatform-db-1,1.66%,436.7MiB / 9.714GiB
14:03:17,courseregistrationplatform-rabbitmq-1,1.10%,143.9MiB / 9.714GiB
14:03:17,courseregistrationplatform-redis-1,1.60%,9.453MiB / 9.714GiB
14:03:17,courseregistrationplatform-grafana-1,0.03%,111.1MiB / 9.714GiB
14:03:17,courseregistrationplatform-prometheus-1,0.10%,68.5MiB / 9.714GiB
14:03:17,sugang-control-plane,5.04%,857.9MiB / 9.714GiB
14:03:17,sugang-worker,1.54%,666.3MiB / 9.714GiB
14:03:17,sugang-worker2,3.51%,1.08GiB / 9.714GiB
14:03:17,biostream_api,5.04%,226.1MiB / 9.714GiB
14:03:17,biostream_mcp,0.00%,0B / 0B
14:03:17,biostream_qdrant,0.01%,151.6MiB / 9.714GiB
14:03:17,biostream_db,0.00%,39.39MiB / 9.714GiB
14:03:22,courseregistrationplatform-k6-run-ec8147916cd5,6.88%,737.5MiB / 9.714GiB
14:03:22,courseregistrationplatform-backend_2-1,5.33%,57.51MiB / 9.714GiB
14:03:22,courseregistrationplatform-backend_1-1,5.46%,90.87MiB / 9.714GiB
14:03:22,courseregistrationplatform-frontend-1,0.00%,22.23MiB / 9.714GiB
14:03:22,courseregistrationplatform-worker_1-1,0.14%,30.59MiB / 9.714GiB
14:03:22,courseregistrationplatform-worker_2-1,0.12%,30.05MiB / 9.714GiB
14:03:22,courseregistrationplatform-nginx-1,1.33%,24.95MiB / 9.714GiB
14:03:22,courseregistrationplatform-ai-server-1,0.14%,132.2MiB / 9.714GiB
14:03:22,courseregistrationplatform-db-1,0.68%,436.7MiB / 9.714GiB
14:03:22,courseregistrationplatform-rabbitmq-1,0.36%,143.9MiB / 9.714GiB
14:03:22,courseregistrationplatform-redis-1,0.99%,9.449MiB / 9.714GiB
14:03:22,courseregistrationplatform-grafana-1,0.03%,111.1MiB / 9.714GiB
14:03:22,courseregistrationplatform-prometheus-1,0.06%,68.5MiB / 9.714GiB
14:03:22,sugang-control-plane,6.00%,857.7MiB / 9.714GiB
14:03:22,sugang-worker,2.06%,667MiB / 9.714GiB
14:03:22,sugang-worker2,2.21%,1.08GiB / 9.714GiB
14:03:22,biostream_api,4.80%,225.9MiB / 9.714GiB
14:03:22,biostream_mcp,0.00%,0B / 0B
14:03:22,biostream_qdrant,1.45%,151.6MiB / 9.714GiB
14:03:22,biostream_db,0.01%,39.39MiB / 9.714GiB
14:03:26,courseregistrationplatform-k6-run-ec8147916cd5,8.04%,737.6MiB / 9.714GiB
14:03:26,courseregistrationplatform-backend_2-1,6.53%,64.08MiB / 9.714GiB
14:03:26,courseregistrationplatform-backend_1-1,5.58%,91.16MiB / 9.714GiB
14:03:26,courseregistrationplatform-frontend-1,0.00%,22.23MiB / 9.714GiB
14:03:26,courseregistrationplatform-worker_1-1,0.46%,30.03MiB / 9.714GiB
14:03:26,courseregistrationplatform-worker_2-1,0.40%,30.33MiB / 9.714GiB
14:03:26,courseregistrationplatform-nginx-1,1.38%,25.36MiB / 9.714GiB
14:03:26,courseregistrationplatform-ai-server-1,0.13%,132.2MiB / 9.714GiB
14:03:26,courseregistrationplatform-db-1,1.24%,436.8MiB / 9.714GiB
14:03:26,courseregistrationplatform-rabbitmq-1,0.56%,144MiB / 9.714GiB
14:03:26,courseregistrationplatform-redis-1,1.07%,9.707MiB / 9.714GiB
14:03:26,courseregistrationplatform-grafana-1,0.04%,111.1MiB / 9.714GiB
14:03:26,courseregistrationplatform-prometheus-1,0.47%,68.75MiB / 9.714GiB
14:03:26,sugang-control-plane,4.94%,857.2MiB / 9.714GiB
14:03:26,sugang-worker,1.30%,666.7MiB / 9.714GiB
14:03:26,sugang-worker2,3.40%,1.081GiB / 9.714GiB
14:03:26,biostream_api,4.98%,226.1MiB / 9.714GiB
14:03:26,biostream_mcp,0.00%,0B / 0B
14:03:26,biostream_qdrant,0.07%,151.6MiB / 9.714GiB
14:03:26,biostream_db,0.00%,39.39MiB / 9.714GiB
14:03:30,courseregistrationplatform-k6-run-ec8147916cd5,7.31%,737.2MiB / 9.714GiB
14:03:30,courseregistrationplatform-backend_2-1,6.55%,73.49MiB / 9.714GiB
14:03:30,courseregistrationplatform-backend_1-1,5.35%,91.52MiB / 9.714GiB
14:03:30,courseregistrationplatform-frontend-1,0.00%,22.23MiB / 9.714GiB
14:03:30,courseregistrationplatform-worker_1-1,0.85%,31.16MiB / 9.714GiB
14:03:30,courseregistrationplatform-worker_2-1,0.71%,30.04MiB / 9.714GiB
14:03:30,courseregistrationplatform-nginx-1,1.31%,24.65MiB / 9.714GiB
14:03:30,courseregistrationplatform-ai-server-1,0.13%,132.2MiB / 9.714GiB
14:03:30,courseregistrationplatform-db-1,1.52%,436.8MiB / 9.714GiB
14:03:30,courseregistrationplatform-rabbitmq-1,0.95%,144MiB / 9.714GiB
14:03:30,courseregistrationplatform-redis-1,1.00%,9.461MiB / 9.714GiB
14:03:30,courseregistrationplatform-grafana-1,0.03%,111.1MiB / 9.714GiB
14:03:30,courseregistrationplatform-prometheus-1,0.38%,68.51MiB / 9.714GiB
14:03:30,sugang-control-plane,4.21%,857.5MiB / 9.714GiB
14:03:30,sugang-worker,2.77%,666.7MiB / 9.714GiB
14:03:30,sugang-worker2,1.85%,1.081GiB / 9.714GiB
14:03:30,biostream_api,3.66%,225.8MiB / 9.714GiB
14:03:30,biostream_mcp,0.00%,0B / 0B
14:03:30,biostream_qdrant,0.02%,151.6MiB / 9.714GiB
14:03:30,biostream_db,0.36%,39.39MiB / 9.714GiB
14:03:35,courseregistrationplatform-k6-run-ec8147916cd5,6.46%,737.5MiB / 9.714GiB
14:03:35,courseregistrationplatform-backend_2-1,4.50%,73.96MiB / 9.714GiB
14:03:35,courseregistrationplatform-backend_1-1,7.23%,91.81MiB / 9.714GiB
14:03:35,courseregistrationplatform-frontend-1,0.00%,22.23MiB / 9.714GiB
14:03:35,courseregistrationplatform-worker_1-1,0.71%,30.5MiB / 9.714GiB
14:03:35,courseregistrationplatform-worker_2-1,0.56%,30.89MiB / 9.714GiB
14:03:35,courseregistrationplatform-nginx-1,1.08%,24.72MiB / 9.714GiB
14:03:35,courseregistrationplatform-ai-server-1,0.13%,132.2MiB / 9.714GiB
14:03:35,courseregistrationplatform-db-1,1.66%,437.3MiB / 9.714GiB
14:03:35,courseregistrationplatform-rabbitmq-1,0.75%,144.1MiB / 9.714GiB
14:03:35,courseregistrationplatform-redis-1,0.89%,9.699MiB / 9.714GiB
14:03:35,courseregistrationplatform-grafana-1,0.49%,111.1MiB / 9.714GiB
14:03:35,courseregistrationplatform-prometheus-1,0.08%,68.5MiB / 9.714GiB
14:03:35,sugang-control-plane,3.34%,858.3MiB / 9.714GiB
14:03:35,sugang-worker,9.25%,666.3MiB / 9.714GiB
14:03:35,sugang-worker2,1.44%,1.081GiB / 9.714GiB
14:03:35,biostream_api,4.78%,226.1MiB / 9.714GiB
14:03:35,biostream_mcp,0.00%,0B / 0B
14:03:35,biostream_qdrant,0.01%,151.6MiB / 9.714GiB
14:03:35,biostream_db,0.00%,39.39MiB / 9.714GiB
14:03:39,courseregistrationplatform-k6-run-ec8147916cd5,8.71%,736.9MiB / 9.714GiB
14:03:39,courseregistrationplatform-backend_2-1,6.53%,73.19MiB / 9.714GiB
14:03:39,courseregistrationplatform-backend_1-1,3.57%,91.57MiB / 9.714GiB
14:03:39,courseregistrationplatform-frontend-1,0.01%,22.23MiB / 9.714GiB
14:03:39,courseregistrationplatform-worker_1-1,0.64%,30.04MiB / 9.714GiB
14:03:39,courseregistrationplatform-worker_2-1,0.54%,30.13MiB / 9.714GiB
14:03:39,courseregistrationplatform-nginx-1,1.03%,24.53MiB / 9.714GiB
14:03:39,courseregistrationplatform-ai-server-1,0.14%,132.2MiB / 9.714GiB
14:03:39,courseregistrationplatform-db-1,1.50%,436.8MiB / 9.714GiB
14:03:39,courseregistrationplatform-rabbitmq-1,0.71%,144MiB / 9.714GiB
14:03:39,courseregistrationplatform-redis-1,0.81%,9.699MiB / 9.714GiB
14:03:39,courseregistrationplatform-grafana-1,0.03%,111.1MiB / 9.714GiB
14:03:39,courseregistrationplatform-prometheus-1,0.06%,72.79MiB / 9.714GiB
14:03:39,sugang-control-plane,4.95%,858.3MiB / 9.714GiB
14:03:39,sugang-worker,2.01%,666.7MiB / 9.714GiB
14:03:39,sugang-worker2,1.67%,1.081GiB / 9.714GiB
14:03:39,biostream_api,4.18%,225.9MiB / 9.714GiB
14:03:39,biostream_mcp,0.00%,0B / 0B
14:03:39,biostream_qdrant,0.02%,151.6MiB / 9.714GiB
14:03:39,biostream_db,0.00%,39.39MiB / 9.714GiB
14:03:43,courseregistrationplatform-k6-run-ec8147916cd5,5.62%,736.9MiB / 9.714GiB
14:03:43,courseregistrationplatform-backend_2-1,4.13%,72.94MiB / 9.714GiB
14:03:43,courseregistrationplatform-backend_1-1,4.11%,91.59MiB / 9.714GiB
14:03:43,courseregistrationplatform-frontend-1,0.00%,22.23MiB / 9.714GiB
14:03:43,courseregistrationplatform-worker_1-1,0.91%,30.66MiB / 9.714GiB
14:03:43,courseregistrationplatform-worker_2-1,1.06%,30.74MiB / 9.714GiB
14:03:43,courseregistrationplatform-nginx-1,1.03%,24.03MiB / 9.714GiB
14:03:43,courseregistrationplatform-ai-server-1,0.13%,132.2MiB / 9.714GiB
14:03:43,courseregistrationplatform-db-1,1.66%,437MiB / 9.714GiB
14:03:43,courseregistrationplatform-rabbitmq-1,0.97%,144.6MiB / 9.714GiB
14:03:43,courseregistrationplatform-redis-1,0.84%,9.699MiB / 9.714GiB
14:03:43,courseregistrationplatform-grafana-1,0.05%,111.1MiB / 9.714GiB
14:03:43,courseregistrationplatform-prometheus-1,0.18%,72.79MiB / 9.714GiB
14:03:43,sugang-control-plane,6.70%,859.8MiB / 9.714GiB
14:03:43,sugang-worker,1.56%,674.9MiB / 9.714GiB
14:03:43,sugang-worker2,6.12%,1.089GiB / 9.714GiB
14:03:43,biostream_api,4.64%,226.1MiB / 9.714GiB
14:03:43,biostream_mcp,0.00%,0B / 0B
14:03:43,biostream_qdrant,0.06%,151.6MiB / 9.714GiB
14:03:43,biostream_db,0.00%,39.39MiB / 9.714GiB
14:03:48,courseregistrationplatform-k6-run-ec8147916cd5,4.46%,736.8MiB / 9.714GiB
14:03:48,courseregistrationplatform-backend_2-1,2.98%,72.95MiB / 9.714GiB
14:03:48,courseregistrationplatform-backend_1-1,2.91%,91.81MiB / 9.714GiB
14:03:48,courseregistrationplatform-frontend-1,0.00%,22.23MiB / 9.714GiB
14:03:48,courseregistrationplatform-worker_1-1,1.00%,30.53MiB / 9.714GiB
14:03:48,courseregistrationplatform-worker_2-1,0.71%,30.37MiB / 9.714GiB
14:03:48,courseregistrationplatform-nginx-1,0.91%,24.42MiB / 9.714GiB
14:03:48,courseregistrationplatform-ai-server-1,0.13%,132.2MiB / 9.714GiB
14:03:48,courseregistrationplatform-db-1,1.58%,437MiB / 9.714GiB
14:03:48,courseregistrationplatform-rabbitmq-1,0.99%,144.1MiB / 9.714GiB
14:03:48,courseregistrationplatform-redis-1,0.75%,9.457MiB / 9.714GiB
14:03:48,courseregistrationplatform-grafana-1,0.08%,111.1MiB / 9.714GiB
14:03:48,courseregistrationplatform-prometheus-1,0.06%,72.97MiB / 9.714GiB
14:03:48,sugang-control-plane,6.21%,857.8MiB / 9.714GiB
14:03:48,sugang-worker,1.53%,675.2MiB / 9.714GiB
14:03:48,sugang-worker2,1.90%,1.088GiB / 9.714GiB
14:03:48,biostream_api,3.74%,225.9MiB / 9.714GiB
14:03:48,biostream_mcp,0.00%,0B / 0B
14:03:48,biostream_qdrant,0.06%,151.6MiB / 9.714GiB
14:03:48,biostream_db,1.84%,39.39MiB / 9.714GiB
14:03:52,courseregistrationplatform-k6-run-ec8147916cd5,2.05%,736.4MiB / 9.714GiB
14:03:52,courseregistrationplatform-backend_2-1,1.35%,73.2MiB / 9.714GiB
14:03:52,courseregistrationplatform-backend_1-1,1.12%,91.57MiB / 9.714GiB
14:03:52,courseregistrationplatform-frontend-1,0.00%,22.23MiB / 9.714GiB
14:03:52,courseregistrationplatform-worker_1-1,0.49%,30.72MiB / 9.714GiB
14:03:52,courseregistrationplatform-worker_2-1,0.40%,30.71MiB / 9.714GiB
14:03:52,courseregistrationplatform-nginx-1,0.35%,23.87MiB / 9.714GiB
14:03:52,courseregistrationplatform-ai-server-1,0.13%,132.2MiB / 9.714GiB
14:03:52,courseregistrationplatform-db-1,1.28%,436.8MiB / 9.714GiB
14:03:52,courseregistrationplatform-rabbitmq-1,0.82%,144.1MiB / 9.714GiB
14:03:52,courseregistrationplatform-redis-1,0.48%,9.707MiB / 9.714GiB
14:03:52,courseregistrationplatform-grafana-1,0.04%,111.1MiB / 9.714GiB
14:03:52,courseregistrationplatform-prometheus-1,0.07%,73.16MiB / 9.714GiB
14:03:52,sugang-control-plane,3.94%,858.1MiB / 9.714GiB
14:03:52,sugang-worker,1.25%,674.9MiB / 9.714GiB
14:03:52,sugang-worker2,2.13%,1.089GiB / 9.714GiB
14:03:52,biostream_api,4.70%,225.9MiB / 9.714GiB
14:03:52,biostream_mcp,0.00%,0B / 0B
14:03:52,biostream_qdrant,0.01%,151.6MiB / 9.714GiB
14:03:52,biostream_db,1.68%,39.39MiB / 9.714GiB
14:03:57,courseregistrationplatform-k6-run-ec8147916cd5,1.87%,736.4MiB / 9.714GiB
14:03:57,courseregistrationplatform-backend_2-1,2.32%,57.53MiB / 9.714GiB
14:03:57,courseregistrationplatform-backend_1-1,1.75%,91.57MiB / 9.714GiB
14:03:57,courseregistrationplatform-frontend-1,0.00%,22.23MiB / 9.714GiB
14:03:57,courseregistrationplatform-worker_1-1,0.83%,29.98MiB / 9.714GiB
14:03:57,courseregistrationplatform-worker_2-1,0.60%,30.04MiB / 9.714GiB
14:03:57,courseregistrationplatform-nginx-1,0.53%,23.48MiB / 9.714GiB
14:03:57,courseregistrationplatform-ai-server-1,0.14%,132.2MiB / 9.714GiB
14:03:57,courseregistrationplatform-db-1,2.20%,437.1MiB / 9.714GiB
14:03:57,courseregistrationplatform-rabbitmq-1,1.21%,144.4MiB / 9.714GiB
14:03:57,courseregistrationplatform-redis-1,0.63%,9.953MiB / 9.714GiB
14:03:57,courseregistrationplatform-grafana-1,0.04%,111.1MiB / 9.714GiB
14:03:57,courseregistrationplatform-prometheus-1,0.09%,73.17MiB / 9.714GiB
14:03:57,sugang-control-plane,4.05%,857.6MiB / 9.714GiB
14:03:57,sugang-worker,2.34%,675.2MiB / 9.714GiB
14:03:57,sugang-worker2,1.70%,1.089GiB / 9.714GiB
14:03:57,biostream_api,3.25%,225.9MiB / 9.714GiB
14:03:57,biostream_mcp,0.00%,0B / 0B
14:03:57,biostream_qdrant,0.01%,151.6MiB / 9.714GiB
14:03:57,biostream_db,0.00%,39.39MiB / 9.714GiB
14:04:01,courseregistrationplatform-k6-run-ec8147916cd5,1.82%,736.1MiB / 9.714GiB
14:04:01,courseregistrationplatform-backend_2-1,3.27%,48.41MiB / 9.714GiB
14:04:01,courseregistrationplatform-backend_1-1,2.02%,91.57MiB / 9.714GiB
14:04:01,courseregistrationplatform-frontend-1,0.00%,22.21MiB / 9.714GiB
14:04:01,courseregistrationplatform-worker_1-1,0.69%,30.23MiB / 9.714GiB
14:04:01,courseregistrationplatform-worker_2-1,0.91%,30.23MiB / 9.714GiB
14:04:01,courseregistrationplatform-nginx-1,0.51%,23.28MiB / 9.714GiB
14:04:01,courseregistrationplatform-ai-server-1,0.15%,132.4MiB / 9.714GiB
14:04:01,courseregistrationplatform-db-1,1.81%,436.8MiB / 9.714GiB
14:04:01,courseregistrationplatform-rabbitmq-1,1.29%,144.4MiB / 9.714GiB
14:04:01,courseregistrationplatform-redis-1,0.64%,9.715MiB / 9.714GiB
14:04:01,courseregistrationplatform-grafana-1,0.04%,111.4MiB / 9.714GiB
14:04:01,courseregistrationplatform-prometheus-1,0.50%,73.17MiB / 9.714GiB
14:04:01,sugang-control-plane,7.86%,859.9MiB / 9.714GiB
14:04:01,sugang-worker,1.82%,675.5MiB / 9.714GiB
14:04:01,sugang-worker2,2.27%,1.09GiB / 9.714GiB
14:04:01,biostream_api,2.83%,226.7MiB / 9.714GiB
14:04:01,biostream_qdrant,1.37%,152.9MiB / 9.714GiB
14:04:01,biostream_db,0.00%,39.37MiB / 9.714GiB
14:04:06,courseregistrationplatform-k6-run-ec8147916cd5,1.61%,735.9MiB / 9.714GiB
14:04:06,courseregistrationplatform-backend_2-1,1.02%,49.75MiB / 9.714GiB
14:04:06,courseregistrationplatform-backend_1-1,0.74%,91.57MiB / 9.714GiB
14:04:06,courseregistrationplatform-frontend-1,0.00%,22.23MiB / 9.714GiB
14:04:06,courseregistrationplatform-worker_1-1,0.24%,30.89MiB / 9.714GiB
14:04:06,courseregistrationplatform-worker_2-1,0.39%,30.52MiB / 9.714GiB
14:04:06,courseregistrationplatform-nginx-1,0.24%,23.05MiB / 9.714GiB
14:04:06,courseregistrationplatform-ai-server-1,0.13%,132.4MiB / 9.714GiB
14:04:06,courseregistrationplatform-db-1,1.14%,436.8MiB / 9.714GiB
14:04:06,courseregistrationplatform-rabbitmq-1,0.48%,144.2MiB / 9.714GiB
14:04:06,courseregistrationplatform-redis-1,0.44%,9.715MiB / 9.714GiB
14:04:06,courseregistrationplatform-grafana-1,0.03%,114MiB / 9.714GiB
14:04:06,courseregistrationplatform-prometheus-1,0.39%,73.17MiB / 9.714GiB
14:04:06,sugang-control-plane,4.47%,860.4MiB / 9.714GiB
14:04:06,sugang-worker,4.88%,675.2MiB / 9.714GiB
14:04:06,sugang-worker2,4.38%,1.104GiB / 9.714GiB
14:04:06,biostream_api,3.67%,226.6MiB / 9.714GiB
14:04:06,biostream_mcp,0.00%,0B / 0B
14:04:06,biostream_qdrant,0.08%,152.9MiB / 9.714GiB
14:04:06,biostream_db,0.00%,39.42MiB / 9.714GiB
14:04:10,courseregistrationplatform-k6-run-ec8147916cd5,1.47%,735.7MiB / 9.714GiB
14:04:10,courseregistrationplatform-backend_2-1,2.04%,49.75MiB / 9.714GiB
14:04:10,courseregistrationplatform-backend_1-1,1.35%,71.6MiB / 9.714GiB
14:04:10,courseregistrationplatform-frontend-1,0.00%,22.23MiB / 9.714GiB
14:04:10,courseregistrationplatform-worker_1-1,0.67%,30.32MiB / 9.714GiB
14:04:10,courseregistrationplatform-worker_2-1,0.65%,31.3MiB / 9.714GiB
14:04:10,courseregistrationplatform-nginx-1,0.45%,23.09MiB / 9.714GiB
14:04:10,courseregistrationplatform-ai-server-1,0.13%,132.4MiB / 9.714GiB
14:04:10,courseregistrationplatform-db-1,1.69%,436.8MiB / 9.714GiB
14:04:10,courseregistrationplatform-rabbitmq-1,0.81%,144.5MiB / 9.714GiB
14:04:10,courseregistrationplatform-redis-1,0.55%,9.715MiB / 9.714GiB
14:04:10,courseregistrationplatform-grafana-1,0.05%,114MiB / 9.714GiB
14:04:10,courseregistrationplatform-prometheus-1,0.10%,73.17MiB / 9.714GiB
14:04:10,sugang-control-plane,5.42%,859.4MiB / 9.714GiB
14:04:10,sugang-worker,1.53%,675MiB / 9.714GiB
14:04:10,sugang-worker2,1.75%,1.104GiB / 9.714GiB
14:04:10,biostream_api,4.39%,226.7MiB / 9.714GiB
14:04:10,biostream_mcp,0.00%,0B / 0B
14:04:10,biostream_qdrant,0.01%,152.9MiB / 9.714GiB
14:04:10,biostream_db,0.00%,39.42MiB / 9.714GiB
14:04:14,courseregistrationplatform-k6-run-ec8147916cd5,1.43%,735.6MiB / 9.714GiB
14:04:14,courseregistrationplatform-backend_2-1,1.79%,50.23MiB / 9.714GiB
14:04:14,courseregistrationplatform-backend_1-1,4.09%,73.26MiB / 9.714GiB
14:04:14,courseregistrationplatform-frontend-1,0.00%,22.23MiB / 9.714GiB
14:04:14,courseregistrationplatform-worker_1-1,0.65%,30.66MiB / 9.714GiB
14:04:14,courseregistrationplatform-worker_2-1,0.57%,30.29MiB / 9.714GiB
14:04:14,courseregistrationplatform-nginx-1,0.40%,22.93MiB / 9.714GiB
14:04:14,courseregistrationplatform-ai-server-1,0.14%,132.4MiB / 9.714GiB
14:04:14,courseregistrationplatform-db-1,3.84%,437.1MiB / 9.714GiB
14:04:14,courseregistrationplatform-rabbitmq-1,0.81%,144.3MiB / 9.714GiB
14:04:14,courseregistrationplatform-redis-1,0.59%,9.711MiB / 9.714GiB
14:04:14,courseregistrationplatform-grafana-1,0.21%,114MiB / 9.714GiB
14:04:14,courseregistrationplatform-prometheus-1,0.07%,73.17MiB / 9.714GiB
14:04:14,sugang-control-plane,6.42%,860.9MiB / 9.714GiB
14:04:14,sugang-worker,1.80%,675.2MiB / 9.714GiB
14:04:14,sugang-worker2,2.57%,1.102GiB / 9.714GiB
14:04:14,biostream_api,3.91%,226.4MiB / 9.714GiB
14:04:14,biostream_mcp,0.00%,0B / 0B
14:04:14,biostream_qdrant,0.01%,152.9MiB / 9.714GiB
14:04:14,biostream_db,0.00%,39.42MiB / 9.714GiB
14:04:19,courseregistrationplatform-k6-run-ec8147916cd5,0.78%,735.7MiB / 9.714GiB
14:04:19,courseregistrationplatform-backend_2-1,0.69%,50.19MiB / 9.714GiB
14:04:19,courseregistrationplatform-backend_1-1,0.46%,73.26MiB / 9.714GiB
14:04:19,courseregistrationplatform-frontend-1,0.00%,22.23MiB / 9.714GiB
14:04:19,courseregistrationplatform-worker_1-1,0.24%,30.35MiB / 9.714GiB
14:04:19,courseregistrationplatform-worker_2-1,0.13%,30.92MiB / 9.714GiB
14:04:19,courseregistrationplatform-nginx-1,0.45%,22.5MiB / 9.714GiB
14:04:19,courseregistrationplatform-ai-server-1,0.14%,132.4MiB / 9.714GiB
14:04:19,courseregistrationplatform-db-1,0.78%,436.8MiB / 9.714GiB
14:04:19,courseregistrationplatform-rabbitmq-1,0.50%,144.3MiB / 9.714GiB
14:04:19,courseregistrationplatform-redis-1,0.40%,9.465MiB / 9.714GiB
14:04:19,courseregistrationplatform-grafana-1,0.08%,114MiB / 9.714GiB
14:04:19,courseregistrationplatform-prometheus-1,0.06%,73.17MiB / 9.714GiB
14:04:19,sugang-control-plane,5.11%,859.4MiB / 9.714GiB
14:04:19,sugang-worker,1.00%,675.5MiB / 9.714GiB
14:04:19,sugang-worker2,1.79%,1.102GiB / 9.714GiB
14:04:19,biostream_api,4.43%,226.6MiB / 9.714GiB
14:04:19,biostream_mcp,0.00%,0B / 0B
14:04:19,biostream_qdrant,0.06%,152.9MiB / 9.714GiB
14:04:19,biostream_db,0.00%,39.42MiB / 9.714GiB
14:04:23,courseregistrationplatform-k6-run-ec8147916cd5,1.20%,735.2MiB / 9.714GiB
14:04:23,courseregistrationplatform-backend_2-1,0.42%,51.03MiB / 9.714GiB
14:04:23,courseregistrationplatform-backend_1-1,0.89%,73.26MiB / 9.714GiB
14:04:23,courseregistrationplatform-frontend-1,0.00%,22.23MiB / 9.714GiB
14:04:23,courseregistrationplatform-worker_1-1,0.38%,30.6MiB / 9.714GiB
14:04:23,courseregistrationplatform-worker_2-1,0.40%,30.21MiB / 9.714GiB
14:04:23,courseregistrationplatform-nginx-1,0.35%,22.24MiB / 9.714GiB
14:04:23,courseregistrationplatform-ai-server-1,0.15%,132.4MiB / 9.714GiB
14:04:23,courseregistrationplatform-db-1,1.43%,436.8MiB / 9.714GiB
14:04:23,courseregistrationplatform-rabbitmq-1,0.63%,144.3MiB / 9.714GiB
14:04:23,courseregistrationplatform-redis-1,0.46%,9.715MiB / 9.714GiB
14:04:23,courseregistrationplatform-grafana-1,0.03%,114MiB / 9.714GiB
14:04:23,courseregistrationplatform-prometheus-1,0.06%,73.17MiB / 9.714GiB
14:04:23,sugang-control-plane,4.71%,859MiB / 9.714GiB
14:04:23,sugang-worker,2.94%,675.4MiB / 9.714GiB
14:04:23,sugang-worker2,4.01%,1.103GiB / 9.714GiB
14:04:23,biostream_api,4.49%,226.7MiB / 9.714GiB
14:04:23,biostream_mcp,0.00%,0B / 0B
14:04:23,biostream_qdrant,0.08%,152.9MiB / 9.714GiB
14:04:23,biostream_db,1.83%,39.43MiB / 9.714GiB
14:04:28,courseregistrationplatform-k6-run-ec8147916cd5,0.66%,735.1MiB / 9.714GiB
14:04:28,courseregistrationplatform-backend_2-1,0.37%,51.38MiB / 9.714GiB
14:04:28,courseregistrationplatform-backend_1-1,0.30%,73.26MiB / 9.714GiB
14:04:28,courseregistrationplatform-frontend-1,0.00%,22.23MiB / 9.714GiB
14:04:28,courseregistrationplatform-worker_1-1,0.42%,30.41MiB / 9.714GiB
14:04:28,courseregistrationplatform-worker_2-1,0.13%,30.92MiB / 9.714GiB
14:04:28,courseregistrationplatform-nginx-1,0.15%,22.11MiB / 9.714GiB
14:04:28,courseregistrationplatform-ai-server-1,0.13%,132.4MiB / 9.714GiB
14:04:28,courseregistrationplatform-db-1,0.70%,436.8MiB / 9.714GiB
14:04:28,courseregistrationplatform-rabbitmq-1,0.44%,144.3MiB / 9.714GiB
14:04:28,courseregistrationplatform-redis-1,0.35%,9.465MiB / 9.714GiB
14:04:28,courseregistrationplatform-grafana-1,0.11%,114MiB / 9.714GiB
14:04:28,courseregistrationplatform-prometheus-1,0.05%,73.17MiB / 9.714GiB
14:04:28,sugang-control-plane,4.86%,859MiB / 9.714GiB
14:04:28,sugang-worker,1.03%,675.7MiB / 9.714GiB
14:04:28,sugang-worker2,1.91%,1.103GiB / 9.714GiB
14:04:28,biostream_api,3.38%,226.4MiB / 9.714GiB
14:04:28,biostream_mcp,0.00%,0B / 0B
14:04:28,biostream_qdrant,0.06%,152.9MiB / 9.714GiB
14:04:28,biostream_db,0.00%,39.42MiB / 9.714GiB
14:04:32,courseregistrationplatform-k6-run-ec8147916cd5,0.79%,735MiB / 9.714GiB
14:04:32,courseregistrationplatform-backend_2-1,0.64%,51.8MiB / 9.714GiB
14:04:32,courseregistrationplatform-backend_1-1,0.46%,73.26MiB / 9.714GiB
14:04:32,courseregistrationplatform-frontend-1,0.00%,22.23MiB / 9.714GiB
14:04:32,courseregistrationplatform-worker_1-1,0.25%,30.79MiB / 9.714GiB
14:04:32,courseregistrationplatform-worker_2-1,0.28%,30.27MiB / 9.714GiB
14:04:32,courseregistrationplatform-nginx-1,0.18%,22MiB / 9.714GiB
14:04:32,courseregistrationplatform-ai-server-1,0.13%,132.4MiB / 9.714GiB
14:04:32,courseregistrationplatform-db-1,0.85%,436.8MiB / 9.714GiB
14:04:32,courseregistrationplatform-rabbitmq-1,0.60%,144.3MiB / 9.714GiB
14:04:32,courseregistrationplatform-redis-1,0.38%,9.465MiB / 9.714GiB
14:04:32,courseregistrationplatform-grafana-1,0.03%,114MiB / 9.714GiB
14:04:32,courseregistrationplatform-prometheus-1,0.06%,73.18MiB / 9.714GiB
14:04:32,sugang-control-plane,5.49%,859.6MiB / 9.714GiB
14:04:32,sugang-worker,1.20%,674.6MiB / 9.714GiB
14:04:32,sugang-worker2,1.69%,1.103GiB / 9.714GiB
14:04:32,biostream_api,4.57%,226.4MiB / 9.714GiB
14:04:32,biostream_mcp,0.00%,0B / 0B
14:04:32,biostream_qdrant,0.02%,152.9MiB / 9.714GiB
14:04:32,biostream_db,0.00%,39.42MiB / 9.714GiB
14:04:37,courseregistrationplatform-backend_2-1,0.00%,51.62MiB / 9.714GiB
14:04:37,courseregistrationplatform-backend_1-1,0.00%,73.26MiB / 9.714GiB
14:04:37,courseregistrationplatform-frontend-1,0.00%,22.23MiB / 9.714GiB
14:04:37,courseregistrationplatform-worker_1-1,0.01%,30.79MiB / 9.714GiB
14:04:37,courseregistrationplatform-worker_2-1,0.14%,30.35MiB / 9.714GiB
14:04:37,courseregistrationplatform-nginx-1,0.66%,19.34MiB / 9.714GiB
14:04:37,courseregistrationplatform-ai-server-1,0.15%,132.4MiB / 9.714GiB
14:04:37,courseregistrationplatform-db-1,0.53%,436.8MiB / 9.714GiB
14:04:37,courseregistrationplatform-rabbitmq-1,0.30%,144.3MiB / 9.714GiB
14:04:37,courseregistrationplatform-redis-1,0.38%,9.965MiB / 9.714GiB
14:04:37,courseregistrationplatform-grafana-1,0.30%,114.1MiB / 9.714GiB
14:04:37,courseregistrationplatform-prometheus-1,0.05%,73.18MiB / 9.714GiB
14:04:37,sugang-control-plane,4.88%,860.1MiB / 9.714GiB
14:04:37,sugang-worker,3.65%,673.9MiB / 9.714GiB
14:04:37,sugang-worker2,3.10%,1.104GiB / 9.714GiB
14:04:37,biostream_api,3.46%,226.9MiB / 9.714GiB
14:04:37,biostream_mcp,0.00%,0B / 0B
14:04:37,biostream_qdrant,0.06%,152.9MiB / 9.714GiB
14:04:37,biostream_db,0.00%,39.42MiB / 9.714GiB
14:04:41,courseregistrationplatform-backend_2-1,0.00%,51.62MiB / 9.714GiB
14:04:41,courseregistrationplatform-backend_1-1,0.00%,73.25MiB / 9.714GiB
14:04:41,courseregistrationplatform-frontend-1,0.00%,22.23MiB / 9.714GiB
14:04:41,courseregistrationplatform-worker_1-1,0.01%,30.8MiB / 9.714GiB
14:04:41,courseregistrationplatform-worker_2-1,0.01%,30.36MiB / 9.714GiB
14:04:41,courseregistrationplatform-nginx-1,0.00%,19.32MiB / 9.714GiB
14:04:41,courseregistrationplatform-ai-server-1,0.14%,132.4MiB / 9.714GiB
14:04:41,courseregistrationplatform-db-1,0.38%,436.8MiB / 9.714GiB
14:04:41,courseregistrationplatform-rabbitmq-1,0.33%,143.7MiB / 9.714GiB
14:04:41,courseregistrationplatform-redis-1,0.31%,9.465MiB / 9.714GiB
14:04:41,courseregistrationplatform-grafana-1,0.03%,114.1MiB / 9.714GiB
14:04:41,courseregistrationplatform-prometheus-1,0.31%,73.18MiB / 9.714GiB
14:04:41,sugang-control-plane,6.25%,861MiB / 9.714GiB
14:04:41,sugang-worker,2.09%,682.2MiB / 9.714GiB
14:04:41,sugang-worker2,2.50%,1.104GiB / 9.714GiB
14:04:41,biostream_api,4.55%,226.9MiB / 9.714GiB
14:04:41,biostream_mcp,0.00%,0B / 0B
14:04:41,biostream_qdrant,0.07%,152.9MiB / 9.714GiB
14:04:41,biostream_db,0.00%,39.43MiB / 9.714GiB
14:04:46,courseregistrationplatform-backend_2-1,0.03%,51.64MiB / 9.714GiB
14:04:46,courseregistrationplatform-backend_1-1,0.05%,73.25MiB / 9.714GiB
14:04:46,courseregistrationplatform-frontend-1,0.00%,22.23MiB / 9.714GiB
14:04:46,courseregistrationplatform-worker_1-1,0.00%,30.81MiB / 9.714GiB
14:04:46,courseregistrationplatform-worker_2-1,0.01%,30.36MiB / 9.714GiB
14:04:46,courseregistrationplatform-nginx-1,0.00%,19.32MiB / 9.714GiB
14:04:46,courseregistrationplatform-ai-server-1,0.14%,132.4MiB / 9.714GiB
14:04:46,courseregistrationplatform-db-1,0.36%,436.8MiB / 9.714GiB
14:04:46,courseregistrationplatform-rabbitmq-1,0.19%,143.6MiB / 9.714GiB
14:04:46,courseregistrationplatform-redis-1,0.32%,9.465MiB / 9.714GiB
14:04:46,courseregistrationplatform-grafana-1,0.03%,114.1MiB / 9.714GiB
14:04:46,courseregistrationplatform-prometheus-1,0.32%,73.18MiB / 9.714GiB
14:04:46,sugang-control-plane,6.76%,860.7MiB / 9.714GiB
14:04:46,sugang-worker,1.15%,682.4MiB / 9.714GiB
14:04:46,sugang-worker2,2.98%,1.103GiB / 9.714GiB
14:04:46,biostream_api,4.34%,226.9MiB / 9.714GiB
14:04:46,biostream_mcp,0.00%,0B / 0B
14:04:46,biostream_qdrant,0.02%,152.9MiB / 9.714GiB
14:04:46,biostream_db,0.00%,39.43MiB / 9.714GiB
14:04:50,courseregistrationplatform-backend_2-1,0.05%,51.89MiB / 9.714GiB
14:04:50,courseregistrationplatform-backend_1-1,0.04%,73.25MiB / 9.714GiB
14:04:50,courseregistrationplatform-frontend-1,0.00%,22.23MiB / 9.714GiB
14:04:50,courseregistrationplatform-worker_1-1,0.00%,30.81MiB / 9.714GiB
14:04:50,courseregistrationplatform-worker_2-1,0.00%,30.37MiB / 9.714GiB
14:04:50,courseregistrationplatform-nginx-1,0.00%,19.32MiB / 9.714GiB
14:04:50,courseregistrationplatform-ai-server-1,0.14%,132.4MiB / 9.714GiB
14:04:50,courseregistrationplatform-db-1,0.35%,436.8MiB / 9.714GiB
14:04:50,courseregistrationplatform-rabbitmq-1,0.18%,143.6MiB / 9.714GiB
14:04:50,courseregistrationplatform-redis-1,0.35%,9.711MiB / 9.714GiB
14:04:50,courseregistrationplatform-grafana-1,0.03%,114.1MiB / 9.714GiB
14:04:50,courseregistrationplatform-prometheus-1,0.01%,73.18MiB / 9.714GiB
14:04:50,sugang-control-plane,6.40%,858.7MiB / 9.714GiB
14:04:50,sugang-worker,3.20%,682.4MiB / 9.714GiB
14:04:50,sugang-worker2,1.89%,1.102GiB / 9.714GiB
14:04:50,biostream_api,3.16%,226.9MiB / 9.714GiB
14:04:50,biostream_mcp,0.00%,0B / 0B
14:04:50,biostream_qdrant,0.01%,152.9MiB / 9.714GiB
14:04:50,biostream_db,0.00%,39.43MiB / 9.714GiB
14:04:54,courseregistrationplatform-backend_2-1,0.00%,51.66MiB / 9.714GiB
14:04:54,courseregistrationplatform-backend_1-1,0.08%,73.5MiB / 9.714GiB
14:04:54,courseregistrationplatform-frontend-1,0.00%,22.23MiB / 9.714GiB
14:04:54,courseregistrationplatform-worker_1-1,0.00%,30.81MiB / 9.714GiB
14:04:54,courseregistrationplatform-worker_2-1,0.00%,30.37MiB / 9.714GiB
14:04:54,courseregistrationplatform-nginx-1,0.00%,19.32MiB / 9.714GiB
14:04:54,courseregistrationplatform-ai-server-1,0.13%,132.4MiB / 9.714GiB
14:04:54,courseregistrationplatform-db-1,0.38%,436.8MiB / 9.714GiB
14:04:54,courseregistrationplatform-rabbitmq-1,0.15%,143.9MiB / 9.714GiB
14:04:54,courseregistrationplatform-redis-1,0.33%,9.715MiB / 9.714GiB
14:04:54,courseregistrationplatform-grafana-1,0.31%,114.3MiB / 9.714GiB
14:04:54,courseregistrationplatform-prometheus-1,0.01%,73.18MiB / 9.714GiB
14:04:54,sugang-control-plane,7.60%,859.2MiB / 9.714GiB
14:04:54,sugang-worker,1.76%,682.5MiB / 9.714GiB
14:04:54,sugang-worker2,3.74%,1.103GiB / 9.714GiB
14:04:54,biostream_api,4.66%,226.4MiB / 9.714GiB
14:04:54,biostream_mcp,0.00%,0B / 0B
14:04:54,biostream_qdrant,0.02%,152.9MiB / 9.714GiB
14:04:54,biostream_db,0.00%,39.43MiB / 9.714GiB
14:04:59,courseregistrationplatform-backend_2-1,0.05%,51.69MiB / 9.714GiB
14:04:59,courseregistrationplatform-backend_1-1,0.05%,73.25MiB / 9.714GiB
14:04:59,courseregistrationplatform-frontend-1,0.00%,22.23MiB / 9.714GiB
14:04:59,courseregistrationplatform-worker_1-1,0.00%,30.81MiB / 9.714GiB
14:04:59,courseregistrationplatform-worker_2-1,0.00%,30.37MiB / 9.714GiB
14:04:59,courseregistrationplatform-nginx-1,0.00%,19.32MiB / 9.714GiB
14:04:59,courseregistrationplatform-ai-server-1,0.15%,132.4MiB / 9.714GiB
14:04:59,courseregistrationplatform-db-1,0.37%,436.8MiB / 9.714GiB
14:04:59,courseregistrationplatform-rabbitmq-1,0.27%,143.6MiB / 9.714GiB
14:04:59,courseregistrationplatform-redis-1,0.36%,9.715MiB / 9.714GiB
14:04:59,courseregistrationplatform-grafana-1,0.14%,114.1MiB / 9.714GiB
14:04:59,courseregistrationplatform-prometheus-1,0.00%,73.19MiB / 9.714GiB
14:04:59,sugang-control-plane,4.74%,859MiB / 9.714GiB
14:04:59,sugang-worker,1.42%,690.6MiB / 9.714GiB
14:04:59,sugang-worker2,1.91%,1.103GiB / 9.714GiB
14:04:59,biostream_api,4.65%,226.7MiB / 9.714GiB
14:04:59,biostream_mcp,0.00%,0B / 0B
14:04:59,biostream_qdrant,0.08%,152.9MiB / 9.714GiB
14:04:59,biostream_db,2.10%,40.01MiB / 9.714GiB
