14:52:42,courseregistrationplatform-backend_2-1,0.00%,61.85MiB / 15.62GiB
14:52:42,courseregistrationplatform-backend_1-1,0.00%,56.09MiB / 15.62GiB
14:52:42,courseregistrationplatform-frontend-1,0.00%,47.71MiB / 15.62GiB
14:52:42,courseregistrationplatform-worker_1-1,0.00%,31.46MiB / 15.62GiB
14:52:42,courseregistrationplatform-worker_2-1,0.00%,30.76MiB / 15.62GiB
14:52:42,courseregistrationplatform-nginx-1,0.00%,60.27MiB / 15.62GiB
14:52:42,courseregistrationplatform-ai-server-1,0.15%,108MiB / 15.62GiB
14:52:42,courseregistrationplatform-db-1,0.41%,422.1MiB / 15.62GiB
14:52:42,courseregistrationplatform-rabbitmq-1,0.14%,155.1MiB / 15.62GiB
14:52:42,courseregistrationplatform-redis-1,0.39%,7.957MiB / 15.62GiB
14:52:42,courseregistrationplatform-grafana-1,0.03%,52.04MiB / 15.62GiB
14:52:42,courseregistrationplatform-prometheus-1,0.00%,39.73MiB / 15.62GiB
14:52:42,sugang-control-plane,8.49%,711.7MiB / 15.62GiB
14:52:42,sugang-worker,2.27%,751.3MiB / 15.62GiB
14:52:42,sugang-worker2,2.42%,1.084GiB / 15.62GiB
14:52:42,biostream_api,5.22%,210MiB / 15.62GiB
14:52:42,biostream_mcp,0.00%,0B / 0B
14:52:42,biostream_qdrant,1.65%,149.4MiB / 15.62GiB
14:52:42,biostream_db,2.45%,36.37MiB / 15.62GiB
14:52:50,courseregistrationplatform-backend_2-1,8.77%,53.09MiB / 15.62GiB
14:52:50,courseregistrationplatform-backend_1-1,16.46%,52.94MiB / 15.62GiB
14:52:50,courseregistrationplatform-frontend-1,0.00%,48.66MiB / 15.62GiB
14:52:50,courseregistrationplatform-worker_1-1,0.00%,31.46MiB / 15.62GiB
14:52:50,courseregistrationplatform-worker_2-1,0.00%,30.76MiB / 15.62GiB
14:52:50,courseregistrationplatform-ai-server-1,0.17%,108MiB / 15.62GiB
14:52:50,courseregistrationplatform-db-1,3.29%,422.6MiB / 15.62GiB
14:52:50,courseregistrationplatform-rabbitmq-1,0.27%,155.1MiB / 15.62GiB
14:52:50,courseregistrationplatform-redis-1,0.59%,8.25MiB / 15.62GiB
14:52:50,courseregistrationplatform-grafana-1,0.06%,52.04MiB / 15.62GiB
14:52:50,courseregistrationplatform-prometheus-1,0.11%,40.47MiB / 15.62GiB
14:52:50,sugang-control-plane,11.29%,713.5MiB / 15.62GiB
14:52:50,sugang-worker,3.72%,751.1MiB / 15.62GiB
14:52:50,sugang-worker2,2.62%,1.093GiB / 15.62GiB
14:52:50,biostream_api,5.56%,209.8MiB / 15.62GiB
14:52:50,biostream_mcp,0.00%,0B / 0B
14:52:50,biostream_qdrant,0.16%,149.4MiB / 15.62GiB
14:52:50,biostream_db,0.01%,36.37MiB / 15.62GiB
14:52:50,courseregistrationplatform-nginx-1,0.00%,59.21MiB / 15.62GiB
14:52:57,courseregistrationplatform-backend_2-1,5.60%,35.6MiB / 15.62GiB
14:52:57,courseregistrationplatform-backend_1-1,107.62%,120.4MiB / 15.62GiB
14:52:57,courseregistrationplatform-frontend-1,0.00%,48.66MiB / 15.62GiB
14:52:57,courseregistrationplatform-worker_1-1,0.00%,31.46MiB / 15.62GiB
14:52:57,courseregistrationplatform-worker_2-1,0.00%,30.76MiB / 15.62GiB
14:52:57,courseregistrationplatform-nginx-1,0.00%,59.21MiB / 15.62GiB
14:52:57,courseregistrationplatform-ai-server-1,0.17%,108MiB / 15.62GiB
14:52:57,courseregistrationplatform-db-1,8.84%,428.4MiB / 15.62GiB
14:52:57,courseregistrationplatform-rabbitmq-1,0.18%,155MiB / 15.62GiB
14:52:57,courseregistrationplatform-redis-1,0.52%,8.004MiB / 15.62GiB
14:52:57,courseregistrationplatform-grafana-1,0.11%,52.04MiB / 15.62GiB
14:52:57,courseregistrationplatform-prometheus-1,0.00%,39.73MiB / 15.62GiB
14:52:57,sugang-control-plane,10.20%,712.9MiB / 15.62GiB
14:52:57,sugang-worker,4.64%,751.1MiB / 15.62GiB
14:52:57,sugang-worker2,3.46%,1.093GiB / 15.62GiB
14:52:57,biostream_api,7.72%,210.3MiB / 15.62GiB
14:52:57,biostream_mcp,0.00%,0B / 0B
14:52:57,biostream_qdrant,0.15%,149.4MiB / 15.62GiB
14:52:57,biostream_db,2.67%,36.37MiB / 15.62GiB
14:53:05,courseregistrationplatform-backend_2-1,0.07%,34.3MiB / 15.62GiB
14:53:05,courseregistrationplatform-backend_1-1,83.90%,53.43MiB / 15.62GiB
14:53:05,courseregistrationplatform-frontend-1,0.00%,48.66MiB / 15.62GiB
14:53:05,courseregistrationplatform-worker_1-1,0.00%,31.46MiB / 15.62GiB
14:53:05,courseregistrationplatform-worker_2-1,0.00%,30.76MiB / 15.62GiB
14:53:05,courseregistrationplatform-nginx-1,0.00%,59.21MiB / 15.62GiB
14:53:05,courseregistrationplatform-ai-server-1,0.15%,108MiB / 15.62GiB
14:53:05,courseregistrationplatform-db-1,0.47%,428.4MiB / 15.62GiB
14:53:05,courseregistrationplatform-rabbitmq-1,0.22%,155MiB / 15.62GiB
14:53:05,courseregistrationplatform-redis-1,0.43%,8.496MiB / 15.62GiB
14:53:05,courseregistrationplatform-grafana-1,0.05%,52.04MiB / 15.62GiB
14:53:05,courseregistrationplatform-prometheus-1,0.05%,39.73MiB / 15.62GiB
14:53:05,sugang-control-plane,7.74%,711.5MiB / 15.62GiB
14:53:05,sugang-worker,4.16%,751.1MiB / 15.62GiB
14:53:05,sugang-worker2,3.81%,1.092GiB / 15.62GiB
14:53:05,biostream_api,5.86%,210.3MiB / 15.62GiB
14:53:05,biostream_mcp,0.00%,0B / 0B
14:53:05,biostream_qdrant,0.25%,149.7MiB / 15.62GiB
14:53:05,biostream_db,0.00%,36.37MiB / 15.62GiB
14:53:12,courseregistrationplatform-k6-run-fcf3ac954823,1.94%,1.867GiB / 15.62GiB
14:53:12,courseregistrationplatform-backend_2-1,115.25%,93.83MiB / 15.62GiB
14:53:12,courseregistrationplatform-backend_1-1,115.00%,98.27MiB / 15.62GiB
14:53:12,courseregistrationplatform-frontend-1,0.00%,48.66MiB / 15.62GiB
14:53:12,courseregistrationplatform-worker_1-1,0.00%,31.46MiB / 15.62GiB
14:53:12,courseregistrationplatform-worker_2-1,0.00%,30.76MiB / 15.62GiB
14:53:12,courseregistrationplatform-nginx-1,0.55%,308.8MiB / 15.62GiB
14:53:12,courseregistrationplatform-ai-server-1,0.20%,108MiB / 15.62GiB
14:53:12,courseregistrationplatform-db-1,0.88%,428.4MiB / 15.62GiB
14:53:12,courseregistrationplatform-rabbitmq-1,0.24%,155MiB / 15.62GiB
14:53:12,courseregistrationplatform-redis-1,12.99%,8.32MiB / 15.62GiB
14:53:12,courseregistrationplatform-grafana-1,0.08%,52.04MiB / 15.62GiB
14:53:12,courseregistrationplatform-prometheus-1,0.06%,39.73MiB / 15.62GiB
14:53:12,sugang-control-plane,12.84%,710.7MiB / 15.62GiB
14:53:12,sugang-worker,6.75%,758.9MiB / 15.62GiB
14:53:12,sugang-worker2,4.60%,1.092GiB / 15.62GiB
14:53:12,biostream_api,6.84%,210.3MiB / 15.62GiB
14:53:12,biostream_mcp,0.00%,0B / 0B
14:53:12,biostream_qdrant,3.58%,149.9MiB / 15.62GiB
14:53:12,biostream_db,4.92%,36.37MiB / 15.62GiB
14:53:20,courseregistrationplatform-k6-run-fcf3ac954823,95.66%,1.919GiB / 15.62GiB
14:53:20,courseregistrationplatform-backend_2-1,102.95%,171.5MiB / 15.62GiB
14:53:20,courseregistrationplatform-backend_1-1,108.27%,167.6MiB / 15.62GiB
14:53:20,courseregistrationplatform-frontend-1,0.00%,48.66MiB / 15.62GiB
14:53:20,courseregistrationplatform-worker_1-1,0.00%,31.46MiB / 15.62GiB
14:53:20,courseregistrationplatform-worker_2-1,0.00%,30.76MiB / 15.62GiB
14:53:20,courseregistrationplatform-nginx-1,38.86%,233.3MiB / 15.62GiB
14:53:20,courseregistrationplatform-ai-server-1,0.18%,108MiB / 15.62GiB
14:53:20,courseregistrationplatform-db-1,0.65%,428.4MiB / 15.62GiB
14:53:20,courseregistrationplatform-rabbitmq-1,0.24%,155MiB / 15.62GiB
14:53:20,courseregistrationplatform-redis-1,11.77%,8.812MiB / 15.62GiB
14:53:20,courseregistrationplatform-grafana-1,0.07%,52.04MiB / 15.62GiB
14:53:20,courseregistrationplatform-prometheus-1,0.18%,39.74MiB / 15.62GiB
14:53:20,sugang-control-plane,11.23%,711.9MiB / 15.62GiB
14:53:20,sugang-worker,2.71%,757.7MiB / 15.62GiB
14:53:20,sugang-worker2,2.91%,1.093GiB / 15.62GiB
14:53:20,biostream_api,7.11%,210.3MiB / 15.62GiB
14:53:20,biostream_mcp,0.00%,0B / 0B
14:53:20,biostream_qdrant,0.33%,149.4MiB / 15.62GiB
14:53:20,biostream_db,0.00%,36.37MiB / 15.62GiB
14:53:27,courseregistrationplatform-k6-run-fcf3ac954823,88.83%,2.087GiB / 15.62GiB
14:53:27,courseregistrationplatform-backend_2-1,103.23%,239.2MiB / 15.62GiB
14:53:27,courseregistrationplatform-backend_1-1,116.47%,180.5MiB / 15.62GiB
14:53:27,courseregistrationplatform-frontend-1,0.00%,48.66MiB / 15.62GiB
14:53:27,courseregistrationplatform-worker_1-1,0.00%,31.46MiB / 15.62GiB
14:53:27,courseregistrationplatform-worker_2-1,0.00%,30.76MiB / 15.62GiB
14:53:27,courseregistrationplatform-nginx-1,50.92%,195.8MiB / 15.62GiB
14:53:27,courseregistrationplatform-ai-server-1,0.21%,108MiB / 15.62GiB
14:53:27,courseregistrationplatform-db-1,0.71%,428.4MiB / 15.62GiB
14:53:27,courseregistrationplatform-rabbitmq-1,0.70%,155.3MiB / 15.62GiB
14:53:27,courseregistrationplatform-redis-1,12.44%,9.066MiB / 15.62GiB
14:53:27,courseregistrationplatform-grafana-1,0.58%,52.04MiB / 15.62GiB
14:53:27,courseregistrationplatform-prometheus-1,0.83%,39.73MiB / 15.62GiB
14:53:27,sugang-control-plane,15.77%,711.8MiB / 15.62GiB
14:53:27,sugang-worker,8.11%,758MiB / 15.62GiB
14:53:27,sugang-worker2,9.00%,1.116GiB / 15.62GiB
14:53:27,biostream_api,8.90%,210.8MiB / 15.62GiB
14:53:27,biostream_mcp,0.00%,0B / 0B
14:53:27,biostream_qdrant,0.14%,149.4MiB / 15.62GiB
14:53:27,biostream_db,0.01%,36.37MiB / 15.62GiB
14:53:34,courseregistrationplatform-k6-run-fcf3ac954823,47.43%,2.22GiB / 15.62GiB
14:53:34,courseregistrationplatform-backend_2-1,108.49%,178.4MiB / 15.62GiB
14:53:34,courseregistrationplatform-backend_1-1,103.92%,216.1MiB / 15.62GiB
14:53:34,courseregistrationplatform-frontend-1,0.00%,48.66MiB / 15.62GiB
14:53:34,courseregistrationplatform-worker_1-1,0.00%,31.46MiB / 15.62GiB
14:53:34,courseregistrationplatform-worker_2-1,0.00%,30.76MiB / 15.62GiB
14:53:34,courseregistrationplatform-nginx-1,23.60%,267.6MiB / 15.62GiB
14:53:34,courseregistrationplatform-ai-server-1,0.21%,108MiB / 15.62GiB
14:53:34,courseregistrationplatform-db-1,0.67%,428.4MiB / 15.62GiB
14:53:34,courseregistrationplatform-rabbitmq-1,0.31%,155.1MiB / 15.62GiB
14:53:34,courseregistrationplatform-redis-1,12.68%,8.57MiB / 15.62GiB
14:53:34,courseregistrationplatform-grafana-1,0.04%,52.04MiB / 15.62GiB
14:53:34,courseregistrationplatform-prometheus-1,0.12%,39.84MiB / 15.62GiB
14:53:34,sugang-control-plane,14.56%,710.4MiB / 15.62GiB
14:53:34,sugang-worker,7.03%,757.4MiB / 15.62GiB
14:53:34,sugang-worker2,5.37%,1.116GiB / 15.62GiB
14:53:34,biostream_api,8.38%,210MiB / 15.62GiB
14:53:34,biostream_mcp,0.00%,0B / 0B
14:53:34,biostream_qdrant,2.65%,149.4MiB / 15.62GiB
14:53:34,biostream_db,4.01%,36.37MiB / 15.62GiB
14:53:40,courseregistrationplatform-k6-run-fcf3ac954823,62.63%,2.351GiB / 15.62GiB
14:53:40,courseregistrationplatform-backend_2-1,99.16%,182.1MiB / 15.62GiB
14:53:40,courseregistrationplatform-backend_1-1,104.78%,212.2MiB / 15.62GiB
14:53:40,courseregistrationplatform-frontend-1,0.00%,48.66MiB / 15.62GiB
14:53:40,courseregistrationplatform-worker_1-1,0.01%,31.22MiB / 15.62GiB
14:53:40,courseregistrationplatform-worker_2-1,0.26%,31.4MiB / 15.62GiB
14:53:40,courseregistrationplatform-nginx-1,36.13%,247.5MiB / 15.62GiB
14:53:40,courseregistrationplatform-ai-server-1,0.21%,108MiB / 15.62GiB
14:53:40,courseregistrationplatform-db-1,1.05%,428.4MiB / 15.62GiB
14:53:40,courseregistrationplatform-rabbitmq-1,0.45%,155.2MiB / 15.62GiB
14:53:40,courseregistrationplatform-redis-1,10.71%,9.102MiB / 15.62GiB
14:53:40,courseregistrationplatform-grafana-1,0.05%,52.04MiB / 15.62GiB
14:53:40,courseregistrationplatform-prometheus-1,0.11%,40.76MiB / 15.62GiB
14:53:40,sugang-control-plane,13.51%,710.9MiB / 15.62GiB
14:53:40,sugang-worker,3.12%,757.9MiB / 15.62GiB
14:53:40,sugang-worker2,2.81%,1.115GiB / 15.62GiB
14:53:40,biostream_api,8.25%,210MiB / 15.62GiB
14:53:40,biostream_mcp,107.21%,90.39MiB / 15.62GiB
14:53:40,biostream_qdrant,0.31%,149.4MiB / 15.62GiB
14:53:40,biostream_db,0.00%,36.37MiB / 15.62GiB
14:53:48,courseregistrationplatform-k6-run-fcf3ac954823,76.43%,2.461GiB / 15.62GiB
14:53:48,courseregistrationplatform-backend_2-1,99.13%,225.9MiB / 15.62GiB
14:53:48,courseregistrationplatform-backend_1-1,98.89%,187MiB / 15.62GiB
14:53:48,courseregistrationplatform-frontend-1,0.00%,48.67MiB / 15.62GiB
14:53:48,courseregistrationplatform-worker_1-1,3.16%,31.48MiB / 15.62GiB
14:53:48,courseregistrationplatform-worker_2-1,3.48%,31.18MiB / 15.62GiB
14:53:48,courseregistrationplatform-nginx-1,42.03%,249.2MiB / 15.62GiB
14:53:48,courseregistrationplatform-ai-server-1,0.20%,108MiB / 15.62GiB
14:53:48,courseregistrationplatform-db-1,3.90%,428.4MiB / 15.62GiB
14:53:48,courseregistrationplatform-rabbitmq-1,2.13%,155.3MiB / 15.62GiB
14:53:48,courseregistrationplatform-redis-1,10.68%,8.906MiB / 15.62GiB
14:53:48,courseregistrationplatform-grafana-1,1.83%,52.03MiB / 15.62GiB
14:53:48,courseregistrationplatform-prometheus-1,1.25%,42.95MiB / 15.62GiB
14:53:48,sugang-control-plane,9.20%,712MiB / 15.62GiB
14:53:48,sugang-worker,2.89%,757.9MiB / 15.62GiB
14:53:48,sugang-worker2,3.05%,1.116GiB / 15.62GiB
14:53:48,biostream_api,8.53%,210.3MiB / 15.62GiB
14:53:48,biostream_mcp,0.00%,0B / 0B
14:53:48,biostream_qdrant,0.14%,149.4MiB / 15.62GiB
14:53:48,biostream_db,3.89%,36.41MiB / 15.62GiB
14:53:56,courseregistrationplatform-k6-run-fcf3ac954823,60.73%,2.463GiB / 15.62GiB
14:53:56,courseregistrationplatform-backend_2-1,0.05%,243.9MiB / 15.62GiB
14:53:56,courseregistrationplatform-backend_1-1,104.81%,177.7MiB / 15.62GiB
14:53:56,courseregistrationplatform-frontend-1,0.00%,48.67MiB / 15.62GiB
14:53:56,courseregistrationplatform-worker_1-1,0.02%,31.6MiB / 15.62GiB
14:53:56,courseregistrationplatform-worker_2-1,0.01%,31.25MiB / 15.62GiB
14:53:56,courseregistrationplatform-nginx-1,36.38%,261.3MiB / 15.62GiB
14:53:56,courseregistrationplatform-ai-server-1,0.16%,108MiB / 15.62GiB
14:53:56,courseregistrationplatform-db-1,0.60%,428.4MiB / 15.62GiB
14:53:56,courseregistrationplatform-rabbitmq-1,0.34%,155.1MiB / 15.62GiB
14:53:56,courseregistrationplatform-redis-1,7.68%,8.66MiB / 15.62GiB
14:53:56,courseregistrationplatform-grafana-1,0.08%,52.03MiB / 15.62GiB
14:53:56,courseregistrationplatform-prometheus-1,0.72%,43.05MiB / 15.62GiB
14:53:56,sugang-control-plane,16.83%,712.9MiB / 15.62GiB
14:53:56,sugang-worker,5.77%,758.8MiB / 15.62GiB
14:53:56,sugang-worker2,5.28%,1.125GiB / 15.62GiB
14:53:56,biostream_api,7.72%,209.5MiB / 15.62GiB
14:53:56,biostream_mcp,0.00%,0B / 0B
14:53:56,biostream_qdrant,0.10%,149.4MiB / 15.62GiB
14:53:56,biostream_db,0.00%,36.37MiB / 15.62GiB
14:54:03,courseregistrationplatform-k6-run-fcf3ac954823,47.08%,2.464GiB / 15.62GiB
14:54:03,courseregistrationplatform-backend_2-1,95.78%,98.35MiB / 15.62GiB
14:54:03,courseregistrationplatform-backend_1-1,104.87%,204.4MiB / 15.62GiB
14:54:03,courseregistrationplatform-frontend-1,0.00%,48.67MiB / 15.62GiB
14:54:03,courseregistrationplatform-worker_1-1,0.20%,31.97MiB / 15.62GiB
14:54:03,courseregistrationplatform-worker_2-1,0.01%,31.48MiB / 15.62GiB
14:54:03,courseregistrationplatform-nginx-1,19.62%,249.7MiB / 15.62GiB
14:54:03,courseregistrationplatform-ai-server-1,0.17%,108MiB / 15.62GiB
14:54:03,courseregistrationplatform-db-1,1.73%,428.5MiB / 15.62GiB
14:54:03,courseregistrationplatform-rabbitmq-1,0.42%,155.4MiB / 15.62GiB
14:54:03,courseregistrationplatform-redis-1,12.50%,8.668MiB / 15.62GiB
14:54:03,courseregistrationplatform-grafana-1,0.04%,52.04MiB / 15.62GiB
14:54:03,courseregistrationplatform-prometheus-1,0.07%,43.3MiB / 15.62GiB
14:54:03,sugang-control-plane,11.55%,710.5MiB / 15.62GiB
14:54:03,sugang-worker,6.78%,765.6MiB / 15.62GiB
14:54:03,sugang-worker2,6.95%,1.124GiB / 15.62GiB
14:54:03,biostream_api,8.31%,210.3MiB / 15.62GiB
14:54:03,biostream_mcp,0.00%,0B / 0B
14:54:03,biostream_qdrant,1.24%,150.9MiB / 15.62GiB
14:54:03,biostream_db,0.00%,36.37MiB / 15.62GiB
14:54:10,courseregistrationplatform-k6-run-fcf3ac954823,70.49%,2.466GiB / 15.62GiB
14:54:10,courseregistrationplatform-backend_2-1,103.90%,148.6MiB / 15.62GiB
14:54:10,courseregistrationplatform-backend_1-1,14.92%,193MiB / 15.62GiB
14:54:10,courseregistrationplatform-frontend-1,0.00%,48.67MiB / 15.62GiB
14:54:10,courseregistrationplatform-worker_1-1,1.01%,31.15MiB / 15.62GiB
14:54:10,courseregistrationplatform-worker_2-1,0.66%,31.78MiB / 15.62GiB
14:54:10,courseregistrationplatform-nginx-1,43.75%,242.1MiB / 15.62GiB
14:54:10,courseregistrationplatform-ai-server-1,0.20%,108MiB / 15.62GiB
14:54:10,courseregistrationplatform-db-1,1.75%,428.5MiB / 15.62GiB
14:54:10,courseregistrationplatform-rabbitmq-1,0.85%,155.2MiB / 15.62GiB
14:54:10,courseregistrationplatform-redis-1,7.03%,9.07MiB / 15.62GiB
14:54:10,courseregistrationplatform-grafana-1,0.04%,52.03MiB / 15.62GiB
14:54:10,courseregistrationplatform-prometheus-1,0.17%,43.07MiB / 15.62GiB
14:54:10,sugang-control-plane,14.26%,711.8MiB / 15.62GiB
14:54:10,sugang-worker,2.82%,765.7MiB / 15.62GiB
14:54:10,sugang-worker2,4.74%,1.125GiB / 15.62GiB
14:54:10,biostream_api,8.20%,210.5MiB / 15.62GiB
14:54:10,biostream_mcp,0.00%,0B / 0B
14:54:10,biostream_qdrant,0.26%,149.4MiB / 15.62GiB
14:54:10,biostream_db,0.00%,36.37MiB / 15.62GiB
14:54:17,courseregistrationplatform-k6-run-fcf3ac954823,46.82%,2.469GiB / 15.62GiB
14:54:17,courseregistrationplatform-backend_2-1,105.05%,184.4MiB / 15.62GiB
14:54:17,courseregistrationplatform-backend_1-1,103.93%,199.7MiB / 15.62GiB
14:54:17,courseregistrationplatform-frontend-1,0.00%,48.67MiB / 15.62GiB
14:54:17,courseregistrationplatform-worker_1-1,0.02%,31.63MiB / 15.62GiB
14:54:17,courseregistrationplatform-worker_2-1,0.01%,31.32MiB / 15.62GiB
14:54:17,courseregistrationplatform-nginx-1,25.55%,240.1MiB / 15.62GiB
14:54:17,courseregistrationplatform-ai-server-1,0.19%,108MiB / 15.62GiB
14:54:17,courseregistrationplatform-db-1,0.73%,428.5MiB / 15.62GiB
14:54:17,courseregistrationplatform-rabbitmq-1,0.83%,155.6MiB / 15.62GiB
14:54:17,courseregistrationplatform-redis-1,13.43%,9.152MiB / 15.62GiB
14:54:17,courseregistrationplatform-grafana-1,0.42%,52.03MiB / 15.62GiB
14:54:17,courseregistrationplatform-prometheus-1,0.12%,43.19MiB / 15.62GiB
14:54:17,sugang-control-plane,19.77%,712.1MiB / 15.62GiB
14:54:17,sugang-worker,6.98%,765.9MiB / 15.62GiB
14:54:17,sugang-worker2,4.68%,1.125GiB / 15.62GiB
14:54:17,biostream_api,6.00%,210.5MiB / 15.62GiB
14:54:17,biostream_mcp,0.00%,0B / 0B
14:54:17,biostream_qdrant,0.11%,149.4MiB / 15.62GiB
14:54:17,biostream_db,0.00%,36.37MiB / 15.62GiB
14:54:24,courseregistrationplatform-k6-run-fcf3ac954823,60.45%,2.519GiB / 15.62GiB
14:54:24,courseregistrationplatform-backend_2-1,8.36%,205.3MiB / 15.62GiB
14:54:24,courseregistrationplatform-backend_1-1,99.58%,214.2MiB / 15.62GiB
14:54:24,courseregistrationplatform-frontend-1,0.00%,48.67MiB / 15.62GiB
14:54:24,courseregistrationplatform-worker_1-1,0.01%,31.24MiB / 15.62GiB
14:54:24,courseregistrationplatform-worker_2-1,0.01%,31.87MiB / 15.62GiB
14:54:24,courseregistrationplatform-nginx-1,40.84%,250.2MiB / 15.62GiB
14:54:24,courseregistrationplatform-ai-server-1,0.18%,108MiB / 15.62GiB
14:54:24,courseregistrationplatform-db-1,0.65%,428.5MiB / 15.62GiB
14:54:24,courseregistrationplatform-rabbitmq-1,0.27%,155.4MiB / 15.62GiB
14:54:24,courseregistrationplatform-redis-1,5.49%,8.664MiB / 15.62GiB
14:54:24,courseregistrationplatform-grafana-1,0.03%,52.03MiB / 15.62GiB
14:54:24,courseregistrationplatform-prometheus-1,0.07%,43.27MiB / 15.62GiB
14:54:24,sugang-control-plane,10.36%,712MiB / 15.62GiB
14:54:24,sugang-worker,1.97%,766.2MiB / 15.62GiB
14:54:24,sugang-worker2,2.88%,1.125GiB / 15.62GiB
14:54:24,biostream_api,7.88%,210.3MiB / 15.62GiB
14:54:24,biostream_mcp,0.00%,0B / 0B
14:54:24,biostream_qdrant,2.30%,149.4MiB / 15.62GiB
14:54:24,biostream_db,2.75%,36.57MiB / 15.62GiB
14:54:30,courseregistrationplatform-k6-run-fcf3ac954823,63.02%,2.627GiB / 15.62GiB
14:54:30,courseregistrationplatform-backend_2-1,108.51%,115.2MiB / 15.62GiB
14:54:30,courseregistrationplatform-backend_1-1,101.93%,222.9MiB / 15.62GiB
14:54:30,courseregistrationplatform-frontend-1,0.00%,48.67MiB / 15.62GiB
14:54:30,courseregistrationplatform-worker_1-1,0.21%,31.86MiB / 15.62GiB
14:54:30,courseregistrationplatform-worker_2-1,0.01%,31.54MiB / 15.62GiB
14:54:30,courseregistrationplatform-nginx-1,37.60%,247.2MiB / 15.62GiB
14:54:30,courseregistrationplatform-ai-server-1,0.19%,108MiB / 15.62GiB
14:54:30,courseregistrationplatform-db-1,1.11%,428.5MiB / 15.62GiB
14:54:30,courseregistrationplatform-rabbitmq-1,0.45%,155.1MiB / 15.62GiB
14:54:30,courseregistrationplatform-redis-1,12.88%,8.91MiB / 15.62GiB
14:54:30,courseregistrationplatform-grafana-1,0.04%,52.03MiB / 15.62GiB
14:54:30,courseregistrationplatform-prometheus-1,1.29%,44.02MiB / 15.62GiB
14:54:30,sugang-control-plane,13.53%,711MiB / 15.62GiB
14:54:30,sugang-worker,4.25%,773MiB / 15.62GiB
14:54:30,sugang-worker2,6.80%,1.124GiB / 15.62GiB
14:54:30,biostream_api,8.39%,210.3MiB / 15.62GiB
14:54:30,biostream_mcp,0.00%,0B / 0B
14:54:30,biostream_qdrant,0.37%,149.5MiB / 15.62GiB
14:54:30,biostream_db,0.00%,36.37MiB / 15.62GiB
14:54:37,courseregistrationplatform-k6-run-fcf3ac954823,57.18%,2.627GiB / 15.62GiB
14:54:37,courseregistrationplatform-backend_2-1,106.63%,189.1MiB / 15.62GiB
14:54:37,courseregistrationplatform-backend_1-1,44.25%,201.9MiB / 15.62GiB
14:54:37,courseregistrationplatform-frontend-1,0.00%,48.55MiB / 15.62GiB
14:54:37,courseregistrationplatform-worker_1-1,0.01%,31.5MiB / 15.62GiB
14:54:37,courseregistrationplatform-worker_2-1,0.01%,31.15MiB / 15.62GiB
14:54:37,courseregistrationplatform-nginx-1,33.08%,256.5MiB / 15.62GiB
14:54:37,courseregistrationplatform-ai-server-1,0.16%,109MiB / 15.62GiB
14:54:37,courseregistrationplatform-db-1,0.58%,428.3MiB / 15.62GiB
14:54:37,courseregistrationplatform-rabbitmq-1,0.55%,155MiB / 15.62GiB
14:54:37,courseregistrationplatform-redis-1,9.01%,8.66MiB / 15.62GiB
14:54:37,courseregistrationplatform-grafana-1,0.46%,52.02MiB / 15.62GiB
14:54:37,courseregistrationplatform-prometheus-1,0.05%,44.04MiB / 15.62GiB
14:54:37,sugang-control-plane,8.15%,710.8MiB / 15.62GiB
14:54:37,sugang-worker,5.54%,771.7MiB / 15.62GiB
14:54:37,sugang-worker2,4.93%,1.124GiB / 15.62GiB
14:54:37,biostream_api,7.70%,210.2MiB / 15.62GiB
14:54:37,biostream_mcp,0.00%,0B / 0B
14:54:37,biostream_qdrant,0.10%,150.3MiB / 15.62GiB
14:54:37,biostream_db,0.00%,36.3MiB / 15.62GiB
14:54:44,courseregistrationplatform-k6-run-fcf3ac954823,88.31%,2.627GiB / 15.62GiB
14:54:44,courseregistrationplatform-backend_2-1,100.81%,225MiB / 15.62GiB
14:54:44,courseregistrationplatform-backend_1-1,95.95%,127.1MiB / 15.62GiB
14:54:44,courseregistrationplatform-frontend-1,0.00%,48.36MiB / 15.62GiB
14:54:44,courseregistrationplatform-worker_1-1,0.58%,31.41MiB / 15.62GiB
14:54:44,courseregistrationplatform-worker_2-1,1.34%,31.45MiB / 15.62GiB
14:54:44,courseregistrationplatform-nginx-1,38.11%,252.2MiB / 15.62GiB
14:54:44,courseregistrationplatform-ai-server-1,0.22%,109.8MiB / 15.62GiB
14:54:44,courseregistrationplatform-db-1,3.70%,430MiB / 15.62GiB
14:54:44,courseregistrationplatform-rabbitmq-1,1.14%,155.3MiB / 15.62GiB
14:54:44,courseregistrationplatform-redis-1,10.86%,8.668MiB / 15.62GiB
14:54:44,courseregistrationplatform-grafana-1,0.09%,52.33MiB / 15.62GiB
14:54:44,courseregistrationplatform-prometheus-1,0.17%,44.04MiB / 15.62GiB
14:54:44,sugang-control-plane,12.94%,710.8MiB / 15.62GiB
14:54:44,sugang-worker,4.22%,771.6MiB / 15.62GiB
14:54:44,sugang-worker2,3.47%,1.124GiB / 15.62GiB
14:54:44,biostream_api,5.47%,209.7MiB / 15.62GiB
14:54:44,biostream_qdrant,3.07%,151.3MiB / 15.62GiB
14:54:44,biostream_db,4.44%,36.44MiB / 15.62GiB
14:54:52,courseregistrationplatform-k6-run-fcf3ac954823,78.90%,2.627GiB / 15.62GiB
14:54:52,courseregistrationplatform-backend_2-1,102.86%,188MiB / 15.62GiB
14:54:52,courseregistrationplatform-backend_1-1,106.10%,211MiB / 15.62GiB
14:54:52,courseregistrationplatform-frontend-1,0.00%,48.51MiB / 15.62GiB
14:54:52,courseregistrationplatform-worker_1-1,0.51%,31.43MiB / 15.62GiB
14:54:52,courseregistrationplatform-worker_2-1,0.84%,31.44MiB / 15.62GiB
14:54:52,courseregistrationplatform-nginx-1,29.69%,230.4MiB / 15.62GiB
14:54:52,courseregistrationplatform-ai-server-1,0.19%,109.8MiB / 15.62GiB
14:54:52,courseregistrationplatform-db-1,2.12%,429.6MiB / 15.62GiB
14:54:52,courseregistrationplatform-rabbitmq-1,0.79%,155.1MiB / 15.62GiB
14:54:52,courseregistrationplatform-redis-1,10.51%,8.66MiB / 15.62GiB
14:54:52,courseregistrationplatform-grafana-1,0.06%,52.34MiB / 15.62GiB
14:54:52,courseregistrationplatform-prometheus-1,0.14%,44.06MiB / 15.62GiB
14:54:52,sugang-control-plane,12.18%,712.3MiB / 15.62GiB
14:54:52,sugang-worker,4.30%,770.4MiB / 15.62GiB
14:54:52,sugang-worker2,3.60%,1.125GiB / 15.62GiB
14:54:52,biostream_api,9.07%,209.9MiB / 15.62GiB
14:54:52,biostream_mcp,0.00%,0B / 0B
14:54:52,biostream_qdrant,0.12%,151.3MiB / 15.62GiB
14:54:52,biostream_db,0.00%,36.44MiB / 15.62GiB
14:55:00,courseregistrationplatform-k6-run-fcf3ac954823,62.96%,2.627GiB / 15.62GiB
14:55:00,courseregistrationplatform-backend_2-1,103.64%,230.8MiB / 15.62GiB
14:55:00,courseregistrationplatform-backend_1-1,1.25%,164.5MiB / 15.62GiB
14:55:00,courseregistrationplatform-frontend-1,0.00%,48.51MiB / 15.62GiB
14:55:00,courseregistrationplatform-worker_1-1,0.19%,31.76MiB / 15.62GiB
14:55:00,courseregistrationplatform-worker_2-1,0.02%,31.67MiB / 15.62GiB
14:55:00,courseregistrationplatform-nginx-1,35.91%,252MiB / 15.62GiB
14:55:00,courseregistrationplatform-ai-server-1,0.19%,109.8MiB / 15.62GiB
14:55:00,courseregistrationplatform-db-1,1.06%,429.6MiB / 15.62GiB
14:55:00,courseregistrationplatform-rabbitmq-1,0.38%,155.1MiB / 15.62GiB
14:55:00,courseregistrationplatform-redis-1,7.50%,8.902MiB / 15.62GiB
14:55:00,courseregistrationplatform-grafana-1,0.04%,52.33MiB / 15.62GiB
14:55:00,courseregistrationplatform-prometheus-1,0.11%,44.12MiB / 15.62GiB
14:55:00,sugang-control-plane,10.53%,714.3MiB / 15.62GiB
14:55:00,sugang-worker,2.83%,770.8MiB / 15.62GiB
14:55:00,sugang-worker2,3.66%,1.124GiB / 15.62GiB
14:55:00,biostream_api,7.07%,209.7MiB / 15.62GiB
14:55:00,biostream_mcp,0.00%,0B / 0B
14:55:00,biostream_qdrant,0.22%,151.3MiB / 15.62GiB
14:55:00,biostream_db,0.00%,36.44MiB / 15.62GiB
14:55:07,courseregistrationplatform-k6-run-fcf3ac954823,66.98%,2.634GiB / 15.62GiB
14:55:07,courseregistrationplatform-backend_2-1,99.96%,212.9MiB / 15.62GiB
14:55:07,courseregistrationplatform-backend_1-1,101.55%,144.5MiB / 15.62GiB
14:55:07,courseregistrationplatform-frontend-1,0.00%,48.51MiB / 15.62GiB
14:55:07,courseregistrationplatform-worker_1-1,0.02%,31.61MiB / 15.62GiB
14:55:07,courseregistrationplatform-worker_2-1,0.01%,31.38MiB / 15.62GiB
14:55:07,courseregistrationplatform-nginx-1,43.49%,232.7MiB / 15.62GiB
14:55:07,courseregistrationplatform-ai-server-1,0.21%,109.8MiB / 15.62GiB
14:55:07,courseregistrationplatform-db-1,0.78%,429.6MiB / 15.62GiB
14:55:07,courseregistrationplatform-rabbitmq-1,0.70%,155.1MiB / 15.62GiB
14:55:07,courseregistrationplatform-redis-1,11.87%,8.91MiB / 15.62GiB
14:55:07,courseregistrationplatform-grafana-1,0.08%,52.33MiB / 15.62GiB
14:55:07,courseregistrationplatform-prometheus-1,0.19%,44.52MiB / 15.62GiB
14:55:07,sugang-control-plane,12.02%,711.8MiB / 15.62GiB
14:55:07,sugang-worker,2.81%,771MiB / 15.62GiB
14:55:07,sugang-worker2,4.21%,1.123GiB / 15.62GiB
14:55:07,biostream_api,7.98%,210.2MiB / 15.62GiB
14:55:07,biostream_mcp,0.00%,0B / 0B
14:55:07,biostream_qdrant,0.12%,151.3MiB / 15.62GiB
14:55:07,biostream_db,0.00%,36.44MiB / 15.62GiB
14:55:14,courseregistrationplatform-k6-run-fcf3ac954823,94.82%,2.641GiB / 15.62GiB
14:55:14,courseregistrationplatform-backend_2-1,100.41%,232.9MiB / 15.62GiB
14:55:14,courseregistrationplatform-backend_1-1,97.63%,173.2MiB / 15.62GiB
14:55:14,courseregistrationplatform-frontend-1,0.00%,48.51MiB / 15.62GiB
14:55:14,courseregistrationplatform-worker_1-1,0.22%,31.7MiB / 15.62GiB
14:55:14,courseregistrationplatform-worker_2-1,0.32%,31.32MiB / 15.62GiB
14:55:14,courseregistrationplatform-nginx-1,47.14%,230.2MiB / 15.62GiB
14:55:14,courseregistrationplatform-ai-server-1,0.19%,109.8MiB / 15.62GiB
14:55:14,courseregistrationplatform-db-1,4.00%,429.6MiB / 15.62GiB
14:55:14,courseregistrationplatform-rabbitmq-1,0.51%,155.1MiB / 15.62GiB
14:55:14,courseregistrationplatform-redis-1,10.74%,9.156MiB / 15.62GiB
14:55:14,courseregistrationplatform-grafana-1,0.05%,52.33MiB / 15.62GiB
14:55:14,courseregistrationplatform-prometheus-1,0.12%,44.27MiB / 15.62GiB
14:55:14,sugang-control-plane,11.56%,711.9MiB / 15.62GiB
14:55:14,sugang-worker,3.67%,779.3MiB / 15.62GiB
14:55:14,sugang-worker2,4.49%,1.123GiB / 15.62GiB
14:55:14,biostream_api,8.50%,210MiB / 15.62GiB
14:55:14,biostream_mcp,0.00%,0B / 0B
14:55:14,biostream_qdrant,0.31%,151.3MiB / 15.62GiB
14:55:14,biostream_db,1.50%,36.44MiB / 15.62GiB
14:55:22,courseregistrationplatform-k6-run-fcf3ac954823,68.47%,2.64GiB / 15.62GiB
14:55:22,courseregistrationplatform-backend_2-1,102.08%,236.8MiB / 15.62GiB
14:55:22,courseregistrationplatform-backend_1-1,103.90%,222.3MiB / 15.62GiB
14:55:22,courseregistrationplatform-frontend-1,0.00%,48.46MiB / 15.62GiB
14:55:22,courseregistrationplatform-worker_1-1,0.01%,31.39MiB / 15.62GiB
14:55:22,courseregistrationplatform-worker_2-1,0.01%,31.94MiB / 15.62GiB
14:55:22,courseregistrationplatform-nginx-1,39.84%,250.7MiB / 15.62GiB
14:55:22,courseregistrationplatform-ai-server-1,0.18%,109.8MiB / 15.62GiB
14:55:22,courseregistrationplatform-db-1,0.94%,429.5MiB / 15.62GiB
14:55:22,courseregistrationplatform-rabbitmq-1,0.69%,155.4MiB / 15.62GiB
14:55:22,courseregistrationplatform-redis-1,12.61%,8.91MiB / 15.62GiB
14:55:22,courseregistrationplatform-grafana-1,0.06%,52.55MiB / 15.62GiB
14:55:22,courseregistrationplatform-prometheus-1,0.06%,44.73MiB / 15.62GiB
14:55:22,sugang-control-plane,17.35%,711.8MiB / 15.62GiB
14:55:22,sugang-worker,2.52%,779.9MiB / 15.62GiB
14:55:22,sugang-worker2,3.03%,1.124GiB / 15.62GiB
14:55:22,biostream_api,9.51%,211.2MiB / 15.62GiB
14:55:22,biostream_mcp,0.00%,0B / 0B
14:55:22,biostream_qdrant,0.12%,152.1MiB / 15.62GiB
14:55:22,biostream_db,0.01%,36.38MiB / 15.62GiB
14:55:30,courseregistrationplatform-k6-run-fcf3ac954823,49.99%,2.64GiB / 15.62GiB
14:55:30,courseregistrationplatform-backend_2-1,105.26%,248.4MiB / 15.62GiB
14:55:30,courseregistrationplatform-backend_1-1,102.68%,233.1MiB / 15.62GiB
14:55:30,courseregistrationplatform-frontend-1,0.00%,48.32MiB / 15.62GiB
14:55:30,courseregistrationplatform-worker_1-1,0.01%,31.94MiB / 15.62GiB
14:55:30,courseregistrationplatform-worker_2-1,0.02%,31.67MiB / 15.62GiB
14:55:30,courseregistrationplatform-nginx-1,21.88%,228MiB / 15.62GiB
14:55:30,courseregistrationplatform-ai-server-1,0.20%,110.2MiB / 15.62GiB
14:55:30,courseregistrationplatform-db-1,0.94%,429.6MiB / 15.62GiB
14:55:30,courseregistrationplatform-rabbitmq-1,0.37%,155.9MiB / 15.62GiB
14:55:30,courseregistrationplatform-redis-1,13.53%,8.91MiB / 15.62GiB
14:55:30,courseregistrationplatform-grafana-1,0.05%,52.53MiB / 15.62GiB
14:55:30,courseregistrationplatform-prometheus-1,0.18%,44.74MiB / 15.62GiB
14:55:30,sugang-control-plane,11.62%,714.8MiB / 15.62GiB
14:55:30,sugang-worker,5.80%,779.6MiB / 15.62GiB
14:55:30,sugang-worker2,3.80%,1.126GiB / 15.62GiB
14:55:30,biostream_api,7.56%,210.8MiB / 15.62GiB
14:55:30,biostream_mcp,0.00%,0B / 0B
14:55:30,biostream_qdrant,0.39%,151.9MiB / 15.62GiB
14:55:30,biostream_db,3.54%,36.32MiB / 15.62GiB
14:55:37,courseregistrationplatform-k6-run-fcf3ac954823,50.45%,2.64GiB / 15.62GiB
14:55:37,courseregistrationplatform-backend_2-1,1.07%,230.9MiB / 15.62GiB
14:55:37,courseregistrationplatform-backend_1-1,102.90%,203.3MiB / 15.62GiB
14:55:37,courseregistrationplatform-frontend-1,0.00%,48.32MiB / 15.62GiB
14:55:37,courseregistrationplatform-worker_1-1,0.03%,31.49MiB / 15.62GiB
14:55:37,courseregistrationplatform-worker_2-1,0.02%,32.05MiB / 15.62GiB
14:55:37,courseregistrationplatform-nginx-1,23.32%,234.3MiB / 15.62GiB
14:55:37,courseregistrationplatform-ai-server-1,0.20%,110.6MiB / 15.62GiB
14:55:37,courseregistrationplatform-db-1,0.72%,429.6MiB / 15.62GiB
14:55:37,courseregistrationplatform-rabbitmq-1,0.47%,156.1MiB / 15.62GiB
14:55:37,courseregistrationplatform-redis-1,6.57%,8.656MiB / 15.62GiB
14:55:37,courseregistrationplatform-grafana-1,0.43%,52.53MiB / 15.62GiB
14:55:37,courseregistrationplatform-prometheus-1,2.08%,42.67MiB / 15.62GiB
14:55:37,sugang-control-plane,18.16%,716MiB / 15.62GiB
14:55:37,sugang-worker,6.74%,778.9MiB / 15.62GiB
14:55:37,sugang-worker2,7.47%,1.125GiB / 15.62GiB
14:55:37,biostream_api,8.63%,211MiB / 15.62GiB
14:55:37,biostream_mcp,0.00%,0B / 0B
14:55:37,biostream_qdrant,0.13%,151.7MiB / 15.62GiB
14:55:37,biostream_db,0.00%,36.32MiB / 15.62GiB
14:55:43,courseregistrationplatform-k6-run-fcf3ac954823,90.17%,2.64GiB / 15.62GiB
14:55:43,courseregistrationplatform-backend_2-1,101.34%,232.1MiB / 15.62GiB
14:55:43,courseregistrationplatform-backend_1-1,101.93%,206.9MiB / 15.62GiB
14:55:43,courseregistrationplatform-frontend-1,0.00%,48.32MiB / 15.62GiB
14:55:43,courseregistrationplatform-worker_1-1,0.03%,31.56MiB / 15.62GiB
14:55:43,courseregistrationplatform-worker_2-1,0.02%,32.16MiB / 15.62GiB
14:55:43,courseregistrationplatform-nginx-1,31.48%,225.4MiB / 15.62GiB
14:55:43,courseregistrationplatform-ai-server-1,0.22%,110.6MiB / 15.62GiB
14:55:43,courseregistrationplatform-db-1,0.69%,429.6MiB / 15.62GiB
14:55:43,courseregistrationplatform-rabbitmq-1,0.55%,156.1MiB / 15.62GiB
14:55:43,courseregistrationplatform-redis-1,13.49%,8.906MiB / 15.62GiB
14:55:43,courseregistrationplatform-grafana-1,0.07%,52.53MiB / 15.62GiB
14:55:43,courseregistrationplatform-prometheus-1,0.24%,42.67MiB / 15.62GiB
14:55:43,sugang-control-plane,10.79%,714.5MiB / 15.62GiB
14:55:43,sugang-worker,3.76%,777.8MiB / 15.62GiB
14:55:43,sugang-worker2,3.70%,1.125GiB / 15.62GiB
14:55:43,biostream_api,9.23%,211.8MiB / 15.62GiB
14:55:43,biostream_mcp,0.00%,0B / 0B
14:55:43,biostream_qdrant,0.12%,151.7MiB / 15.62GiB
14:55:43,biostream_db,0.00%,36.32MiB / 15.62GiB
14:55:51,courseregistrationplatform-k6-run-fcf3ac954823,345.19%,2.65GiB / 15.62GiB
14:55:51,courseregistrationplatform-backend_2-1,93.34%,212.2MiB / 15.62GiB
14:55:51,courseregistrationplatform-backend_1-1,6.50%,196.7MiB / 15.62GiB
14:55:51,courseregistrationplatform-frontend-1,0.00%,48.21MiB / 15.62GiB
14:55:51,courseregistrationplatform-worker_1-1,0.01%,32.03MiB / 15.62GiB
14:55:51,courseregistrationplatform-worker_2-1,0.02%,31.92MiB / 15.62GiB
14:55:51,courseregistrationplatform-nginx-1,44.36%,196.6MiB / 15.62GiB
14:55:51,courseregistrationplatform-ai-server-1,0.26%,111.3MiB / 15.62GiB
14:55:51,courseregistrationplatform-db-1,0.92%,429.6MiB / 15.62GiB
14:55:51,courseregistrationplatform-rabbitmq-1,0.62%,157.1MiB / 15.62GiB
14:55:51,courseregistrationplatform-redis-1,5.76%,8.652MiB / 15.62GiB
14:55:51,courseregistrationplatform-grafana-1,0.03%,52.52MiB / 15.62GiB
14:55:51,courseregistrationplatform-prometheus-1,0.87%,42.71MiB / 15.62GiB
14:55:51,sugang-control-plane,11.69%,719.1MiB / 15.62GiB
14:55:51,sugang-worker,4.61%,777.2MiB / 15.62GiB
14:55:51,sugang-worker2,7.55%,1.125GiB / 15.62GiB
14:55:51,biostream_api,7.20%,211.6MiB / 15.62GiB
14:55:51,biostream_mcp,0.00%,0B / 0B
14:55:51,biostream_qdrant,0.11%,151.5MiB / 15.62GiB
14:55:51,biostream_db,0.00%,36.26MiB / 15.62GiB
14:55:58,courseregistrationplatform-k6-run-fcf3ac954823,83.40%,2.65GiB / 15.62GiB
14:55:58,courseregistrationplatform-backend_2-1,110.50%,225.3MiB / 15.62GiB
14:55:58,courseregistrationplatform-backend_1-1,100.17%,204.3MiB / 15.62GiB
14:55:58,courseregistrationplatform-frontend-1,0.00%,48.21MiB / 15.62GiB
14:55:58,courseregistrationplatform-worker_1-1,0.84%,31.48MiB / 15.62GiB
14:55:58,courseregistrationplatform-worker_2-1,0.50%,32.23MiB / 15.62GiB
14:55:58,courseregistrationplatform-nginx-1,42.57%,227.2MiB / 15.62GiB
14:55:58,courseregistrationplatform-ai-server-1,0.19%,111.3MiB / 15.62GiB
14:55:58,courseregistrationplatform-db-1,2.04%,429.6MiB / 15.62GiB
14:55:58,courseregistrationplatform-rabbitmq-1,0.64%,156.9MiB / 15.62GiB
14:55:58,courseregistrationplatform-redis-1,12.27%,9.148MiB / 15.62GiB
14:55:58,courseregistrationplatform-grafana-1,0.16%,52.52MiB / 15.62GiB
14:55:58,courseregistrationplatform-prometheus-1,0.15%,42.71MiB / 15.62GiB
14:55:58,sugang-control-plane,14.79%,719.2MiB / 15.62GiB
14:55:58,sugang-worker,3.29%,777.8MiB / 15.62GiB
14:55:58,sugang-worker2,3.03%,1.127GiB / 15.62GiB
14:55:58,biostream_api,6.59%,211.4MiB / 15.62GiB
14:55:58,biostream_mcp,0.00%,0B / 0B
14:55:58,biostream_qdrant,0.12%,151.5MiB / 15.62GiB
14:55:58,biostream_db,0.00%,36.26MiB / 15.62GiB
14:56:05,courseregistrationplatform-k6-run-fcf3ac954823,55.11%,2.651GiB / 15.62GiB
14:56:05,courseregistrationplatform-backend_2-1,100.80%,228.4MiB / 15.62GiB
14:56:05,courseregistrationplatform-backend_1-1,104.61%,212.6MiB / 15.62GiB
14:56:05,courseregistrationplatform-frontend-1,0.00%,48.21MiB / 15.62GiB
14:56:05,courseregistrationplatform-worker_1-1,0.24%,31.79MiB / 15.62GiB
14:56:05,courseregistrationplatform-worker_2-1,0.38%,31.92MiB / 15.62GiB
14:56:05,courseregistrationplatform-nginx-1,29.61%,232.7MiB / 15.62GiB
14:56:05,courseregistrationplatform-ai-server-1,0.18%,111.3MiB / 15.62GiB
14:56:05,courseregistrationplatform-db-1,1.58%,429.6MiB / 15.62GiB
14:56:05,courseregistrationplatform-rabbitmq-1,0.79%,156.8MiB / 15.62GiB
14:56:05,courseregistrationplatform-redis-1,13.20%,8.664MiB / 15.62GiB
14:56:05,courseregistrationplatform-grafana-1,0.07%,52.52MiB / 15.62GiB
14:56:05,courseregistrationplatform-prometheus-1,0.31%,41.21MiB / 15.62GiB
14:56:05,sugang-control-plane,16.21%,716.5MiB / 15.62GiB
14:56:05,sugang-worker,5.04%,777.1MiB / 15.62GiB
14:56:05,sugang-worker2,6.04%,1.125GiB / 15.62GiB
14:56:05,biostream_api,8.22%,211.1MiB / 15.62GiB
14:56:05,biostream_mcp,0.00%,0B / 0B
14:56:05,biostream_qdrant,2.70%,151.5MiB / 15.62GiB
14:56:05,biostream_db,2.94%,36.62MiB / 15.62GiB
14:56:12,courseregistrationplatform-k6-run-fcf3ac954823,106.87%,2.65GiB / 15.62GiB
14:56:12,courseregistrationplatform-backend_2-1,98.25%,226.3MiB / 15.62GiB
14:56:12,courseregistrationplatform-backend_1-1,110.90%,243MiB / 15.62GiB
14:56:12,courseregistrationplatform-frontend-1,0.00%,48.21MiB / 15.62GiB
14:56:12,courseregistrationplatform-worker_1-1,0.01%,31.61MiB / 15.62GiB
14:56:12,courseregistrationplatform-worker_2-1,0.01%,31.73MiB / 15.62GiB
14:56:12,courseregistrationplatform-nginx-1,57.75%,235.6MiB / 15.62GiB
14:56:12,courseregistrationplatform-ai-server-1,0.19%,111.3MiB / 15.62GiB
14:56:12,courseregistrationplatform-db-1,0.62%,429.6MiB / 15.62GiB
14:56:12,courseregistrationplatform-rabbitmq-1,0.43%,156.8MiB / 15.62GiB
14:56:12,courseregistrationplatform-redis-1,10.28%,8.898MiB / 15.62GiB
14:56:12,courseregistrationplatform-grafana-1,0.04%,52.52MiB / 15.62GiB
14:56:12,courseregistrationplatform-prometheus-1,0.75%,41.22MiB / 15.62GiB
14:56:12,sugang-control-plane,12.98%,718.3MiB / 15.62GiB
14:56:12,sugang-worker,4.15%,777.4MiB / 15.62GiB
14:56:12,sugang-worker2,5.06%,1.133GiB / 15.62GiB
14:56:12,biostream_api,8.42%,212.1MiB / 15.62GiB
14:56:12,biostream_mcp,0.00%,0B / 0B
14:56:12,biostream_qdrant,0.11%,151.5MiB / 15.62GiB
14:56:12,biostream_db,0.00%,36.26MiB / 15.62GiB
14:56:19,courseregistrationplatform-k6-run-fcf3ac954823,52.58%,2.65GiB / 15.62GiB
14:56:19,courseregistrationplatform-backend_2-1,101.57%,233.6MiB / 15.62GiB
14:56:19,courseregistrationplatform-backend_1-1,103.10%,278.8MiB / 15.62GiB
14:56:19,courseregistrationplatform-frontend-1,0.00%,48.21MiB / 15.62GiB
14:56:19,courseregistrationplatform-worker_1-1,0.02%,32.25MiB / 15.62GiB
14:56:19,courseregistrationplatform-worker_2-1,0.01%,31.52MiB / 15.62GiB
14:56:19,courseregistrationplatform-nginx-1,21.37%,221.9MiB / 15.62GiB
14:56:19,courseregistrationplatform-ai-server-1,0.22%,111.3MiB / 15.62GiB
14:56:19,courseregistrationplatform-db-1,0.63%,429.6MiB / 15.62GiB
14:56:19,courseregistrationplatform-rabbitmq-1,0.23%,156.8MiB / 15.62GiB
14:56:19,courseregistrationplatform-redis-1,13.49%,9.141MiB / 15.62GiB
14:56:19,courseregistrationplatform-grafana-1,0.07%,52.52MiB / 15.62GiB
14:56:19,courseregistrationplatform-prometheus-1,0.14%,41.75MiB / 15.62GiB
14:56:19,sugang-control-plane,12.89%,718.6MiB / 15.62GiB
14:56:19,sugang-worker,3.24%,778MiB / 15.62GiB
14:56:19,sugang-worker2,4.29%,1.134GiB / 15.62GiB
14:56:19,biostream_api,8.08%,212.1MiB / 15.62GiB
14:56:19,biostream_mcp,0.00%,0B / 0B
14:56:19,biostream_qdrant,0.13%,151.5MiB / 15.62GiB
14:56:19,biostream_db,0.00%,36.26MiB / 15.62GiB
14:56:26,courseregistrationplatform-k6-run-fcf3ac954823,77.05%,2.65GiB / 15.62GiB
14:56:26,courseregistrationplatform-backend_2-1,103.26%,244.4MiB / 15.62GiB
14:56:26,courseregistrationplatform-backend_1-1,103.30%,232.6MiB / 15.62GiB
14:56:26,courseregistrationplatform-frontend-1,0.00%,48.11MiB / 15.62GiB
14:56:26,courseregistrationplatform-worker_1-1,0.02%,31.61MiB / 15.62GiB
14:56:26,courseregistrationplatform-worker_2-1,0.01%,31.82MiB / 15.62GiB
14:56:26,courseregistrationplatform-nginx-1,43.43%,217.9MiB / 15.62GiB
14:56:26,courseregistrationplatform-ai-server-1,0.17%,111.2MiB / 15.62GiB
14:56:26,courseregistrationplatform-db-1,0.72%,429.6MiB / 15.62GiB
14:56:26,courseregistrationplatform-rabbitmq-1,0.41%,156.9MiB / 15.62GiB
14:56:26,courseregistrationplatform-redis-1,12.08%,8.902MiB / 15.62GiB
14:56:26,courseregistrationplatform-grafana-1,0.08%,52.5MiB / 15.62GiB
14:56:26,courseregistrationplatform-prometheus-1,0.95%,42.39MiB / 15.62GiB
14:56:26,sugang-control-plane,13.51%,719.8MiB / 15.62GiB
14:56:26,sugang-worker,3.28%,777.7MiB / 15.62GiB
14:56:26,sugang-worker2,5.94%,1.135GiB / 15.62GiB
14:56:26,biostream_api,6.36%,211.6MiB / 15.62GiB
14:56:26,biostream_mcp,0.00%,0B / 0B
14:56:26,biostream_qdrant,0.11%,151.1MiB / 15.62GiB
14:56:26,biostream_db,0.00%,36.2MiB / 15.62GiB
14:56:33,courseregistrationplatform-k6-run-fcf3ac954823,119.48%,2.671GiB / 15.62GiB
14:56:33,courseregistrationplatform-backend_2-1,107.06%,246.7MiB / 15.62GiB
14:56:33,courseregistrationplatform-backend_1-1,105.06%,197.6MiB / 15.62GiB
14:56:33,courseregistrationplatform-frontend-1,0.00%,48.11MiB / 15.62GiB
14:56:33,courseregistrationplatform-worker_1-1,1.24%,32.22MiB / 15.62GiB
14:56:33,courseregistrationplatform-worker_2-1,1.22%,31.87MiB / 15.62GiB
14:56:33,courseregistrationplatform-nginx-1,60.85%,212.1MiB / 15.62GiB
14:56:33,courseregistrationplatform-ai-server-1,0.19%,111.2MiB / 15.62GiB
14:56:33,courseregistrationplatform-db-1,1.92%,429.6MiB / 15.62GiB
14:56:33,courseregistrationplatform-rabbitmq-1,1.10%,157MiB / 15.62GiB
14:56:33,courseregistrationplatform-redis-1,9.43%,9.148MiB / 15.62GiB
14:56:33,courseregistrationplatform-grafana-1,0.04%,52.5MiB / 15.62GiB
14:56:33,courseregistrationplatform-prometheus-1,0.16%,42.47MiB / 15.62GiB
14:56:33,sugang-control-plane,13.47%,720MiB / 15.62GiB
14:56:33,sugang-worker,5.29%,777MiB / 15.62GiB
14:56:33,sugang-worker2,8.28%,1.133GiB / 15.62GiB
14:56:33,biostream_api,9.17%,211.9MiB / 15.62GiB
14:56:33,biostream_mcp,0.00%,0B / 0B
14:56:33,biostream_qdrant,0.11%,151.1MiB / 15.62GiB
14:56:33,biostream_db,0.00%,36.2MiB / 15.62GiB
14:56:40,courseregistrationplatform-k6-run-fcf3ac954823,78.76%,2.829GiB / 15.62GiB
14:56:40,courseregistrationplatform-backend_2-1,99.41%,226.1MiB / 15.62GiB
14:56:40,courseregistrationplatform-backend_1-1,108.10%,215.4MiB / 15.62GiB
14:56:40,courseregistrationplatform-frontend-1,0.00%,48.11MiB / 15.62GiB
14:56:40,courseregistrationplatform-worker_1-1,0.03%,31.5MiB / 15.62GiB
14:56:40,courseregistrationplatform-worker_2-1,0.03%,32.29MiB / 15.62GiB
14:56:40,courseregistrationplatform-nginx-1,35.29%,229.9MiB / 15.62GiB
14:56:40,courseregistrationplatform-ai-server-1,0.18%,111.9MiB / 15.62GiB
14:56:40,courseregistrationplatform-db-1,0.79%,430.1MiB / 15.62GiB
14:56:40,courseregistrationplatform-rabbitmq-1,0.36%,157.7MiB / 15.62GiB
14:56:40,courseregistrationplatform-redis-1,11.98%,9.137MiB / 15.62GiB
14:56:40,courseregistrationplatform-grafana-1,0.07%,54.22MiB / 15.62GiB
14:56:40,courseregistrationplatform-prometheus-1,0.12%,42.25MiB / 15.62GiB
14:56:40,sugang-control-plane,13.61%,721.7MiB / 15.62GiB
14:56:40,sugang-worker,3.19%,785.4MiB / 15.62GiB
14:56:40,sugang-worker2,3.07%,1.135GiB / 15.62GiB
14:56:40,biostream_api,8.55%,213.9MiB / 15.62GiB
14:56:40,biostream_mcp,0.00%,0B / 0B
14:56:40,biostream_qdrant,0.24%,151MiB / 15.62GiB
14:56:40,biostream_db,0.00%,36.19MiB / 15.62GiB
14:56:46,courseregistrationplatform-k6-run-fcf3ac954823,69.74%,2.829GiB / 15.62GiB
14:56:46,courseregistrationplatform-backend_2-1,100.96%,215.2MiB / 15.62GiB
14:56:46,courseregistrationplatform-backend_1-1,102.72%,244.3MiB / 15.62GiB
14:56:46,courseregistrationplatform-frontend-1,0.00%,48.09MiB / 15.62GiB
14:56:46,courseregistrationplatform-worker_1-1,0.01%,31.96MiB / 15.62GiB
14:56:46,courseregistrationplatform-worker_2-1,0.02%,31.62MiB / 15.62GiB
14:56:46,courseregistrationplatform-nginx-1,29.04%,220.7MiB / 15.62GiB
14:56:46,courseregistrationplatform-ai-server-1,0.20%,112.1MiB / 15.62GiB
14:56:46,courseregistrationplatform-db-1,0.81%,430.5MiB / 15.62GiB
14:56:46,courseregistrationplatform-rabbitmq-1,0.82%,157.8MiB / 15.62GiB
14:56:46,courseregistrationplatform-redis-1,13.13%,8.938MiB / 15.62GiB
14:56:46,courseregistrationplatform-grafana-1,1.21%,54.73MiB / 15.62GiB
14:56:46,courseregistrationplatform-prometheus-1,0.09%,42.96MiB / 15.62GiB
14:56:46,sugang-control-plane,11.52%,724.3MiB / 15.62GiB
14:56:46,sugang-worker,7.21%,786.2MiB / 15.62GiB
14:56:46,sugang-worker2,6.56%,1.136GiB / 15.62GiB
14:56:46,biostream_api,8.37%,214MiB / 15.62GiB
14:56:46,biostream_mcp,0.00%,0B / 0B
14:56:46,biostream_qdrant,0.10%,150.9MiB / 15.62GiB
14:56:46,biostream_db,0.01%,36.18MiB / 15.62GiB
14:56:54,courseregistrationplatform-k6-run-fcf3ac954823,93.96%,2.829GiB / 15.62GiB
14:56:54,courseregistrationplatform-backend_2-1,97.59%,210.4MiB / 15.62GiB
14:56:54,courseregistrationplatform-backend_1-1,99.31%,285MiB / 15.62GiB
14:56:54,courseregistrationplatform-frontend-1,0.00%,48.03MiB / 15.62GiB
14:56:54,courseregistrationplatform-worker_1-1,0.90%,31.96MiB / 15.62GiB
14:56:54,courseregistrationplatform-worker_2-1,0.72%,31.46MiB / 15.62GiB
14:56:54,courseregistrationplatform-nginx-1,38.96%,205MiB / 15.62GiB
14:56:54,courseregistrationplatform-ai-server-1,0.19%,112.7MiB / 15.62GiB
14:56:54,courseregistrationplatform-db-1,1.85%,430.8MiB / 15.62GiB
14:56:54,courseregistrationplatform-rabbitmq-1,1.30%,158.3MiB / 15.62GiB
14:56:54,courseregistrationplatform-redis-1,11.61%,9.641MiB / 15.62GiB
14:56:54,courseregistrationplatform-grafana-1,0.04%,56.73MiB / 15.62GiB
14:56:54,courseregistrationplatform-prometheus-1,0.19%,44.31MiB / 15.62GiB
14:56:54,sugang-control-plane,10.31%,725.7MiB / 15.62GiB
14:56:54,sugang-worker,2.68%,785.8MiB / 15.62GiB
14:56:54,sugang-worker2,3.81%,1.137GiB / 15.62GiB
14:56:54,biostream_api,5.89%,214.2MiB / 15.62GiB
14:56:54,biostream_mcp,0.00%,0B / 0B
14:56:54,biostream_qdrant,2.72%,151.2MiB / 15.62GiB
14:56:54,biostream_db,0.00%,36.14MiB / 15.62GiB
14:57:01,courseregistrationplatform-k6-run-fcf3ac954823,105.35%,2.829GiB / 15.62GiB
14:57:01,courseregistrationplatform-backend_2-1,98.16%,273.2MiB / 15.62GiB
14:57:01,courseregistrationplatform-backend_1-1,101.49%,277.4MiB / 15.62GiB
14:57:01,courseregistrationplatform-frontend-1,0.00%,48.03MiB / 15.62GiB
14:57:01,courseregistrationplatform-worker_1-1,0.57%,32.53MiB / 15.62GiB
14:57:01,courseregistrationplatform-worker_2-1,0.42%,32.25MiB / 15.62GiB
14:57:01,courseregistrationplatform-nginx-1,52.38%,229.6MiB / 15.62GiB
14:57:01,courseregistrationplatform-ai-server-1,0.18%,112.7MiB / 15.62GiB
14:57:01,courseregistrationplatform-db-1,1.41%,432.7MiB / 15.62GiB
14:57:01,courseregistrationplatform-rabbitmq-1,0.70%,158.6MiB / 15.62GiB
14:57:01,courseregistrationplatform-redis-1,10.55%,9.406MiB / 15.62GiB
14:57:01,courseregistrationplatform-grafana-1,0.07%,56.73MiB / 15.62GiB
14:57:01,courseregistrationplatform-prometheus-1,0.77%,44.32MiB / 15.62GiB
14:57:01,sugang-control-plane,14.09%,725.3MiB / 15.62GiB
14:57:01,sugang-worker,4.60%,785.4MiB / 15.62GiB
14:57:01,sugang-worker2,5.79%,1.139GiB / 15.62GiB
14:57:01,biostream_api,6.71%,215.5MiB / 15.62GiB
14:57:01,biostream_mcp,0.00%,0B / 0B
14:57:01,biostream_qdrant,0.11%,150.6MiB / 15.62GiB
14:57:01,biostream_db,3.76%,36.16MiB / 15.62GiB
14:57:08,courseregistrationplatform-k6-run-fcf3ac954823,105.12%,2.829GiB / 15.62GiB
14:57:08,courseregistrationplatform-backend_2-1,102.70%,229MiB / 15.62GiB
14:57:08,courseregistrationplatform-backend_1-1,102.51%,341.2MiB / 15.62GiB
14:57:08,courseregistrationplatform-frontend-1,0.00%,48.03MiB / 15.62GiB
14:57:08,courseregistrationplatform-worker_1-1,0.19%,31.85MiB / 15.62GiB
14:57:08,courseregistrationplatform-worker_2-1,0.01%,31.43MiB / 15.62GiB
14:57:08,courseregistrationplatform-nginx-1,49.85%,203.5MiB / 15.62GiB
14:57:08,courseregistrationplatform-ai-server-1,0.28%,112.7MiB / 15.62GiB
14:57:08,courseregistrationplatform-db-1,1.44%,432.2MiB / 15.62GiB
14:57:08,courseregistrationplatform-rabbitmq-1,0.40%,158.4MiB / 15.62GiB
14:57:08,courseregistrationplatform-redis-1,11.84%,9.648MiB / 15.62GiB
14:57:08,courseregistrationplatform-grafana-1,0.18%,56.73MiB / 15.62GiB
14:57:08,courseregistrationplatform-prometheus-1,0.08%,44.32MiB / 15.62GiB
14:57:08,sugang-control-plane,10.91%,726.2MiB / 15.62GiB
14:57:08,sugang-worker,2.65%,785.2MiB / 15.62GiB
14:57:08,sugang-worker2,4.66%,1.137GiB / 15.62GiB
14:57:08,biostream_api,8.65%,215.9MiB / 15.62GiB
14:57:08,biostream_mcp,0.00%,0B / 0B
14:57:08,biostream_qdrant,0.13%,150.6MiB / 15.62GiB
14:57:08,biostream_db,0.00%,36.14MiB / 15.62GiB
14:57:15,courseregistrationplatform-k6-run-fcf3ac954823,76.70%,2.829GiB / 15.62GiB
14:57:15,courseregistrationplatform-backend_2-1,94.99%,144.5MiB / 15.62GiB
14:57:15,courseregistrationplatform-backend_1-1,103.39%,305.7MiB / 15.62GiB
14:57:15,courseregistrationplatform-frontend-1,0.00%,47.99MiB / 15.62GiB
14:57:15,courseregistrationplatform-worker_1-1,0.03%,32.24MiB / 15.62GiB
14:57:15,courseregistrationplatform-worker_2-1,0.03%,31.91MiB / 15.62GiB
14:57:15,courseregistrationplatform-nginx-1,29.06%,229.6MiB / 15.62GiB
14:57:15,courseregistrationplatform-ai-server-1,0.18%,112.7MiB / 15.62GiB
14:57:15,courseregistrationplatform-db-1,0.65%,432.2MiB / 15.62GiB
14:57:15,courseregistrationplatform-rabbitmq-1,0.34%,158.5MiB / 15.62GiB
14:57:15,courseregistrationplatform-redis-1,10.98%,9.223MiB / 15.62GiB
14:57:15,courseregistrationplatform-grafana-1,0.07%,57.3MiB / 15.62GiB
14:57:15,courseregistrationplatform-prometheus-1,0.17%,44.63MiB / 15.62GiB
14:57:15,sugang-control-plane,10.12%,727.3MiB / 15.62GiB
14:57:15,sugang-worker,3.55%,785MiB / 15.62GiB
14:57:15,sugang-worker2,3.92%,1.137GiB / 15.62GiB
14:57:15,biostream_api,8.73%,215.2MiB / 15.62GiB
14:57:15,biostream_mcp,0.00%,0B / 0B
14:57:15,biostream_qdrant,2.72%,150.4MiB / 15.62GiB
14:57:15,biostream_db,0.01%,36.12MiB / 15.62GiB
14:57:22,courseregistrationplatform-k6-run-fcf3ac954823,52.55%,2.828GiB / 15.62GiB
14:57:22,courseregistrationplatform-backend_2-1,103.43%,165.3MiB / 15.62GiB
14:57:22,courseregistrationplatform-backend_1-1,101.53%,260.2MiB / 15.62GiB
14:57:22,courseregistrationplatform-frontend-1,0.00%,47.99MiB / 15.62GiB
14:57:22,courseregistrationplatform-worker_1-1,0.02%,31.95MiB / 15.62GiB
14:57:22,courseregistrationplatform-worker_2-1,0.04%,32.31MiB / 15.62GiB
14:57:22,courseregistrationplatform-nginx-1,30.12%,221.2MiB / 15.62GiB
14:57:22,courseregistrationplatform-ai-server-1,0.19%,112.7MiB / 15.62GiB
14:57:22,courseregistrationplatform-db-1,0.69%,432.6MiB / 15.62GiB
14:57:22,courseregistrationplatform-rabbitmq-1,0.40%,158.5MiB / 15.62GiB
14:57:22,courseregistrationplatform-redis-1,13.61%,9.465MiB / 15.62GiB
14:57:22,courseregistrationplatform-grafana-1,0.04%,57.3MiB / 15.62GiB
14:57:22,courseregistrationplatform-prometheus-1,0.06%,44.63MiB / 15.62GiB
14:57:22,sugang-control-plane,13.22%,727.6MiB / 15.62GiB
14:57:22,sugang-worker,2.27%,785.4MiB / 15.62GiB
14:57:22,sugang-worker2,3.53%,1.138GiB / 15.62GiB
14:57:22,biostream_api,8.51%,215.1MiB / 15.62GiB
14:57:22,biostream_mcp,0.00%,0B / 0B
14:57:22,biostream_qdrant,0.12%,150.4MiB / 15.62GiB
14:57:22,biostream_db,3.45%,36.12MiB / 15.62GiB
14:57:29,courseregistrationplatform-k6-run-fcf3ac954823,66.49%,2.847GiB / 15.62GiB
14:57:29,courseregistrationplatform-backend_2-1,103.97%,214.8MiB / 15.62GiB
14:57:29,courseregistrationplatform-backend_1-1,95.11%,235.6MiB / 15.62GiB
14:57:29,courseregistrationplatform-frontend-1,0.00%,47.99MiB / 15.62GiB
14:57:29,courseregistrationplatform-worker_1-1,0.01%,31.87MiB / 15.62GiB
14:57:29,courseregistrationplatform-worker_2-1,0.01%,31.97MiB / 15.62GiB
14:57:29,courseregistrationplatform-nginx-1,21.63%,223.7MiB / 15.62GiB
14:57:29,courseregistrationplatform-ai-server-1,0.18%,112.7MiB / 15.62GiB
14:57:29,courseregistrationplatform-db-1,0.71%,432.7MiB / 15.62GiB
14:57:29,courseregistrationplatform-rabbitmq-1,0.30%,158.6MiB / 15.62GiB
14:57:29,courseregistrationplatform-redis-1,12.88%,9.707MiB / 15.62GiB
14:57:29,courseregistrationplatform-grafana-1,0.04%,57.3MiB / 15.62GiB
14:57:29,courseregistrationplatform-prometheus-1,0.11%,44.62MiB / 15.62GiB
14:57:29,sugang-control-plane,17.27%,728.2MiB / 15.62GiB
14:57:29,sugang-worker,5.08%,785.3MiB / 15.62GiB
14:57:29,sugang-worker2,4.33%,1.139GiB / 15.62GiB
14:57:29,biostream_api,6.46%,215.1MiB / 15.62GiB
14:57:29,biostream_mcp,0.00%,0B / 0B
14:57:29,biostream_qdrant,0.13%,150.4MiB / 15.62GiB
14:57:29,biostream_db,0.00%,36.12MiB / 15.62GiB
14:57:36,courseregistrationplatform-k6-run-fcf3ac954823,57.80%,2.959GiB / 15.62GiB
14:57:36,courseregistrationplatform-backend_2-1,102.11%,194.5MiB / 15.62GiB
14:57:36,courseregistrationplatform-backend_1-1,97.77%,186.8MiB / 15.62GiB
14:57:36,courseregistrationplatform-frontend-1,0.00%,47.99MiB / 15.62GiB
14:57:36,courseregistrationplatform-worker_1-1,0.01%,31.44MiB / 15.62GiB
14:57:36,courseregistrationplatform-worker_2-1,0.02%,31.42MiB / 15.62GiB
14:57:36,courseregistrationplatform-nginx-1,25.45%,241.4MiB / 15.62GiB
14:57:36,courseregistrationplatform-ai-server-1,0.17%,112.7MiB / 15.62GiB
14:57:36,courseregistrationplatform-db-1,3.64%,432.7MiB / 15.62GiB
14:57:36,courseregistrationplatform-rabbitmq-1,0.46%,158.6MiB / 15.62GiB
14:57:36,courseregistrationplatform-redis-1,13.12%,9.465MiB / 15.62GiB
14:57:36,courseregistrationplatform-grafana-1,0.06%,57.3MiB / 15.62GiB
14:57:36,courseregistrationplatform-prometheus-1,0.70%,44.77MiB / 15.62GiB
14:57:36,sugang-control-plane,10.78%,725.6MiB / 15.62GiB
14:57:36,sugang-worker,3.19%,785.4MiB / 15.62GiB
14:57:36,sugang-worker2,7.38%,1.138GiB / 15.62GiB
14:57:36,biostream_api,8.40%,215.7MiB / 15.62GiB
14:57:36,biostream_mcp,0.00%,0B / 0B
14:57:36,biostream_qdrant,0.12%,150.4MiB / 15.62GiB
14:57:36,biostream_db,3.43%,36.12MiB / 15.62GiB
14:57:44,courseregistrationplatform-k6-run-fcf3ac954823,93.16%,2.959GiB / 15.62GiB
14:57:44,courseregistrationplatform-backend_2-1,83.44%,150.8MiB / 15.62GiB
14:57:44,courseregistrationplatform-backend_1-1,100.92%,224.5MiB / 15.62GiB
14:57:44,courseregistrationplatform-frontend-1,0.00%,47.99MiB / 15.62GiB
14:57:44,courseregistrationplatform-worker_1-1,0.01%,31.75MiB / 15.62GiB
14:57:44,courseregistrationplatform-worker_2-1,0.21%,31.81MiB / 15.62GiB
14:57:44,courseregistrationplatform-nginx-1,36.97%,228MiB / 15.62GiB
14:57:44,courseregistrationplatform-ai-server-1,0.21%,112.7MiB / 15.62GiB
14:57:44,courseregistrationplatform-db-1,1.19%,432.7MiB / 15.62GiB
14:57:44,courseregistrationplatform-rabbitmq-1,0.70%,158.6MiB / 15.62GiB
14:57:44,courseregistrationplatform-redis-1,10.14%,9.695MiB / 15.62GiB
14:57:44,courseregistrationplatform-grafana-1,0.07%,57.3MiB / 15.62GiB
14:57:44,courseregistrationplatform-prometheus-1,0.15%,44.78MiB / 15.62GiB
14:57:44,sugang-control-plane,10.66%,726.1MiB / 15.62GiB
14:57:44,sugang-worker,4.56%,785.1MiB / 15.62GiB
14:57:44,sugang-worker2,3.19%,1.138GiB / 15.62GiB
14:57:44,biostream_api,8.81%,214.7MiB / 15.62GiB
14:57:44,biostream_mcp,0.00%,0B / 0B
14:57:44,biostream_qdrant,0.11%,150.4MiB / 15.62GiB
14:57:44,biostream_db,0.00%,36.12MiB / 15.62GiB
14:57:51,courseregistrationplatform-k6-run-fcf3ac954823,47.80%,2.959GiB / 15.62GiB
14:57:51,courseregistrationplatform-backend_2-1,102.59%,167MiB / 15.62GiB
14:57:51,courseregistrationplatform-backend_1-1,0.01%,252.3MiB / 15.62GiB
14:57:51,courseregistrationplatform-frontend-1,0.00%,47.88MiB / 15.62GiB
14:57:51,courseregistrationplatform-worker_1-1,0.02%,31.61MiB / 15.62GiB
14:57:51,courseregistrationplatform-worker_2-1,0.01%,31.67MiB / 15.62GiB
14:57:51,courseregistrationplatform-nginx-1,26.75%,250.5MiB / 15.62GiB
14:57:51,courseregistrationplatform-ai-server-1,0.19%,113.4MiB / 15.62GiB
14:57:51,courseregistrationplatform-db-1,0.89%,432.6MiB / 15.62GiB
14:57:51,courseregistrationplatform-rabbitmq-1,0.40%,158.8MiB / 15.62GiB
14:57:51,courseregistrationplatform-redis-1,8.74%,9.531MiB / 15.62GiB
14:57:51,courseregistrationplatform-grafana-1,0.03%,57.95MiB / 15.62GiB
14:57:51,courseregistrationplatform-prometheus-1,0.30%,45.34MiB / 15.62GiB
14:57:51,sugang-control-plane,14.63%,728.8MiB / 15.62GiB
14:57:51,sugang-worker,4.78%,785.4MiB / 15.62GiB
14:57:51,sugang-worker2,4.94%,1.139GiB / 15.62GiB
14:57:51,biostream_api,7.73%,214.8MiB / 15.62GiB
14:57:51,biostream_qdrant,0.11%,150.2MiB / 15.62GiB
14:57:51,biostream_db,0.00%,36.04MiB / 15.62GiB
14:57:59,courseregistrationplatform-k6-run-fcf3ac954823,75.27%,2.959GiB / 15.62GiB
14:57:59,courseregistrationplatform-backend_2-1,108.29%,205.5MiB / 15.62GiB
14:57:59,courseregistrationplatform-backend_1-1,107.59%,134.5MiB / 15.62GiB
14:57:59,courseregistrationplatform-frontend-1,0.00%,47.94MiB / 15.62GiB
14:57:59,courseregistrationplatform-worker_1-1,0.24%,32.23MiB / 15.62GiB
14:57:59,courseregistrationplatform-worker_2-1,0.55%,31.48MiB / 15.62GiB
14:57:59,courseregistrationplatform-nginx-1,38.11%,233.4MiB / 15.62GiB
14:57:59,courseregistrationplatform-ai-server-1,0.20%,113.5MiB / 15.62GiB
14:57:59,courseregistrationplatform-db-1,1.17%,433.1MiB / 15.62GiB
14:57:59,courseregistrationplatform-rabbitmq-1,0.54%,158.6MiB / 15.62GiB
14:57:59,courseregistrationplatform-redis-1,11.09%,9.801MiB / 15.62GiB
14:57:59,courseregistrationplatform-grafana-1,0.07%,58.23MiB / 15.62GiB
14:57:59,courseregistrationplatform-prometheus-1,0.15%,45.54MiB / 15.62GiB
14:57:59,sugang-control-plane,14.00%,729.3MiB / 15.62GiB
14:57:59,sugang-worker,4.24%,785.8MiB / 15.62GiB
14:57:59,sugang-worker2,3.15%,1.14GiB / 15.62GiB
14:57:59,biostream_api,8.65%,215.1MiB / 15.62GiB
14:57:59,biostream_mcp,0.00%,0B / 0B
14:57:59,biostream_qdrant,0.23%,150.2MiB / 15.62GiB
14:57:59,biostream_db,0.00%,36.09MiB / 15.62GiB
14:58:06,courseregistrationplatform-k6-run-fcf3ac954823,56.61%,2.959GiB / 15.62GiB
14:58:06,courseregistrationplatform-backend_2-1,37.19%,177.2MiB / 15.62GiB
14:58:06,courseregistrationplatform-backend_1-1,96.62%,172.4MiB / 15.62GiB
14:58:06,courseregistrationplatform-frontend-1,0.00%,47.94MiB / 15.62GiB
14:58:06,courseregistrationplatform-worker_1-1,0.48%,31.68MiB / 15.62GiB
14:58:06,courseregistrationplatform-worker_2-1,0.56%,32.02MiB / 15.62GiB
14:58:06,courseregistrationplatform-nginx-1,21.70%,242.4MiB / 15.62GiB
14:58:06,courseregistrationplatform-ai-server-1,0.18%,113.5MiB / 15.62GiB
14:58:06,courseregistrationplatform-db-1,4.94%,433.1MiB / 15.62GiB
14:58:06,courseregistrationplatform-rabbitmq-1,0.83%,158.9MiB / 15.62GiB
14:58:06,courseregistrationplatform-redis-1,10.29%,9.32MiB / 15.62GiB
14:58:06,courseregistrationplatform-grafana-1,0.07%,58.23MiB / 15.62GiB
14:58:06,courseregistrationplatform-prometheus-1,0.72%,46.17MiB / 15.62GiB
14:58:06,sugang-control-plane,12.05%,727.8MiB / 15.62GiB
14:58:06,sugang-worker,5.88%,792.6MiB / 15.62GiB
14:58:06,sugang-worker2,9.89%,1.141GiB / 15.62GiB
14:58:06,biostream_api,8.49%,214.6MiB / 15.62GiB
14:58:06,biostream_mcp,0.00%,0B / 0B
14:58:06,biostream_qdrant,0.11%,150.2MiB / 15.62GiB
14:58:06,biostream_db,0.02%,36.09MiB / 15.62GiB
14:58:14,courseregistrationplatform-k6-run-fcf3ac954823,74.39%,2.959GiB / 15.62GiB
14:58:14,courseregistrationplatform-backend_2-1,104.30%,209.7MiB / 15.62GiB
14:58:14,courseregistrationplatform-backend_1-1,113.11%,193.1MiB / 15.62GiB
14:58:14,courseregistrationplatform-frontend-1,0.00%,47.94MiB / 15.62GiB
14:58:14,courseregistrationplatform-worker_1-1,0.02%,32.22MiB / 15.62GiB
14:58:14,courseregistrationplatform-worker_2-1,0.90%,31.86MiB / 15.62GiB
14:58:14,courseregistrationplatform-nginx-1,51.19%,234.7MiB / 15.62GiB
14:58:14,courseregistrationplatform-ai-server-1,0.26%,113.5MiB / 15.62GiB
14:58:14,courseregistrationplatform-db-1,2.11%,433.1MiB / 15.62GiB
14:58:14,courseregistrationplatform-rabbitmq-1,0.36%,158.7MiB / 15.62GiB
14:58:14,courseregistrationplatform-redis-1,12.16%,9.809MiB / 15.62GiB
14:58:14,courseregistrationplatform-grafana-1,0.07%,58.23MiB / 15.62GiB
14:58:14,courseregistrationplatform-prometheus-1,0.20%,46.25MiB / 15.62GiB
14:58:14,sugang-control-plane,14.51%,729MiB / 15.62GiB
14:58:14,sugang-worker,4.63%,793.3MiB / 15.62GiB
14:58:14,sugang-worker2,4.41%,1.139GiB / 15.62GiB
14:58:14,biostream_api,9.59%,215.1MiB / 15.62GiB
14:58:14,biostream_mcp,0.00%,0B / 0B
14:58:14,biostream_qdrant,0.18%,150.2MiB / 15.62GiB
14:58:14,biostream_db,0.00%,36.09MiB / 15.62GiB
14:58:22,courseregistrationplatform-k6-run-fcf3ac954823,75.62%,2.958GiB / 15.62GiB
14:58:22,courseregistrationplatform-backend_2-1,101.06%,221.4MiB / 15.62GiB
14:58:22,courseregistrationplatform-backend_1-1,102.17%,174.6MiB / 15.62GiB
14:58:22,courseregistrationplatform-frontend-1,0.00%,47.94MiB / 15.62GiB
14:58:22,courseregistrationplatform-worker_1-1,0.27%,32.03MiB / 15.62GiB
14:58:22,courseregistrationplatform-worker_2-1,0.01%,31.56MiB / 15.62GiB
14:58:22,courseregistrationplatform-nginx-1,33.27%,234.6MiB / 15.62GiB
14:58:22,courseregistrationplatform-ai-server-1,0.20%,113.5MiB / 15.62GiB
14:58:22,courseregistrationplatform-db-1,1.23%,433.1MiB / 15.62GiB
14:58:22,courseregistrationplatform-rabbitmq-1,0.84%,158.9MiB / 15.62GiB
14:58:22,courseregistrationplatform-redis-1,11.95%,9.32MiB / 15.62GiB
14:58:22,courseregistrationplatform-grafana-1,0.05%,58.23MiB / 15.62GiB
14:58:22,courseregistrationplatform-prometheus-1,0.11%,46.25MiB / 15.62GiB
14:58:22,sugang-control-plane,17.01%,729.4MiB / 15.62GiB
14:58:22,sugang-worker,5.89%,794.4MiB / 15.62GiB
14:58:22,sugang-worker2,4.19%,1.143GiB / 15.62GiB
14:58:22,biostream_api,7.94%,214.3MiB / 15.62GiB
14:58:22,biostream_mcp,0.00%,0B / 0B
14:58:22,biostream_qdrant,0.14%,150.2MiB / 15.62GiB
14:58:22,biostream_db,3.38%,36.09MiB / 15.62GiB
14:58:29,courseregistrationplatform-k6-run-fcf3ac954823,70.62%,2.96GiB / 15.62GiB
14:58:29,courseregistrationplatform-backend_2-1,101.94%,252.5MiB / 15.62GiB
14:58:29,courseregistrationplatform-backend_1-1,100.08%,171.5MiB / 15.62GiB
14:58:29,courseregistrationplatform-frontend-1,0.00%,47.92MiB / 15.62GiB
14:58:29,courseregistrationplatform-worker_1-1,0.01%,32.34MiB / 15.62GiB
14:58:29,courseregistrationplatform-worker_2-1,0.01%,31.87MiB / 15.62GiB
14:58:29,courseregistrationplatform-nginx-1,30.32%,237.8MiB / 15.62GiB
14:58:29,courseregistrationplatform-ai-server-1,0.20%,113.7MiB / 15.62GiB
14:58:29,courseregistrationplatform-db-1,0.68%,433.1MiB / 15.62GiB
14:58:29,courseregistrationplatform-rabbitmq-1,0.25%,158.7MiB / 15.62GiB
14:58:29,courseregistrationplatform-redis-1,12.05%,9.812MiB / 15.62GiB
14:58:29,courseregistrationplatform-grafana-1,0.10%,58.38MiB / 15.62GiB
14:58:29,courseregistrationplatform-prometheus-1,0.14%,46.35MiB / 15.62GiB
14:58:29,sugang-control-plane,12.38%,730.3MiB / 15.62GiB
14:58:29,sugang-worker,5.40%,817.3MiB / 15.62GiB
14:58:29,sugang-worker2,5.10%,1.144GiB / 15.62GiB
14:58:29,biostream_api,5.85%,215.3MiB / 15.62GiB
14:58:29,biostream_mcp,0.00%,0B / 0B
14:58:29,biostream_qdrant,0.13%,150.1MiB / 15.62GiB
14:58:29,biostream_db,0.00%,36.08MiB / 15.62GiB
14:58:37,courseregistrationplatform-k6-run-fcf3ac954823,72.30%,2.958GiB / 15.62GiB
14:58:37,courseregistrationplatform-backend_2-1,100.60%,207.9MiB / 15.62GiB
14:58:37,courseregistrationplatform-backend_1-1,103.52%,202.7MiB / 15.62GiB
14:58:37,courseregistrationplatform-frontend-1,0.00%,47.92MiB / 15.62GiB
14:58:37,courseregistrationplatform-worker_1-1,0.01%,31.95MiB / 15.62GiB
14:58:37,courseregistrationplatform-worker_2-1,0.02%,31.64MiB / 15.62GiB
14:58:37,courseregistrationplatform-nginx-1,30.51%,224.4MiB / 15.62GiB
14:58:37,courseregistrationplatform-ai-server-1,0.19%,113.7MiB / 15.62GiB
14:58:37,courseregistrationplatform-db-1,0.74%,433.1MiB / 15.62GiB
14:58:37,courseregistrationplatform-rabbitmq-1,0.69%,158.8MiB / 15.62GiB
14:58:37,courseregistrationplatform-redis-1,13.58%,9.816MiB / 15.62GiB
14:58:37,courseregistrationplatform-grafana-1,0.07%,58.38MiB / 15.62GiB
14:58:37,courseregistrationplatform-prometheus-1,0.15%,46.35MiB / 15.62GiB
14:58:37,sugang-control-plane,15.51%,728.9MiB / 15.62GiB
14:58:37,sugang-worker,3.63%,817.5MiB / 15.62GiB
14:58:37,sugang-worker2,4.37%,1.143GiB / 15.62GiB
14:58:37,biostream_api,8.75%,215.1MiB / 15.62GiB
14:58:37,biostream_mcp,0.00%,0B / 0B
14:58:37,biostream_qdrant,0.12%,150.1MiB / 15.62GiB
14:58:37,biostream_db,3.42%,36.08MiB / 15.62GiB
14:58:45,courseregistrationplatform-k6-run-fcf3ac954823,115.52%,2.979GiB / 15.62GiB
14:58:45,courseregistrationplatform-backend_2-1,98.18%,193.1MiB / 15.62GiB
14:58:45,courseregistrationplatform-backend_1-1,94.85%,223.5MiB / 15.62GiB
14:58:45,courseregistrationplatform-frontend-1,0.00%,47.92MiB / 15.62GiB
14:58:45,courseregistrationplatform-worker_1-1,0.02%,32.36MiB / 15.62GiB
14:58:45,courseregistrationplatform-worker_2-1,0.02%,32.12MiB / 15.62GiB
14:58:45,courseregistrationplatform-nginx-1,50.51%,239.2MiB / 15.62GiB
14:58:45,courseregistrationplatform-ai-server-1,0.21%,113.7MiB / 15.62GiB
14:58:45,courseregistrationplatform-db-1,0.62%,433.1MiB / 15.62GiB
14:58:45,courseregistrationplatform-rabbitmq-1,0.30%,158.8MiB / 15.62GiB
14:58:45,courseregistrationplatform-redis-1,10.05%,9.82MiB / 15.62GiB
14:58:45,courseregistrationplatform-grafana-1,0.07%,58.38MiB / 15.62GiB
14:58:45,courseregistrationplatform-prometheus-1,0.22%,46.35MiB / 15.62GiB
14:58:45,sugang-control-plane,7.84%,729.4MiB / 15.62GiB
14:58:45,sugang-worker,4.98%,825.5MiB / 15.62GiB
14:58:45,sugang-worker2,3.02%,1.143GiB / 15.62GiB
14:58:45,biostream_api,8.61%,215.6MiB / 15.62GiB
14:58:45,biostream_mcp,0.00%,0B / 0B
14:58:45,biostream_qdrant,0.36%,150.1MiB / 15.62GiB
14:58:45,biostream_db,0.00%,36.08MiB / 15.62GiB
14:58:52,courseregistrationplatform-k6-run-fcf3ac954823,69.04%,2.979GiB / 15.62GiB
14:58:52,courseregistrationplatform-backend_2-1,102.61%,212MiB / 15.62GiB
14:58:52,courseregistrationplatform-backend_1-1,38.75%,202.4MiB / 15.62GiB
14:58:52,courseregistrationplatform-frontend-1,0.00%,47.92MiB / 15.62GiB
14:58:52,courseregistrationplatform-worker_1-1,0.71%,31.97MiB / 15.62GiB
14:58:52,courseregistrationplatform-worker_2-1,0.61%,31.89MiB / 15.62GiB
14:58:52,courseregistrationplatform-nginx-1,19.90%,214.2MiB / 15.62GiB
14:58:52,courseregistrationplatform-ai-server-1,0.16%,113.7MiB / 15.62GiB
14:58:52,courseregistrationplatform-db-1,1.74%,433.1MiB / 15.62GiB
14:58:52,courseregistrationplatform-rabbitmq-1,0.86%,158.8MiB / 15.62GiB
14:58:52,courseregistrationplatform-redis-1,9.09%,9.578MiB / 15.62GiB
14:58:52,courseregistrationplatform-grafana-1,0.04%,58.38MiB / 15.62GiB
14:58:52,courseregistrationplatform-prometheus-1,0.43%,46.86MiB / 15.62GiB
14:58:52,sugang-control-plane,18.45%,730.9MiB / 15.62GiB
14:58:52,sugang-worker,4.00%,825.3MiB / 15.62GiB
14:58:52,sugang-worker2,4.84%,1.144GiB / 15.62GiB
14:58:52,biostream_api,5.83%,215.6MiB / 15.62GiB
14:58:52,biostream_mcp,0.00%,0B / 0B
14:58:52,biostream_qdrant,0.11%,150.1MiB / 15.62GiB
14:58:52,biostream_db,0.00%,36.08MiB / 15.62GiB
14:58:58,courseregistrationplatform-k6-run-fcf3ac954823,71.60%,2.979GiB / 15.62GiB
14:58:58,courseregistrationplatform-backend_2-1,86.98%,205.8MiB / 15.62GiB
14:58:58,courseregistrationplatform-backend_1-1,104.52%,194.5MiB / 15.62GiB
14:58:58,courseregistrationplatform-frontend-1,0.00%,47.92MiB / 15.62GiB
14:58:58,courseregistrationplatform-worker_1-1,0.02%,31.52MiB / 15.62GiB
14:58:58,courseregistrationplatform-worker_2-1,0.01%,32.29MiB / 15.62GiB
14:58:58,courseregistrationplatform-nginx-1,18.71%,234.6MiB / 15.62GiB
14:58:58,courseregistrationplatform-ai-server-1,0.17%,113.9MiB / 15.62GiB
14:58:58,courseregistrationplatform-db-1,0.70%,433.6MiB / 15.62GiB
14:58:58,courseregistrationplatform-rabbitmq-1,0.34%,159.2MiB / 15.62GiB
14:58:58,courseregistrationplatform-redis-1,12.32%,9.445MiB / 15.62GiB
14:58:58,courseregistrationplatform-grafana-1,0.13%,59.4MiB / 15.62GiB
14:58:58,courseregistrationplatform-prometheus-1,1.16%,47.69MiB / 15.62GiB
14:58:58,sugang-control-plane,9.54%,733.9MiB / 15.62GiB
14:58:58,sugang-worker,2.95%,826.2MiB / 15.62GiB
14:58:58,sugang-worker2,3.55%,1.145GiB / 15.62GiB
14:58:58,biostream_api,8.33%,214.8MiB / 15.62GiB
14:58:58,biostream_mcp,0.00%,0B / 0B
14:58:58,biostream_qdrant,0.12%,150.1MiB / 15.62GiB
14:58:58,biostream_db,0.00%,36.07MiB / 15.62GiB
14:59:05,courseregistrationplatform-k6-run-fcf3ac954823,89.36%,2.98GiB / 15.62GiB
14:59:05,courseregistrationplatform-backend_2-1,96.23%,168.9MiB / 15.62GiB
14:59:05,courseregistrationplatform-backend_1-1,105.65%,211.3MiB / 15.62GiB
14:59:05,courseregistrationplatform-frontend-1,0.00%,47.92MiB / 15.62GiB
14:59:05,courseregistrationplatform-worker_1-1,0.02%,31.84MiB / 15.62GiB
14:59:05,courseregistrationplatform-worker_2-1,0.22%,31.71MiB / 15.62GiB
14:59:05,courseregistrationplatform-nginx-1,41.96%,228.2MiB / 15.62GiB
14:59:05,courseregistrationplatform-ai-server-1,0.18%,113.9MiB / 15.62GiB
14:59:05,courseregistrationplatform-db-1,1.33%,433.8MiB / 15.62GiB
14:59:05,courseregistrationplatform-rabbitmq-1,0.35%,159.2MiB / 15.62GiB
14:59:05,courseregistrationplatform-redis-1,10.55%,9.445MiB / 15.62GiB
14:59:05,courseregistrationplatform-grafana-1,0.05%,59.4MiB / 15.62GiB
14:59:05,courseregistrationplatform-prometheus-1,0.11%,46.2MiB / 15.62GiB
14:59:05,sugang-control-plane,17.57%,732.7MiB / 15.62GiB
14:59:05,sugang-worker,5.40%,825.2MiB / 15.62GiB
14:59:05,sugang-worker2,5.95%,1.145GiB / 15.62GiB
14:59:05,biostream_api,8.92%,215.3MiB / 15.62GiB
14:59:05,biostream_mcp,0.00%,0B / 0B
14:59:05,biostream_qdrant,2.88%,150.1MiB / 15.62GiB
14:59:05,biostream_db,0.00%,36.07MiB / 15.62GiB
14:59:12,courseregistrationplatform-k6-run-fcf3ac954823,83.97%,2.979GiB / 15.62GiB
14:59:12,courseregistrationplatform-backend_2-1,104.00%,176.4MiB / 15.62GiB
14:59:12,courseregistrationplatform-backend_1-1,102.82%,191.1MiB / 15.62GiB
14:59:12,courseregistrationplatform-frontend-1,0.00%,47.92MiB / 15.62GiB
14:59:12,courseregistrationplatform-worker_1-1,0.22%,31.6MiB / 15.62GiB
14:59:12,courseregistrationplatform-worker_2-1,0.30%,32.25MiB / 15.62GiB
14:59:12,courseregistrationplatform-nginx-1,34.93%,228.1MiB / 15.62GiB
14:59:12,courseregistrationplatform-ai-server-1,0.25%,113.9MiB / 15.62GiB
14:59:12,courseregistrationplatform-db-1,1.38%,433.6MiB / 15.62GiB
14:59:12,courseregistrationplatform-rabbitmq-1,0.89%,159.2MiB / 15.62GiB
14:59:12,courseregistrationplatform-redis-1,12.97%,9.691MiB / 15.62GiB
14:59:12,courseregistrationplatform-grafana-1,0.07%,59.41MiB / 15.62GiB
14:59:12,courseregistrationplatform-prometheus-1,0.08%,46.2MiB / 15.62GiB
14:59:12,sugang-control-plane,17.43%,733.6MiB / 15.62GiB
14:59:12,sugang-worker,3.03%,824MiB / 15.62GiB
14:59:12,sugang-worker2,4.36%,1.144GiB / 15.62GiB
14:59:12,biostream_api,8.42%,214.3MiB / 15.62GiB
14:59:12,biostream_mcp,0.00%,0B / 0B
14:59:12,biostream_qdrant,0.11%,150.1MiB / 15.62GiB
14:59:12,biostream_db,0.25%,36.82MiB / 15.62GiB
14:59:19,courseregistrationplatform-k6-run-fcf3ac954823,67.08%,2.979GiB / 15.62GiB
14:59:19,courseregistrationplatform-backend_2-1,102.38%,200.2MiB / 15.62GiB
14:59:19,courseregistrationplatform-backend_1-1,101.55%,163MiB / 15.62GiB
14:59:19,courseregistrationplatform-frontend-1,0.00%,47.93MiB / 15.62GiB
14:59:19,courseregistrationplatform-worker_1-1,0.02%,32.21MiB / 15.62GiB
14:59:19,courseregistrationplatform-worker_2-1,0.20%,31.84MiB / 15.62GiB
14:59:19,courseregistrationplatform-nginx-1,43.36%,238.5MiB / 15.62GiB
14:59:19,courseregistrationplatform-ai-server-1,0.19%,113.9MiB / 15.62GiB
14:59:19,courseregistrationplatform-db-1,1.09%,433.6MiB / 15.62GiB
14:59:19,courseregistrationplatform-rabbitmq-1,0.49%,159.5MiB / 15.62GiB
14:59:19,courseregistrationplatform-redis-1,13.03%,9.691MiB / 15.62GiB
14:59:19,courseregistrationplatform-grafana-1,0.12%,59.41MiB / 15.62GiB
14:59:19,courseregistrationplatform-prometheus-1,0.12%,46.2MiB / 15.62GiB
14:59:19,sugang-control-plane,13.44%,734.4MiB / 15.62GiB
14:59:19,sugang-worker,4.62%,824.8MiB / 15.62GiB
14:59:19,sugang-worker2,3.35%,1.146GiB / 15.62GiB
14:59:19,biostream_api,8.49%,215.1MiB / 15.62GiB
14:59:19,biostream_mcp,0.00%,0B / 0B
14:59:19,biostream_qdrant,0.15%,150.1MiB / 15.62GiB
14:59:19,biostream_db,0.00%,36.07MiB / 15.62GiB
14:59:26,courseregistrationplatform-k6-run-fcf3ac954823,44.92%,2.979GiB / 15.62GiB
14:59:26,courseregistrationplatform-backend_2-1,55.67%,183.9MiB / 15.62GiB
14:59:26,courseregistrationplatform-backend_1-1,105.35%,205.2MiB / 15.62GiB
14:59:26,courseregistrationplatform-frontend-1,0.00%,47.93MiB / 15.62GiB
14:59:26,courseregistrationplatform-worker_1-1,0.37%,31.52MiB / 15.62GiB
14:59:26,courseregistrationplatform-worker_2-1,0.01%,32.08MiB / 15.62GiB
14:59:26,courseregistrationplatform-nginx-1,17.99%,228.4MiB / 15.62GiB
14:59:26,courseregistrationplatform-ai-server-1,0.21%,113.9MiB / 15.62GiB
14:59:26,courseregistrationplatform-db-1,1.17%,433.6MiB / 15.62GiB
14:59:26,courseregistrationplatform-rabbitmq-1,0.53%,159.3MiB / 15.62GiB
14:59:26,courseregistrationplatform-redis-1,11.72%,10.18MiB / 15.62GiB
14:59:26,courseregistrationplatform-grafana-1,0.08%,59.41MiB / 15.62GiB
14:59:26,courseregistrationplatform-prometheus-1,0.71%,46.21MiB / 15.62GiB
14:59:26,sugang-control-plane,13.20%,733.5MiB / 15.62GiB
14:59:26,sugang-worker,4.49%,824.8MiB / 15.62GiB
14:59:26,sugang-worker2,3.47%,1.147GiB / 15.62GiB
14:59:26,biostream_api,6.36%,215.6MiB / 15.62GiB
14:59:26,biostream_mcp,0.00%,0B / 0B
14:59:26,biostream_qdrant,2.81%,150.1MiB / 15.62GiB
14:59:26,biostream_db,0.00%,36.07MiB / 15.62GiB
14:59:33,courseregistrationplatform-k6-run-fcf3ac954823,74.27%,2.979GiB / 15.62GiB
14:59:33,courseregistrationplatform-backend_2-1,103.09%,184.4MiB / 15.62GiB
14:59:33,courseregistrationplatform-backend_1-1,6.89%,249.5MiB / 15.62GiB
14:59:33,courseregistrationplatform-frontend-1,0.00%,47.93MiB / 15.62GiB
14:59:33,courseregistrationplatform-worker_1-1,0.39%,32.14MiB / 15.62GiB
14:59:33,courseregistrationplatform-worker_2-1,0.33%,31.68MiB / 15.62GiB
14:59:33,courseregistrationplatform-nginx-1,41.08%,229.1MiB / 15.62GiB
14:59:33,courseregistrationplatform-ai-server-1,0.17%,113.9MiB / 15.62GiB
14:59:33,courseregistrationplatform-db-1,1.55%,433.6MiB / 15.62GiB
14:59:33,courseregistrationplatform-rabbitmq-1,0.86%,159.4MiB / 15.62GiB
14:59:33,courseregistrationplatform-redis-1,7.12%,9.93MiB / 15.62GiB
14:59:33,courseregistrationplatform-grafana-1,0.04%,59.41MiB / 15.62GiB
14:59:33,courseregistrationplatform-prometheus-1,0.07%,46.43MiB / 15.62GiB
14:59:33,sugang-control-plane,8.25%,732.8MiB / 15.62GiB
14:59:33,sugang-worker,7.39%,824.7MiB / 15.62GiB
14:59:33,sugang-worker2,4.79%,1.155GiB / 15.62GiB
14:59:33,biostream_api,8.17%,215.8MiB / 15.62GiB
14:59:33,biostream_mcp,0.00%,0B / 0B
14:59:33,biostream_qdrant,0.14%,150.1MiB / 15.62GiB
14:59:33,biostream_db,2.94%,36.11MiB / 15.62GiB
14:59:40,courseregistrationplatform-k6-run-fcf3ac954823,66.23%,2.979GiB / 15.62GiB
14:59:40,courseregistrationplatform-backend_2-1,104.64%,221.5MiB / 15.62GiB
14:59:40,courseregistrationplatform-backend_1-1,106.74%,161.7MiB / 15.62GiB
14:59:40,courseregistrationplatform-frontend-1,0.00%,47.93MiB / 15.62GiB
14:59:40,courseregistrationplatform-worker_1-1,0.03%,31.58MiB / 15.62GiB
14:59:40,courseregistrationplatform-worker_2-1,0.22%,32.15MiB / 15.62GiB
14:59:40,courseregistrationplatform-nginx-1,31.19%,236.9MiB / 15.62GiB
14:59:40,courseregistrationplatform-ai-server-1,0.16%,113.9MiB / 15.62GiB
14:59:40,courseregistrationplatform-db-1,1.06%,433.6MiB / 15.62GiB
14:59:40,courseregistrationplatform-rabbitmq-1,0.44%,159.5MiB / 15.62GiB
14:59:40,courseregistrationplatform-redis-1,13.55%,9.934MiB / 15.62GiB
14:59:40,courseregistrationplatform-grafana-1,0.04%,59.41MiB / 15.62GiB
14:59:40,courseregistrationplatform-prometheus-1,0.35%,46.69MiB / 15.62GiB
14:59:40,sugang-control-plane,9.95%,733.6MiB / 15.62GiB
14:59:40,sugang-worker,4.28%,825.4MiB / 15.62GiB
14:59:40,sugang-worker2,4.01%,1.155GiB / 15.62GiB
14:59:40,biostream_api,8.27%,215.1MiB / 15.62GiB
14:59:40,biostream_mcp,0.00%,0B / 0B
14:59:40,biostream_qdrant,0.30%,150.3MiB / 15.62GiB
14:59:40,biostream_db,0.00%,36.07MiB / 15.62GiB
14:59:48,courseregistrationplatform-k6-run-fcf3ac954823,72.23%,2.981GiB / 15.62GiB
14:59:48,courseregistrationplatform-backend_2-1,17.01%,242.1MiB / 15.62GiB
14:59:48,courseregistrationplatform-backend_1-1,102.28%,212.8MiB / 15.62GiB
14:59:48,courseregistrationplatform-frontend-1,0.00%,47.93MiB / 15.62GiB
14:59:48,courseregistrationplatform-worker_1-1,0.01%,31.96MiB / 15.62GiB
14:59:48,courseregistrationplatform-worker_2-1,0.01%,31.68MiB / 15.62GiB
14:59:48,courseregistrationplatform-nginx-1,32.91%,237.8MiB / 15.62GiB
14:59:48,courseregistrationplatform-ai-server-1,0.19%,113.9MiB / 15.62GiB
14:59:48,courseregistrationplatform-db-1,0.66%,433.6MiB / 15.62GiB
14:59:48,courseregistrationplatform-rabbitmq-1,0.72%,159.3MiB / 15.62GiB
14:59:48,courseregistrationplatform-redis-1,7.44%,9.93MiB / 15.62GiB
14:59:48,courseregistrationplatform-grafana-1,0.05%,59.41MiB / 15.62GiB
14:59:48,courseregistrationplatform-prometheus-1,0.11%,46.44MiB / 15.62GiB
14:59:48,sugang-control-plane,12.27%,735.3MiB / 15.62GiB
14:59:48,sugang-worker,6.40%,825.5MiB / 15.62GiB
14:59:48,sugang-worker2,3.71%,1.155GiB / 15.62GiB
14:59:48,biostream_api,6.82%,214.3MiB / 15.62GiB
14:59:48,biostream_mcp,0.00%,0B / 0B
14:59:48,biostream_qdrant,0.13%,150.1MiB / 15.62GiB
14:59:48,biostream_db,0.00%,36.07MiB / 15.62GiB
14:59:54,courseregistrationplatform-k6-run-fcf3ac954823,120.70%,2.98GiB / 15.62GiB
14:59:54,courseregistrationplatform-backend_2-1,95.35%,147.6MiB / 15.62GiB
14:59:54,courseregistrationplatform-backend_1-1,87.85%,213.5MiB / 15.62GiB
14:59:54,courseregistrationplatform-frontend-1,0.00%,47.93MiB / 15.62GiB
14:59:54,courseregistrationplatform-worker_1-1,0.02%,31.77MiB / 15.62GiB
14:59:54,courseregistrationplatform-worker_2-1,0.01%,31.53MiB / 15.62GiB
14:59:54,courseregistrationplatform-nginx-1,59.49%,231.4MiB / 15.62GiB
14:59:54,courseregistrationplatform-ai-server-1,0.23%,113.9MiB / 15.62GiB
14:59:54,courseregistrationplatform-db-1,0.76%,433.6MiB / 15.62GiB
14:59:54,courseregistrationplatform-rabbitmq-1,0.31%,159.3MiB / 15.62GiB
14:59:54,courseregistrationplatform-redis-1,9.52%,9.688MiB / 15.62GiB
14:59:54,courseregistrationplatform-grafana-1,0.09%,59.41MiB / 15.62GiB
14:59:54,courseregistrationplatform-prometheus-1,0.17%,46.47MiB / 15.62GiB
14:59:54,sugang-control-plane,12.01%,735.2MiB / 15.62GiB
14:59:54,sugang-worker,2.47%,825.8MiB / 15.62GiB
14:59:54,sugang-worker2,5.01%,1.155GiB / 15.62GiB
14:59:54,biostream_api,8.58%,214.3MiB / 15.62GiB
14:59:54,biostream_mcp,0.00%,0B / 0B
14:59:54,biostream_qdrant,0.64%,150.8MiB / 15.62GiB
14:59:54,biostream_db,0.00%,36.07MiB / 15.62GiB
15:00:02,courseregistrationplatform-k6-run-fcf3ac954823,82.42%,2.98GiB / 15.62GiB
15:00:02,courseregistrationplatform-backend_2-1,109.25%,196.9MiB / 15.62GiB
15:00:02,courseregistrationplatform-backend_1-1,94.20%,184.6MiB / 15.62GiB
15:00:02,courseregistrationplatform-frontend-1,0.00%,47.93MiB / 15.62GiB
15:00:02,courseregistrationplatform-worker_1-1,0.02%,32.23MiB / 15.62GiB
15:00:02,courseregistrationplatform-worker_2-1,0.01%,31.92MiB / 15.62GiB
15:00:02,courseregistrationplatform-nginx-1,25.07%,228.5MiB / 15.62GiB
15:00:02,courseregistrationplatform-ai-server-1,0.18%,113.9MiB / 15.62GiB
15:00:02,courseregistrationplatform-db-1,0.92%,433.6MiB / 15.62GiB
15:00:02,courseregistrationplatform-rabbitmq-1,0.69%,159.6MiB / 15.62GiB
15:00:02,courseregistrationplatform-redis-1,12.00%,9.441MiB / 15.62GiB
15:00:02,courseregistrationplatform-grafana-1,0.06%,59.41MiB / 15.62GiB
15:00:02,courseregistrationplatform-prometheus-1,0.07%,46.47MiB / 15.62GiB
15:00:02,sugang-control-plane,18.50%,734.7MiB / 15.62GiB
15:00:02,sugang-worker,6.81%,825.3MiB / 15.62GiB
15:00:02,sugang-worker2,4.27%,1.155GiB / 15.62GiB
15:00:02,biostream_api,8.48%,214.6MiB / 15.62GiB
15:00:02,biostream_mcp,0.00%,0B / 0B
15:00:02,biostream_qdrant,0.11%,150.1MiB / 15.62GiB
15:00:02,biostream_db,0.00%,36.07MiB / 15.62GiB
15:00:09,courseregistrationplatform-k6-run-fcf3ac954823,126.84%,2.981GiB / 15.62GiB
15:00:09,courseregistrationplatform-backend_2-1,104.01%,253.6MiB / 15.62GiB
15:00:09,courseregistrationplatform-backend_1-1,106.76%,225.5MiB / 15.62GiB
15:00:09,courseregistrationplatform-frontend-1,0.00%,47.83MiB / 15.62GiB
15:00:09,courseregistrationplatform-worker_1-1,0.74%,31.97MiB / 15.62GiB
15:00:09,courseregistrationplatform-worker_2-1,0.96%,31.75MiB / 15.62GiB
15:00:09,courseregistrationplatform-nginx-1,45.75%,230.1MiB / 15.62GiB
15:00:09,courseregistrationplatform-ai-server-1,0.18%,113.9MiB / 15.62GiB
15:00:09,courseregistrationplatform-db-1,1.81%,433.6MiB / 15.62GiB
15:00:09,courseregistrationplatform-rabbitmq-1,0.84%,159.2MiB / 15.62GiB
15:00:09,courseregistrationplatform-redis-1,12.72%,10.25MiB / 15.62GiB
15:00:09,courseregistrationplatform-grafana-1,0.06%,59.73MiB / 15.62GiB
15:00:09,courseregistrationplatform-prometheus-1,0.09%,47.1MiB / 15.62GiB
15:00:09,sugang-control-plane,14.00%,735.2MiB / 15.62GiB
15:00:09,sugang-worker,3.91%,835.2MiB / 15.62GiB
15:00:09,sugang-worker2,4.62%,1.155GiB / 15.62GiB
15:00:09,biostream_api,8.22%,214.1MiB / 15.62GiB
15:00:09,biostream_mcp,0.00%,0B / 0B
15:00:09,biostream_qdrant,0.37%,150.3MiB / 15.62GiB
15:00:09,biostream_db,0.00%,36.01MiB / 15.62GiB
15:00:17,courseregistrationplatform-k6-run-fcf3ac954823,72.63%,2.98GiB / 15.62GiB
15:00:17,courseregistrationplatform-backend_2-1,85.04%,159.3MiB / 15.62GiB
15:00:17,courseregistrationplatform-backend_1-1,102.85%,231MiB / 15.62GiB
15:00:17,courseregistrationplatform-frontend-1,0.00%,47.93MiB / 15.62GiB
15:00:17,courseregistrationplatform-worker_1-1,0.57%,32.36MiB / 15.62GiB
15:00:17,courseregistrationplatform-worker_2-1,0.55%,32.14MiB / 15.62GiB
15:00:17,courseregistrationplatform-nginx-1,25.16%,213.7MiB / 15.62GiB
15:00:17,courseregistrationplatform-ai-server-1,0.20%,113.9MiB / 15.62GiB
15:00:17,courseregistrationplatform-db-1,4.54%,433.6MiB / 15.62GiB
15:00:17,courseregistrationplatform-rabbitmq-1,0.70%,159.4MiB / 15.62GiB
15:00:17,courseregistrationplatform-redis-1,12.46%,9.992MiB / 15.62GiB
15:00:17,courseregistrationplatform-grafana-1,0.53%,59.74MiB / 15.62GiB
15:00:17,courseregistrationplatform-prometheus-1,0.10%,48.2MiB / 15.62GiB
15:00:17,sugang-control-plane,10.62%,736.4MiB / 15.62GiB
15:00:17,sugang-worker,2.91%,833.6MiB / 15.62GiB
15:00:17,sugang-worker2,7.58%,1.156GiB / 15.62GiB
15:00:17,biostream_api,8.55%,215.1MiB / 15.62GiB
15:00:17,biostream_mcp,0.00%,0B / 0B
15:00:17,biostream_qdrant,0.12%,150.3MiB / 15.62GiB
15:00:17,biostream_db,0.00%,36.07MiB / 15.62GiB
15:00:25,courseregistrationplatform-k6-run-fcf3ac954823,125.39%,2.995GiB / 15.62GiB
15:00:25,courseregistrationplatform-backend_2-1,99.09%,170.1MiB / 15.62GiB
15:00:25,courseregistrationplatform-backend_1-1,68.43%,222MiB / 15.62GiB
15:00:25,courseregistrationplatform-frontend-1,0.00%,47.93MiB / 15.62GiB
15:00:25,courseregistrationplatform-worker_1-1,0.02%,32.08MiB / 15.62GiB
15:00:25,courseregistrationplatform-worker_2-1,0.01%,31.8MiB / 15.62GiB
15:00:25,courseregistrationplatform-nginx-1,53.95%,218.7MiB / 15.62GiB
15:00:25,courseregistrationplatform-ai-server-1,0.20%,113.9MiB / 15.62GiB
15:00:25,courseregistrationplatform-db-1,0.78%,433.6MiB / 15.62GiB
15:00:25,courseregistrationplatform-rabbitmq-1,0.29%,159.6MiB / 15.62GiB
15:00:25,courseregistrationplatform-redis-1,8.45%,10MiB / 15.62GiB
15:00:25,courseregistrationplatform-grafana-1,0.06%,59.74MiB / 15.62GiB
15:00:25,courseregistrationplatform-prometheus-1,1.53%,48.45MiB / 15.62GiB
15:00:25,sugang-control-plane,13.60%,735.1MiB / 15.62GiB
15:00:25,sugang-worker,3.86%,834.5MiB / 15.62GiB
15:00:25,sugang-worker2,3.51%,1.156GiB / 15.62GiB
15:00:25,biostream_api,8.50%,215.1MiB / 15.62GiB
15:00:25,biostream_mcp,0.00%,0B / 0B
15:00:25,biostream_qdrant,0.36%,150.3MiB / 15.62GiB
15:00:25,biostream_db,0.00%,36.07MiB / 15.62GiB
15:00:32,courseregistrationplatform-k6-run-fcf3ac954823,98.09%,2.995GiB / 15.62GiB
15:00:32,courseregistrationplatform-backend_2-1,100.06%,191.3MiB / 15.62GiB
15:00:32,courseregistrationplatform-backend_1-1,101.58%,202.4MiB / 15.62GiB
15:00:32,courseregistrationplatform-frontend-1,0.00%,47.93MiB / 15.62GiB
15:00:32,courseregistrationplatform-worker_1-1,0.02%,32.54MiB / 15.62GiB
15:00:32,courseregistrationplatform-worker_2-1,0.21%,32.59MiB / 15.62GiB
15:00:32,courseregistrationplatform-nginx-1,26.99%,216.5MiB / 15.62GiB
15:00:32,courseregistrationplatform-ai-server-1,0.18%,113.9MiB / 15.62GiB
15:00:32,courseregistrationplatform-db-1,0.98%,433.6MiB / 15.62GiB
15:00:32,courseregistrationplatform-rabbitmq-1,0.74%,159.7MiB / 15.62GiB
15:00:32,courseregistrationplatform-redis-1,13.94%,9.758MiB / 15.62GiB
15:00:32,courseregistrationplatform-grafana-1,0.04%,59.73MiB / 15.62GiB
15:00:32,courseregistrationplatform-prometheus-1,0.14%,48.21MiB / 15.62GiB
15:00:32,sugang-control-plane,14.41%,735.3MiB / 15.62GiB
15:00:32,sugang-worker,7.18%,834.5MiB / 15.62GiB
15:00:32,sugang-worker2,6.64%,1.163GiB / 15.62GiB
15:00:32,biostream_api,8.17%,214.6MiB / 15.62GiB
15:00:32,biostream_mcp,0.00%,0B / 0B
15:00:32,biostream_qdrant,0.13%,150.3MiB / 15.62GiB
15:00:32,biostream_db,0.00%,36.07MiB / 15.62GiB
15:00:39,courseregistrationplatform-k6-run-fcf3ac954823,114.83%,3.005GiB / 15.62GiB
15:00:39,courseregistrationplatform-backend_2-1,102.65%,192MiB / 15.62GiB
15:00:39,courseregistrationplatform-backend_1-1,103.12%,205.6MiB / 15.62GiB
15:00:39,courseregistrationplatform-frontend-1,0.00%,47.93MiB / 15.62GiB
15:00:39,courseregistrationplatform-worker_1-1,0.01%,32.08MiB / 15.62GiB
15:00:39,courseregistrationplatform-worker_2-1,0.06%,31.66MiB / 15.62GiB
15:00:39,courseregistrationplatform-nginx-1,48.65%,218.2MiB / 15.62GiB
15:00:39,courseregistrationplatform-ai-server-1,0.22%,113.9MiB / 15.62GiB
15:00:39,courseregistrationplatform-db-1,1.19%,433.6MiB / 15.62GiB
15:00:39,courseregistrationplatform-rabbitmq-1,0.37%,159.8MiB / 15.62GiB
15:00:39,courseregistrationplatform-redis-1,12.02%,10.23MiB / 15.62GiB
15:00:39,courseregistrationplatform-grafana-1,0.07%,59.73MiB / 15.62GiB
15:00:39,courseregistrationplatform-prometheus-1,0.15%,48.2MiB / 15.62GiB
15:00:39,sugang-control-plane,12.51%,734.8MiB / 15.62GiB
15:00:39,sugang-worker,3.31%,834.2MiB / 15.62GiB
15:00:39,sugang-worker2,3.52%,1.163GiB / 15.62GiB
15:00:39,biostream_api,8.95%,215.3MiB / 15.62GiB
15:00:39,biostream_mcp,0.00%,0B / 0B
15:00:39,biostream_qdrant,0.29%,150.3MiB / 15.62GiB
15:00:39,biostream_db,0.01%,36.07MiB / 15.62GiB
15:00:46,courseregistrationplatform-k6-run-fcf3ac954823,120.29%,3.005GiB / 15.62GiB
15:00:46,courseregistrationplatform-backend_2-1,99.46%,189MiB / 15.62GiB
15:00:46,courseregistrationplatform-backend_1-1,103.95%,222.3MiB / 15.62GiB
15:00:46,courseregistrationplatform-frontend-1,0.00%,47.93MiB / 15.62GiB
15:00:46,courseregistrationplatform-worker_1-1,0.02%,32MiB / 15.62GiB
15:00:46,courseregistrationplatform-worker_2-1,0.24%,32.35MiB / 15.62GiB
15:00:46,courseregistrationplatform-nginx-1,29.97%,212MiB / 15.62GiB
15:00:46,courseregistrationplatform-ai-server-1,0.22%,113.9MiB / 15.62GiB
15:00:46,courseregistrationplatform-db-1,1.09%,433.6MiB / 15.62GiB
15:00:46,courseregistrationplatform-rabbitmq-1,0.55%,159.7MiB / 15.62GiB
15:00:46,courseregistrationplatform-redis-1,13.06%,9.996MiB / 15.62GiB
15:00:46,courseregistrationplatform-grafana-1,1.50%,59.73MiB / 15.62GiB
15:00:46,courseregistrationplatform-prometheus-1,0.14%,48.84MiB / 15.62GiB
15:00:46,sugang-control-plane,13.59%,736.3MiB / 15.62GiB
15:00:46,sugang-worker,4.76%,835.3MiB / 15.62GiB
15:00:46,sugang-worker2,4.28%,1.163GiB / 15.62GiB
15:00:46,biostream_api,8.82%,215.3MiB / 15.62GiB
15:00:46,biostream_mcp,0.00%,0B / 0B
15:00:46,biostream_qdrant,3.13%,150.3MiB / 15.62GiB
15:00:46,biostream_db,0.00%,36.07MiB / 15.62GiB
15:00:53,courseregistrationplatform-k6-run-fcf3ac954823,117.86%,3.006GiB / 15.62GiB
15:00:53,courseregistrationplatform-backend_2-1,100.54%,203.9MiB / 15.62GiB
15:00:53,courseregistrationplatform-backend_1-1,104.40%,243.7MiB / 15.62GiB
15:00:53,courseregistrationplatform-frontend-1,0.00%,47.93MiB / 15.62GiB
15:00:53,courseregistrationplatform-worker_1-1,0.21%,32.46MiB / 15.62GiB
15:00:53,courseregistrationplatform-worker_2-1,0.23%,31.9MiB / 15.62GiB
15:00:53,courseregistrationplatform-nginx-1,41.62%,197.8MiB / 15.62GiB
15:00:53,courseregistrationplatform-ai-server-1,0.22%,113.9MiB / 15.62GiB
15:00:53,courseregistrationplatform-db-1,1.81%,433.6MiB / 15.62GiB
15:00:53,courseregistrationplatform-rabbitmq-1,0.53%,159.5MiB / 15.62GiB
15:00:53,courseregistrationplatform-redis-1,11.66%,9.758MiB / 15.62GiB
15:00:53,courseregistrationplatform-grafana-1,0.05%,59.73MiB / 15.62GiB
15:00:53,courseregistrationplatform-prometheus-1,0.12%,49.13MiB / 15.62GiB
15:00:53,sugang-control-plane,11.83%,735.6MiB / 15.62GiB
15:00:53,sugang-worker,2.21%,834.3MiB / 15.62GiB
15:00:53,sugang-worker2,4.85%,1.163GiB / 15.62GiB
15:00:53,biostream_api,6.68%,215.1MiB / 15.62GiB
15:00:53,biostream_mcp,0.00%,0B / 0B
15:00:53,biostream_qdrant,0.16%,150.2MiB / 15.62GiB
15:00:53,biostream_db,0.00%,36.07MiB / 15.62GiB
15:01:00,courseregistrationplatform-k6-run-fcf3ac954823,117.27%,3.005GiB / 15.62GiB
15:01:00,courseregistrationplatform-backend_2-1,101.48%,197.2MiB / 15.62GiB
15:01:00,courseregistrationplatform-backend_1-1,100.42%,331.2MiB / 15.62GiB
15:01:00,courseregistrationplatform-frontend-1,0.00%,47.93MiB / 15.62GiB
15:01:00,courseregistrationplatform-worker_1-1,0.20%,31.77MiB / 15.62GiB
15:01:00,courseregistrationplatform-worker_2-1,0.18%,32.22MiB / 15.62GiB
15:01:00,courseregistrationplatform-nginx-1,44.01%,229.4MiB / 15.62GiB
15:01:00,courseregistrationplatform-ai-server-1,0.22%,114.3MiB / 15.62GiB
15:01:00,courseregistrationplatform-db-1,1.10%,433.8MiB / 15.62GiB
15:01:00,courseregistrationplatform-rabbitmq-1,0.32%,159.8MiB / 15.62GiB
15:01:00,courseregistrationplatform-redis-1,11.58%,9.656MiB / 15.62GiB
15:01:00,courseregistrationplatform-grafana-1,0.06%,59.72MiB / 15.62GiB
15:01:00,courseregistrationplatform-prometheus-1,0.83%,51.16MiB / 15.62GiB
15:01:00,sugang-control-plane,16.19%,738.2MiB / 15.62GiB
15:01:00,sugang-worker,3.99%,834.4MiB / 15.62GiB
15:01:00,sugang-worker2,6.81%,1.164GiB / 15.62GiB
15:01:00,biostream_api,8.45%,214.8MiB / 15.62GiB
15:01:00,biostream_qdrant,0.24%,151.1MiB / 15.62GiB
15:01:00,biostream_db,0.00%,36.04MiB / 15.62GiB
15:01:08,courseregistrationplatform-k6-run-fcf3ac954823,63.62%,3.006GiB / 15.62GiB
15:01:08,courseregistrationplatform-backend_2-1,75.88%,189.1MiB / 15.62GiB
15:01:08,courseregistrationplatform-backend_1-1,98.33%,319MiB / 15.62GiB
15:01:08,courseregistrationplatform-frontend-1,0.00%,47.93MiB / 15.62GiB
15:01:08,courseregistrationplatform-worker_1-1,0.21%,32MiB / 15.62GiB
15:01:08,courseregistrationplatform-worker_2-1,0.24%,32.52MiB / 15.62GiB
15:01:08,courseregistrationplatform-nginx-1,14.28%,220.1MiB / 15.62GiB
15:01:08,courseregistrationplatform-ai-server-1,0.17%,114.3MiB / 15.62GiB
15:01:08,courseregistrationplatform-db-1,4.91%,433.5MiB / 15.62GiB
15:01:08,courseregistrationplatform-rabbitmq-1,1.01%,159.7MiB / 15.62GiB
15:01:08,courseregistrationplatform-redis-1,11.49%,9.906MiB / 15.62GiB
15:01:08,courseregistrationplatform-grafana-1,0.14%,59.72MiB / 15.62GiB
15:01:08,courseregistrationplatform-prometheus-1,0.12%,51.16MiB / 15.62GiB
15:01:08,sugang-control-plane,12.92%,739.7MiB / 15.62GiB
15:01:08,sugang-worker,6.73%,834.6MiB / 15.62GiB
15:01:08,sugang-worker2,4.59%,1.164GiB / 15.62GiB
15:01:08,biostream_api,7.83%,215MiB / 15.62GiB
15:01:08,biostream_mcp,0.00%,0B / 0B
15:01:08,biostream_qdrant,0.12%,151.1MiB / 15.62GiB
15:01:08,biostream_db,0.00%,36.04MiB / 15.62GiB
15:01:15,courseregistrationplatform-k6-run-fcf3ac954823,113.95%,3.005GiB / 15.62GiB
15:01:15,courseregistrationplatform-backend_2-1,109.63%,190.3MiB / 15.62GiB
15:01:15,courseregistrationplatform-backend_1-1,104.31%,305MiB / 15.62GiB
15:01:15,courseregistrationplatform-frontend-1,0.00%,47.93MiB / 15.62GiB
15:01:15,courseregistrationplatform-worker_1-1,0.02%,32MiB / 15.62GiB
15:01:15,courseregistrationplatform-worker_2-1,0.01%,32.25MiB / 15.62GiB
15:01:15,courseregistrationplatform-nginx-1,36.29%,208.5MiB / 15.62GiB
15:01:15,courseregistrationplatform-ai-server-1,0.20%,114.3MiB / 15.62GiB
15:01:15,courseregistrationplatform-db-1,0.69%,433.5MiB / 15.62GiB
15:01:15,courseregistrationplatform-rabbitmq-1,0.27%,159.8MiB / 15.62GiB
15:01:15,courseregistrationplatform-redis-1,13.13%,9.664MiB / 15.62GiB
15:01:15,courseregistrationplatform-grafana-1,0.05%,59.72MiB / 15.62GiB
15:01:15,courseregistrationplatform-prometheus-1,0.75%,51.16MiB / 15.62GiB
15:01:15,sugang-control-plane,10.44%,739.3MiB / 15.62GiB
15:01:15,sugang-worker,2.15%,834.5MiB / 15.62GiB
15:01:15,sugang-worker2,3.36%,1.164GiB / 15.62GiB
15:01:15,biostream_api,8.74%,215.5MiB / 15.62GiB
15:01:15,biostream_mcp,0.00%,0B / 0B
15:01:15,biostream_qdrant,0.26%,151.1MiB / 15.62GiB
15:01:15,biostream_db,0.00%,36.04MiB / 15.62GiB
15:01:22,courseregistrationplatform-k6-run-fcf3ac954823,123.36%,3.005GiB / 15.62GiB
15:01:22,courseregistrationplatform-backend_2-1,98.35%,228.1MiB / 15.62GiB
15:01:22,courseregistrationplatform-backend_1-1,96.87%,222.4MiB / 15.62GiB
15:01:22,courseregistrationplatform-frontend-1,0.00%,47.93MiB / 15.62GiB
15:01:22,courseregistrationplatform-worker_1-1,0.84%,32.55MiB / 15.62GiB
15:01:22,courseregistrationplatform-worker_2-1,0.21%,31.93MiB / 15.62GiB
15:01:22,courseregistrationplatform-nginx-1,45.23%,204.9MiB / 15.62GiB
15:01:22,courseregistrationplatform-ai-server-1,0.22%,114.3MiB / 15.62GiB
15:01:22,courseregistrationplatform-db-1,1.75%,433.5MiB / 15.62GiB
15:01:22,courseregistrationplatform-rabbitmq-1,0.64%,159.8MiB / 15.62GiB
15:01:22,courseregistrationplatform-redis-1,10.58%,9.656MiB / 15.62GiB
15:01:22,courseregistrationplatform-grafana-1,0.08%,59.72MiB / 15.62GiB
15:01:22,courseregistrationplatform-prometheus-1,0.11%,51.16MiB / 15.62GiB
15:01:22,sugang-control-plane,11.68%,738.4MiB / 15.62GiB
15:01:22,sugang-worker,3.13%,834.6MiB / 15.62GiB
15:01:22,sugang-worker2,4.92%,1.164GiB / 15.62GiB
15:01:22,biostream_api,6.28%,215MiB / 15.62GiB
15:01:22,biostream_mcp,0.00%,0B / 0B
15:01:22,biostream_qdrant,0.11%,151.1MiB / 15.62GiB
15:01:22,biostream_db,0.00%,36.04MiB / 15.62GiB
15:01:30,courseregistrationplatform-k6-run-fcf3ac954823,97.39%,3.011GiB / 15.62GiB
15:01:30,courseregistrationplatform-backend_2-1,99.46%,241MiB / 15.62GiB
15:01:30,courseregistrationplatform-backend_1-1,102.43%,176.2MiB / 15.62GiB
15:01:30,courseregistrationplatform-frontend-1,0.00%,47.93MiB / 15.62GiB
15:01:30,courseregistrationplatform-worker_1-1,0.69%,32.08MiB / 15.62GiB
15:01:30,courseregistrationplatform-worker_2-1,0.01%,32.01MiB / 15.62GiB
15:01:30,courseregistrationplatform-nginx-1,35.38%,209MiB / 15.62GiB
15:01:30,courseregistrationplatform-ai-server-1,0.21%,114.3MiB / 15.62GiB
15:01:30,courseregistrationplatform-db-1,0.66%,433.5MiB / 15.62GiB
15:01:30,courseregistrationplatform-rabbitmq-1,0.26%,159.8MiB / 15.62GiB
15:01:30,courseregistrationplatform-redis-1,11.31%,9.902MiB / 15.62GiB
15:01:30,courseregistrationplatform-grafana-1,0.06%,59.72MiB / 15.62GiB
15:01:30,courseregistrationplatform-prometheus-1,0.11%,51.16MiB / 15.62GiB
15:01:30,sugang-control-plane,11.17%,738.5MiB / 15.62GiB
15:01:30,sugang-worker,4.41%,839.2MiB / 15.62GiB
15:01:30,sugang-worker2,3.86%,1.164GiB / 15.62GiB
15:01:30,biostream_api,8.02%,214.8MiB / 15.62GiB
15:01:30,biostream_mcp,0.00%,0B / 0B
15:01:30,biostream_qdrant,0.35%,151.1MiB / 15.62GiB
15:01:30,biostream_db,2.96%,36.04MiB / 15.62GiB
15:01:38,courseregistrationplatform-k6-run-fcf3ac954823,64.56%,3.011GiB / 15.62GiB
15:01:38,courseregistrationplatform-backend_2-1,102.48%,246.9MiB / 15.62GiB
15:01:38,courseregistrationplatform-backend_1-1,101.35%,189.1MiB / 15.62GiB
15:01:38,courseregistrationplatform-frontend-1,0.00%,47.93MiB / 15.62GiB
15:01:38,courseregistrationplatform-worker_1-1,0.02%,32.24MiB / 15.62GiB
15:01:38,courseregistrationplatform-worker_2-1,0.01%,31.69MiB / 15.62GiB
15:01:38,courseregistrationplatform-nginx-1,11.95%,206.9MiB / 15.62GiB
15:01:38,courseregistrationplatform-ai-server-1,0.20%,114.3MiB / 15.62GiB
15:01:38,courseregistrationplatform-db-1,4.37%,433.5MiB / 15.62GiB
15:01:38,courseregistrationplatform-rabbitmq-1,0.79%,160MiB / 15.62GiB
15:01:38,courseregistrationplatform-redis-1,14.30%,10.39MiB / 15.62GiB
15:01:38,courseregistrationplatform-grafana-1,0.28%,59.73MiB / 15.62GiB
15:01:38,courseregistrationplatform-prometheus-1,0.14%,51.16MiB / 15.62GiB
15:01:38,sugang-control-plane,12.51%,739.3MiB / 15.62GiB
15:01:38,sugang-worker,6.41%,837.3MiB / 15.62GiB
15:01:38,sugang-worker2,3.84%,1.164GiB / 15.62GiB
15:01:38,biostream_api,8.06%,215MiB / 15.62GiB
15:01:38,biostream_mcp,0.00%,0B / 0B
15:01:38,biostream_qdrant,0.15%,151.1MiB / 15.62GiB
15:01:38,biostream_db,0.00%,36.04MiB / 15.62GiB
15:01:45,courseregistrationplatform-k6-run-fcf3ac954823,82.02%,3.033GiB / 15.62GiB
15:01:45,courseregistrationplatform-backend_2-1,101.47%,318.2MiB / 15.62GiB
15:01:45,courseregistrationplatform-backend_1-1,101.59%,210.4MiB / 15.62GiB
15:01:45,courseregistrationplatform-frontend-1,0.00%,47.93MiB / 15.62GiB
15:01:45,courseregistrationplatform-worker_1-1,0.03%,32.25MiB / 15.62GiB
15:01:45,courseregistrationplatform-worker_2-1,0.01%,31.7MiB / 15.62GiB
15:01:45,courseregistrationplatform-nginx-1,27.11%,214.1MiB / 15.62GiB
15:01:45,courseregistrationplatform-ai-server-1,0.16%,114.3MiB / 15.62GiB
15:01:45,courseregistrationplatform-db-1,0.61%,433.5MiB / 15.62GiB
15:01:45,courseregistrationplatform-rabbitmq-1,0.57%,160MiB / 15.62GiB
15:01:45,courseregistrationplatform-redis-1,11.84%,10.39MiB / 15.62GiB
15:01:45,courseregistrationplatform-grafana-1,0.27%,59.72MiB / 15.62GiB
15:01:45,courseregistrationplatform-prometheus-1,0.66%,51.17MiB / 15.62GiB
15:01:45,sugang-control-plane,10.05%,739.1MiB / 15.62GiB
15:01:45,sugang-worker,2.32%,837.3MiB / 15.62GiB
15:01:45,sugang-worker2,2.26%,1.164GiB / 15.62GiB
15:01:45,biostream_api,8.28%,214.5MiB / 15.62GiB
15:01:45,biostream_mcp,0.00%,0B / 0B
15:01:45,biostream_qdrant,0.26%,151.3MiB / 15.62GiB
15:01:45,biostream_db,0.00%,36.04MiB / 15.62GiB
15:01:53,courseregistrationplatform-k6-run-fcf3ac954823,73.79%,3.033GiB / 15.62GiB
15:01:53,courseregistrationplatform-backend_2-1,98.15%,286.1MiB / 15.62GiB
15:01:53,courseregistrationplatform-backend_1-1,101.96%,239.7MiB / 15.62GiB
15:01:53,courseregistrationplatform-frontend-1,0.00%,47.93MiB / 15.62GiB
15:01:53,courseregistrationplatform-worker_1-1,0.01%,32.33MiB / 15.62GiB
15:01:53,courseregistrationplatform-worker_2-1,0.01%,31.78MiB / 15.62GiB
15:01:53,courseregistrationplatform-nginx-1,19.92%,214.7MiB / 15.62GiB
15:01:53,courseregistrationplatform-ai-server-1,0.17%,114.3MiB / 15.62GiB
15:01:53,courseregistrationplatform-db-1,0.54%,433.5MiB / 15.62GiB
15:01:53,courseregistrationplatform-rabbitmq-1,0.56%,159.4MiB / 15.62GiB
15:01:53,courseregistrationplatform-redis-1,12.45%,9.902MiB / 15.62GiB
15:01:53,courseregistrationplatform-grafana-1,0.07%,59.74MiB / 15.62GiB
15:01:53,courseregistrationplatform-prometheus-1,0.08%,51.16MiB / 15.62GiB
15:01:53,sugang-control-plane,13.33%,739.2MiB / 15.62GiB
15:01:53,sugang-worker,3.73%,837.7MiB / 15.62GiB
15:01:53,sugang-worker2,5.47%,1.163GiB / 15.62GiB
15:01:53,biostream_api,5.62%,215MiB / 15.62GiB
15:01:53,biostream_mcp,0.00%,0B / 0B
15:01:53,biostream_qdrant,0.10%,151.1MiB / 15.62GiB
15:01:53,biostream_db,0.00%,36.04MiB / 15.62GiB
15:01:59,courseregistrationplatform-k6-run-fcf3ac954823,105.52%,3.034GiB / 15.62GiB
15:01:59,courseregistrationplatform-backend_2-1,100.82%,297.2MiB / 15.62GiB
15:01:59,courseregistrationplatform-backend_1-1,99.66%,257MiB / 15.62GiB
15:01:59,courseregistrationplatform-frontend-1,0.00%,47.91MiB / 15.62GiB
15:01:59,courseregistrationplatform-worker_1-1,0.30%,32.43MiB / 15.62GiB
15:01:59,courseregistrationplatform-worker_2-1,0.19%,32.18MiB / 15.62GiB
15:01:59,courseregistrationplatform-nginx-1,35.94%,220.9MiB / 15.62GiB
15:01:59,courseregistrationplatform-ai-server-1,0.20%,114.1MiB / 15.62GiB
15:01:59,courseregistrationplatform-db-1,1.68%,433.5MiB / 15.62GiB
15:01:59,courseregistrationplatform-rabbitmq-1,0.55%,159.7MiB / 15.62GiB
15:01:59,courseregistrationplatform-redis-1,11.30%,10.14MiB / 15.62GiB
15:01:59,courseregistrationplatform-grafana-1,0.05%,59.74MiB / 15.62GiB
15:01:59,courseregistrationplatform-prometheus-1,0.11%,51.16MiB / 15.62GiB
15:01:59,sugang-control-plane,12.44%,739.4MiB / 15.62GiB
15:01:59,sugang-worker,3.41%,837.4MiB / 15.62GiB
15:01:59,sugang-worker2,4.00%,1.171GiB / 15.62GiB
15:01:59,biostream_api,8.36%,214.5MiB / 15.62GiB
15:01:59,biostream_mcp,0.00%,0B / 0B
15:01:59,biostream_qdrant,0.15%,151MiB / 15.62GiB
15:01:59,biostream_db,0.00%,36.03MiB / 15.62GiB
15:02:06,courseregistrationplatform-k6-run-fcf3ac954823,106.41%,3.034GiB / 15.62GiB
15:02:06,courseregistrationplatform-backend_2-1,85.57%,236.9MiB / 15.62GiB
15:02:06,courseregistrationplatform-backend_1-1,110.84%,268.7MiB / 15.62GiB
15:02:06,courseregistrationplatform-frontend-1,0.00%,47.93MiB / 15.62GiB
15:02:06,courseregistrationplatform-worker_1-1,0.01%,32.51MiB / 15.62GiB
15:02:06,courseregistrationplatform-worker_2-1,0.01%,32.34MiB / 15.62GiB
15:02:06,courseregistrationplatform-nginx-1,31.15%,216.7MiB / 15.62GiB
15:02:06,courseregistrationplatform-ai-server-1,0.21%,115MiB / 15.62GiB
15:02:06,courseregistrationplatform-db-1,0.91%,433.5MiB / 15.62GiB
15:02:06,courseregistrationplatform-rabbitmq-1,0.40%,159.6MiB / 15.62GiB
15:02:06,courseregistrationplatform-redis-1,10.53%,9.906MiB / 15.62GiB
15:02:06,courseregistrationplatform-grafana-1,0.51%,59.73MiB / 15.62GiB
15:02:06,courseregistrationplatform-prometheus-1,0.63%,52.54MiB / 15.62GiB
15:02:06,sugang-control-plane,11.73%,741.7MiB / 15.62GiB
15:02:06,sugang-worker,6.92%,838.1MiB / 15.62GiB
15:02:06,sugang-worker2,5.96%,1.171GiB / 15.62GiB
15:02:06,biostream_api,8.03%,215MiB / 15.62GiB
15:02:06,biostream_mcp,0.00%,0B / 0B
15:02:06,biostream_qdrant,2.38%,153.3MiB / 15.62GiB
15:02:06,biostream_db,0.00%,36.02MiB / 15.62GiB
15:02:13,courseregistrationplatform-k6-run-fcf3ac954823,93.13%,3.033GiB / 15.62GiB
15:02:13,courseregistrationplatform-backend_2-1,101.53%,197.1MiB / 15.62GiB
15:02:13,courseregistrationplatform-backend_1-1,102.42%,253.1MiB / 15.62GiB
15:02:13,courseregistrationplatform-frontend-1,0.00%,47.93MiB / 15.62GiB
15:02:13,courseregistrationplatform-worker_1-1,0.24%,32.18MiB / 15.62GiB
15:02:13,courseregistrationplatform-worker_2-1,0.22%,32.07MiB / 15.62GiB
15:02:13,courseregistrationplatform-nginx-1,33.34%,212.4MiB / 15.62GiB
15:02:13,courseregistrationplatform-ai-server-1,0.18%,115MiB / 15.62GiB
15:02:13,courseregistrationplatform-db-1,1.06%,433.5MiB / 15.62GiB
15:02:13,courseregistrationplatform-rabbitmq-1,0.45%,159.7MiB / 15.62GiB
15:02:13,courseregistrationplatform-redis-1,12.93%,9.66MiB / 15.62GiB
15:02:13,courseregistrationplatform-grafana-1,0.07%,59.73MiB / 15.62GiB
15:02:13,courseregistrationplatform-prometheus-1,1.07%,52.54MiB / 15.62GiB
15:02:13,sugang-control-plane,11.80%,742MiB / 15.62GiB
15:02:13,sugang-worker,2.53%,845.7MiB / 15.62GiB
15:02:13,sugang-worker2,3.16%,1.171GiB / 15.62GiB
15:02:13,biostream_api,8.30%,214.2MiB / 15.62GiB
15:02:13,biostream_mcp,0.00%,0B / 0B
15:02:13,biostream_qdrant,0.11%,153.3MiB / 15.62GiB
15:02:13,biostream_db,0.00%,36.02MiB / 15.62GiB
15:02:20,courseregistrationplatform-k6-run-fcf3ac954823,102.39%,3.033GiB / 15.62GiB
15:02:20,courseregistrationplatform-backend_2-1,100.88%,221.8MiB / 15.62GiB
15:02:20,courseregistrationplatform-backend_1-1,100.91%,236.8MiB / 15.62GiB
15:02:20,courseregistrationplatform-frontend-1,0.00%,47.93MiB / 15.62GiB
15:02:20,courseregistrationplatform-worker_1-1,0.02%,32.33MiB / 15.62GiB
15:02:20,courseregistrationplatform-worker_2-1,0.01%,32.38MiB / 15.62GiB
15:02:20,courseregistrationplatform-nginx-1,35.63%,205.1MiB / 15.62GiB
15:02:20,courseregistrationplatform-ai-server-1,0.21%,115MiB / 15.62GiB
15:02:20,courseregistrationplatform-db-1,0.96%,433.5MiB / 15.62GiB
15:02:20,courseregistrationplatform-rabbitmq-1,0.22%,159.7MiB / 15.62GiB
15:02:20,courseregistrationplatform-redis-1,11.68%,10.39MiB / 15.62GiB
15:02:20,courseregistrationplatform-grafana-1,0.06%,59.73MiB / 15.62GiB
15:02:20,courseregistrationplatform-prometheus-1,0.08%,52.54MiB / 15.62GiB
15:02:20,sugang-control-plane,11.14%,743.6MiB / 15.62GiB
15:02:20,sugang-worker,4.58%,846.2MiB / 15.62GiB
15:02:20,sugang-worker2,3.02%,1.172GiB / 15.62GiB
15:02:20,biostream_api,8.10%,214.5MiB / 15.62GiB
15:02:20,biostream_mcp,0.00%,0B / 0B
15:02:20,biostream_qdrant,0.36%,153.3MiB / 15.62GiB
15:02:20,biostream_db,3.25%,36.03MiB / 15.62GiB
15:02:27,courseregistrationplatform-k6-run-fcf3ac954823,66.37%,3.046GiB / 15.62GiB
15:02:27,courseregistrationplatform-backend_2-1,113.01%,257.6MiB / 15.62GiB
15:02:27,courseregistrationplatform-backend_1-1,105.44%,217.7MiB / 15.62GiB
15:02:27,courseregistrationplatform-frontend-1,0.00%,47.93MiB / 15.62GiB
15:02:27,courseregistrationplatform-worker_1-1,0.02%,32.02MiB / 15.62GiB
15:02:27,courseregistrationplatform-worker_2-1,0.01%,31.83MiB / 15.62GiB
15:02:27,courseregistrationplatform-nginx-1,19.52%,211.3MiB / 15.62GiB
15:02:27,courseregistrationplatform-ai-server-1,0.18%,115MiB / 15.62GiB
15:02:27,courseregistrationplatform-db-1,0.82%,433.5MiB / 15.62GiB
15:02:27,courseregistrationplatform-rabbitmq-1,0.57%,159.7MiB / 15.62GiB
15:02:27,courseregistrationplatform-redis-1,12.67%,9.902MiB / 15.62GiB
15:02:27,courseregistrationplatform-grafana-1,0.48%,59.73MiB / 15.62GiB
15:02:27,courseregistrationplatform-prometheus-1,0.07%,52.54MiB / 15.62GiB
15:02:27,sugang-control-plane,11.76%,742.6MiB / 15.62GiB
15:02:27,sugang-worker,5.65%,847.2MiB / 15.62GiB
15:02:27,sugang-worker2,7.09%,1.172GiB / 15.62GiB
15:02:27,biostream_api,6.52%,215.7MiB / 15.62GiB
15:02:27,biostream_mcp,0.00%,0B / 0B
15:02:27,biostream_qdrant,2.41%,153.3MiB / 15.62GiB
15:02:27,biostream_db,0.00%,36.02MiB / 15.62GiB
15:02:34,courseregistrationplatform-k6-run-fcf3ac954823,114.46%,3.046GiB / 15.62GiB
15:02:34,courseregistrationplatform-backend_2-1,102.66%,236.9MiB / 15.62GiB
15:02:34,courseregistrationplatform-backend_1-1,107.90%,223.9MiB / 15.62GiB
15:02:34,courseregistrationplatform-frontend-1,0.00%,47.93MiB / 15.62GiB
15:02:34,courseregistrationplatform-worker_1-1,0.63%,32.56MiB / 15.62GiB
15:02:34,courseregistrationplatform-worker_2-1,0.58%,32.52MiB / 15.62GiB
15:02:34,courseregistrationplatform-nginx-1,37.93%,196.2MiB / 15.62GiB
15:02:34,courseregistrationplatform-ai-server-1,0.22%,115MiB / 15.62GiB
15:02:34,courseregistrationplatform-db-1,2.56%,434.3MiB / 15.62GiB
15:02:34,courseregistrationplatform-rabbitmq-1,1.14%,159.7MiB / 15.62GiB
15:02:34,courseregistrationplatform-redis-1,11.91%,10.15MiB / 15.62GiB
15:02:34,courseregistrationplatform-grafana-1,0.06%,59.73MiB / 15.62GiB
15:02:34,courseregistrationplatform-prometheus-1,0.16%,52.54MiB / 15.62GiB
15:02:34,sugang-control-plane,11.49%,741.6MiB / 15.62GiB
15:02:34,sugang-worker,4.45%,847.9MiB / 15.62GiB
15:02:34,sugang-worker2,5.28%,1.171GiB / 15.62GiB
15:02:34,biostream_api,9.18%,215MiB / 15.62GiB
15:02:34,biostream_mcp,0.00%,0B / 0B
15:02:34,biostream_qdrant,0.12%,153.3MiB / 15.62GiB
15:02:34,biostream_db,0.00%,36.02MiB / 15.62GiB
15:02:41,courseregistrationplatform-k6-run-fcf3ac954823,76.74%,3.045GiB / 15.62GiB
15:02:41,courseregistrationplatform-backend_2-1,83.07%,197MiB / 15.62GiB
15:02:41,courseregistrationplatform-backend_1-1,100.40%,234.2MiB / 15.62GiB
15:02:41,courseregistrationplatform-frontend-1,0.00%,47.93MiB / 15.62GiB
15:02:41,courseregistrationplatform-worker_1-1,0.23%,32.04MiB / 15.62GiB
15:02:41,courseregistrationplatform-worker_2-1,0.04%,32MiB / 15.62GiB
15:02:41,courseregistrationplatform-nginx-1,14.98%,222.8MiB / 15.62GiB
15:02:41,courseregistrationplatform-ai-server-1,0.20%,115MiB / 15.62GiB
15:02:41,courseregistrationplatform-db-1,0.99%,434.6MiB / 15.62GiB
15:02:41,courseregistrationplatform-rabbitmq-1,0.54%,159.7MiB / 15.62GiB
15:02:41,courseregistrationplatform-redis-1,11.28%,10.15MiB / 15.62GiB
15:02:41,courseregistrationplatform-grafana-1,0.07%,59.73MiB / 15.62GiB
15:02:41,courseregistrationplatform-prometheus-1,0.60%,52.54MiB / 15.62GiB
15:02:41,sugang-control-plane,14.10%,743.6MiB / 15.62GiB
15:02:41,sugang-worker,3.29%,847.2MiB / 15.62GiB
15:02:41,sugang-worker2,4.86%,1.171GiB / 15.62GiB
15:02:41,biostream_api,7.75%,215.2MiB / 15.62GiB
15:02:41,biostream_mcp,0.00%,0B / 0B
15:02:41,biostream_qdrant,0.10%,153.3MiB / 15.62GiB
15:02:41,biostream_db,3.29%,36.02MiB / 15.62GiB
15:02:48,courseregistrationplatform-k6-run-fcf3ac954823,104.39%,3.046GiB / 15.62GiB
15:02:48,courseregistrationplatform-backend_2-1,100.53%,208.8MiB / 15.62GiB
15:02:48,courseregistrationplatform-backend_1-1,105.06%,270.6MiB / 15.62GiB
15:02:48,courseregistrationplatform-frontend-1,0.00%,47.93MiB / 15.62GiB
15:02:48,courseregistrationplatform-worker_1-1,0.02%,32.1MiB / 15.62GiB
15:02:48,courseregistrationplatform-worker_2-1,0.01%,32.21MiB / 15.62GiB
15:02:48,courseregistrationplatform-nginx-1,39.17%,224.4MiB / 15.62GiB
15:02:48,courseregistrationplatform-ai-server-1,0.19%,115MiB / 15.62GiB
15:02:48,courseregistrationplatform-db-1,4.05%,434.3MiB / 15.62GiB
15:02:48,courseregistrationplatform-rabbitmq-1,0.72%,159.2MiB / 15.62GiB
15:02:48,courseregistrationplatform-redis-1,13.19%,10.39MiB / 15.62GiB
15:02:48,courseregistrationplatform-grafana-1,0.06%,59.73MiB / 15.62GiB
15:02:48,courseregistrationplatform-prometheus-1,0.20%,52.54MiB / 15.62GiB
15:02:48,sugang-control-plane,15.90%,743.7MiB / 15.62GiB
15:02:48,sugang-worker,6.53%,847.5MiB / 15.62GiB
15:02:48,sugang-worker2,8.94%,1.179GiB / 15.62GiB
15:02:48,biostream_api,8.61%,215.2MiB / 15.62GiB
15:02:48,biostream_mcp,0.00%,0B / 0B
15:02:48,biostream_qdrant,0.14%,153.3MiB / 15.62GiB
15:02:48,biostream_db,0.00%,36.02MiB / 15.62GiB
15:02:55,courseregistrationplatform-k6-run-fcf3ac954823,121.04%,3.046GiB / 15.62GiB
15:02:55,courseregistrationplatform-backend_2-1,103.45%,209.3MiB / 15.62GiB
15:02:55,courseregistrationplatform-backend_1-1,101.38%,300.7MiB / 15.62GiB
15:02:55,courseregistrationplatform-frontend-1,0.00%,47.93MiB / 15.62GiB
15:02:55,courseregistrationplatform-worker_1-1,0.53%,31.74MiB / 15.62GiB
15:02:55,courseregistrationplatform-worker_2-1,0.44%,32.41MiB / 15.62GiB
15:02:55,courseregistrationplatform-nginx-1,36.51%,198.7MiB / 15.62GiB
15:02:55,courseregistrationplatform-ai-server-1,0.20%,115MiB / 15.62GiB
15:02:55,courseregistrationplatform-db-1,1.76%,434.6MiB / 15.62GiB
15:02:55,courseregistrationplatform-rabbitmq-1,0.87%,159.2MiB / 15.62GiB
15:02:55,courseregistrationplatform-redis-1,12.37%,9.66MiB / 15.62GiB
15:02:55,courseregistrationplatform-grafana-1,0.08%,59.73MiB / 15.62GiB
15:02:55,courseregistrationplatform-prometheus-1,0.16%,52.58MiB / 15.62GiB
15:02:55,sugang-control-plane,10.15%,743.1MiB / 15.62GiB
15:02:55,sugang-worker,2.99%,855MiB / 15.62GiB
15:02:55,sugang-worker2,3.11%,1.179GiB / 15.62GiB
15:02:55,biostream_api,8.56%,214.5MiB / 15.62GiB
15:02:55,biostream_mcp,0.00%,0B / 0B
15:02:55,biostream_qdrant,0.22%,153.3MiB / 15.62GiB
15:02:55,biostream_db,0.00%,36.02MiB / 15.62GiB
15:03:01,courseregistrationplatform-k6-run-fcf3ac954823,88.18%,3.046GiB / 15.62GiB
15:03:01,courseregistrationplatform-backend_2-1,104.74%,234.9MiB / 15.62GiB
15:03:01,courseregistrationplatform-backend_1-1,100.35%,247MiB / 15.62GiB
15:03:01,courseregistrationplatform-frontend-1,0.00%,47.93MiB / 15.62GiB
15:03:01,courseregistrationplatform-worker_1-1,0.35%,31.9MiB / 15.62GiB
15:03:01,courseregistrationplatform-worker_2-1,0.65%,32.4MiB / 15.62GiB
15:03:01,courseregistrationplatform-nginx-1,35.29%,205.4MiB / 15.62GiB
15:03:01,courseregistrationplatform-ai-server-1,0.19%,115MiB / 15.62GiB
15:03:01,courseregistrationplatform-db-1,1.43%,434.3MiB / 15.62GiB
15:03:01,courseregistrationplatform-rabbitmq-1,0.86%,159.3MiB / 15.62GiB
15:03:01,courseregistrationplatform-redis-1,12.88%,9.66MiB / 15.62GiB
15:03:01,courseregistrationplatform-grafana-1,0.06%,59.73MiB / 15.62GiB
15:03:01,courseregistrationplatform-prometheus-1,0.69%,52.59MiB / 15.62GiB
15:03:01,sugang-control-plane,15.59%,742MiB / 15.62GiB
15:03:01,sugang-worker,3.25%,854.9MiB / 15.62GiB
15:03:01,sugang-worker2,4.97%,1.179GiB / 15.62GiB
15:03:01,biostream_api,6.38%,215.2MiB / 15.62GiB
15:03:01,biostream_mcp,0.00%,0B / 0B
15:03:01,biostream_qdrant,0.12%,153.3MiB / 15.62GiB
15:03:01,biostream_db,1.90%,36.02MiB / 15.62GiB
15:03:08,courseregistrationplatform-k6-run-fcf3ac954823,97.96%,3.045GiB / 15.62GiB
15:03:08,courseregistrationplatform-backend_2-1,109.16%,240.3MiB / 15.62GiB
15:03:08,courseregistrationplatform-backend_1-1,103.97%,239.7MiB / 15.62GiB
15:03:08,courseregistrationplatform-frontend-1,0.00%,47.93MiB / 15.62GiB
15:03:08,courseregistrationplatform-worker_1-1,0.01%,31.98MiB / 15.62GiB
15:03:08,courseregistrationplatform-worker_2-1,0.01%,32.48MiB / 15.62GiB
15:03:08,courseregistrationplatform-nginx-1,29.21%,206.3MiB / 15.62GiB
15:03:08,courseregistrationplatform-ai-server-1,0.19%,115.1MiB / 15.62GiB
15:03:08,courseregistrationplatform-db-1,3.60%,434.2MiB / 15.62GiB
15:03:08,courseregistrationplatform-rabbitmq-1,0.27%,159.3MiB / 15.62GiB
15:03:08,courseregistrationplatform-redis-1,12.13%,9.664MiB / 15.62GiB
15:03:08,courseregistrationplatform-grafana-1,0.14%,59.71MiB / 15.62GiB
15:03:08,courseregistrationplatform-prometheus-1,0.11%,53.26MiB / 15.62GiB
15:03:08,sugang-control-plane,9.17%,743.9MiB / 15.62GiB
15:03:08,sugang-worker,2.30%,854.4MiB / 15.62GiB
15:03:08,sugang-worker2,4.04%,1.179GiB / 15.62GiB
15:03:08,biostream_api,8.29%,214.4MiB / 15.62GiB
15:03:08,biostream_mcp,0.00%,0B / 0B
15:03:08,biostream_qdrant,0.13%,154.3MiB / 15.62GiB
15:03:08,biostream_db,0.00%,35.99MiB / 15.62GiB
15:03:15,courseregistrationplatform-k6-run-fcf3ac954823,91.25%,3.046GiB / 15.62GiB
15:03:15,courseregistrationplatform-backend_2-1,102.43%,239.8MiB / 15.62GiB
15:03:15,courseregistrationplatform-backend_1-1,104.87%,240.4MiB / 15.62GiB
15:03:15,courseregistrationplatform-frontend-1,0.00%,47.93MiB / 15.62GiB
15:03:15,courseregistrationplatform-worker_1-1,0.01%,32.06MiB / 15.62GiB
15:03:15,courseregistrationplatform-worker_2-1,0.01%,31.71MiB / 15.62GiB
15:03:15,courseregistrationplatform-nginx-1,27.30%,204.5MiB / 15.62GiB
15:03:15,courseregistrationplatform-ai-server-1,0.19%,115.1MiB / 15.62GiB
15:03:15,courseregistrationplatform-db-1,0.65%,434.2MiB / 15.62GiB
15:03:15,courseregistrationplatform-rabbitmq-1,0.27%,159.4MiB / 15.62GiB
15:03:15,courseregistrationplatform-redis-1,12.88%,9.895MiB / 15.62GiB
15:03:15,courseregistrationplatform-grafana-1,0.07%,59.71MiB / 15.62GiB
15:03:15,courseregistrationplatform-prometheus-1,0.12%,53.26MiB / 15.62GiB
15:03:15,sugang-control-plane,16.39%,744.2MiB / 15.62GiB
15:03:15,sugang-worker,3.00%,855.2MiB / 15.62GiB
15:03:15,sugang-worker2,2.98%,1.179GiB / 15.62GiB
15:03:15,biostream_api,8.36%,214.7MiB / 15.62GiB
15:03:15,biostream_mcp,0.00%,0B / 0B
15:03:15,biostream_qdrant,0.33%,154.3MiB / 15.62GiB
15:03:15,biostream_db,0.00%,35.99MiB / 15.62GiB
15:03:22,courseregistrationplatform-k6-run-fcf3ac954823,105.50%,3.046GiB / 15.62GiB
15:03:22,courseregistrationplatform-backend_2-1,101.34%,231MiB / 15.62GiB
15:03:22,courseregistrationplatform-backend_1-1,101.27%,228.8MiB / 15.62GiB
15:03:22,courseregistrationplatform-frontend-1,0.00%,47.93MiB / 15.62GiB
15:03:22,courseregistrationplatform-worker_1-1,0.00%,32.07MiB / 15.62GiB
15:03:22,courseregistrationplatform-worker_2-1,0.00%,31.72MiB / 15.62GiB
15:03:22,courseregistrationplatform-nginx-1,35.02%,205MiB / 15.62GiB
15:03:22,courseregistrationplatform-ai-server-1,0.19%,115.1MiB / 15.62GiB
15:03:22,courseregistrationplatform-db-1,0.67%,434.2MiB / 15.62GiB
15:03:22,courseregistrationplatform-rabbitmq-1,0.69%,159.3MiB / 15.62GiB
15:03:22,courseregistrationplatform-redis-1,11.57%,10.15MiB / 15.62GiB
15:03:22,courseregistrationplatform-grafana-1,0.08%,59.72MiB / 15.62GiB
15:03:22,courseregistrationplatform-prometheus-1,0.10%,53.26MiB / 15.62GiB
15:03:22,sugang-control-plane,14.22%,744.3MiB / 15.62GiB
15:03:22,sugang-worker,4.51%,855.5MiB / 15.62GiB
15:03:22,sugang-worker2,4.73%,1.181GiB / 15.62GiB
15:03:22,biostream_api,8.34%,214.7MiB / 15.62GiB
15:03:22,biostream_mcp,0.00%,0B / 0B
15:03:22,biostream_qdrant,0.11%,154.3MiB / 15.62GiB
15:03:22,biostream_db,0.01%,35.99MiB / 15.62GiB
15:03:29,courseregistrationplatform-k6-run-fcf3ac954823,108.74%,3.046GiB / 15.62GiB
15:03:29,courseregistrationplatform-backend_2-1,101.36%,239.6MiB / 15.62GiB
15:03:29,courseregistrationplatform-backend_1-1,100.80%,224.1MiB / 15.62GiB
15:03:29,courseregistrationplatform-frontend-1,0.00%,47.93MiB / 15.62GiB
15:03:29,courseregistrationplatform-worker_1-1,0.00%,32.07MiB / 15.62GiB
15:03:29,courseregistrationplatform-worker_2-1,0.00%,31.72MiB / 15.62GiB
15:03:29,courseregistrationplatform-nginx-1,38.11%,204.9MiB / 15.62GiB
15:03:29,courseregistrationplatform-ai-server-1,0.19%,115.1MiB / 15.62GiB
15:03:29,courseregistrationplatform-db-1,0.61%,434.2MiB / 15.62GiB
15:03:29,courseregistrationplatform-rabbitmq-1,0.21%,159.3MiB / 15.62GiB
15:03:29,courseregistrationplatform-redis-1,11.22%,10.14MiB / 15.62GiB
15:03:29,courseregistrationplatform-grafana-1,0.06%,59.71MiB / 15.62GiB
15:03:29,courseregistrationplatform-prometheus-1,0.10%,53.26MiB / 15.62GiB
15:03:29,sugang-control-plane,10.31%,745MiB / 15.62GiB
15:03:29,sugang-worker,3.02%,855.2MiB / 15.62GiB
15:03:29,sugang-worker2,4.86%,1.181GiB / 15.62GiB
15:03:29,biostream_api,8.91%,214.9MiB / 15.62GiB
15:03:29,biostream_mcp,0.00%,0B / 0B
15:03:29,biostream_qdrant,0.14%,154.3MiB / 15.62GiB
15:03:29,biostream_db,0.00%,35.99MiB / 15.62GiB
15:03:36,courseregistrationplatform-k6-run-fcf3ac954823,94.95%,3.046GiB / 15.62GiB
15:03:36,courseregistrationplatform-backend_2-1,104.53%,269.7MiB / 15.62GiB
15:03:36,courseregistrationplatform-backend_1-1,100.87%,226.4MiB / 15.62GiB
15:03:36,courseregistrationplatform-frontend-1,0.00%,47.93MiB / 15.62GiB
15:03:36,courseregistrationplatform-worker_1-1,0.00%,32.07MiB / 15.62GiB
15:03:36,courseregistrationplatform-worker_2-1,0.00%,31.72MiB / 15.62GiB
15:03:36,courseregistrationplatform-nginx-1,28.05%,205.3MiB / 15.62GiB
15:03:36,courseregistrationplatform-ai-server-1,0.19%,115.1MiB / 15.62GiB
15:03:36,courseregistrationplatform-db-1,0.66%,434.2MiB / 15.62GiB
15:03:36,courseregistrationplatform-rabbitmq-1,0.44%,159.3MiB / 15.62GiB
15:03:36,courseregistrationplatform-redis-1,12.32%,10.14MiB / 15.62GiB
15:03:36,courseregistrationplatform-grafana-1,0.06%,59.71MiB / 15.62GiB
15:03:36,courseregistrationplatform-prometheus-1,0.71%,53.27MiB / 15.62GiB
15:03:36,sugang-control-plane,16.00%,743.7MiB / 15.62GiB
15:03:36,sugang-worker,4.01%,855.3MiB / 15.62GiB
15:03:36,sugang-worker2,3.62%,1.179GiB / 15.62GiB
15:03:36,biostream_api,7.01%,214.9MiB / 15.62GiB
15:03:36,biostream_mcp,0.00%,0B / 0B
15:03:36,biostream_qdrant,0.12%,154.3MiB / 15.62GiB
15:03:36,biostream_db,0.00%,35.99MiB / 15.62GiB
15:03:43,courseregistrationplatform-k6-run-fcf3ac954823,282.32%,3.056GiB / 15.62GiB
15:03:43,courseregistrationplatform-backend_2-1,96.71%,252.7MiB / 15.62GiB
15:03:43,courseregistrationplatform-backend_1-1,102.43%,217.9MiB / 15.62GiB
15:03:43,courseregistrationplatform-frontend-1,0.00%,47.93MiB / 15.62GiB
15:03:43,courseregistrationplatform-worker_1-1,0.00%,32.07MiB / 15.62GiB
15:03:43,courseregistrationplatform-worker_2-1,0.00%,31.72MiB / 15.62GiB
15:03:43,courseregistrationplatform-nginx-1,13.30%,204.7MiB / 15.62GiB
15:03:43,courseregistrationplatform-ai-server-1,0.21%,115.1MiB / 15.62GiB
15:03:43,courseregistrationplatform-db-1,0.65%,434.2MiB / 15.62GiB
15:03:43,courseregistrationplatform-rabbitmq-1,0.61%,159.4MiB / 15.62GiB
15:03:43,courseregistrationplatform-redis-1,12.65%,9.91MiB / 15.62GiB
15:03:43,courseregistrationplatform-grafana-1,0.05%,59.71MiB / 15.62GiB
15:03:43,courseregistrationplatform-prometheus-1,0.09%,53.27MiB / 15.62GiB
15:03:43,sugang-control-plane,9.62%,744.1MiB / 15.62GiB
15:03:43,sugang-worker,2.65%,863.4MiB / 15.62GiB
15:03:43,sugang-worker2,3.28%,1.179GiB / 15.62GiB
15:03:43,biostream_api,7.44%,214.7MiB / 15.62GiB
15:03:43,biostream_mcp,0.00%,0B / 0B
15:03:43,biostream_qdrant,0.11%,154.3MiB / 15.62GiB
15:03:43,biostream_db,0.00%,35.99MiB / 15.62GiB
15:03:50,courseregistrationplatform-k6-run-fcf3ac954823,78.06%,3.055GiB / 15.62GiB
15:03:50,courseregistrationplatform-backend_2-1,101.27%,296.1MiB / 15.62GiB
15:03:50,courseregistrationplatform-backend_1-1,97.58%,217.9MiB / 15.62GiB
15:03:50,courseregistrationplatform-frontend-1,0.00%,47.93MiB / 15.62GiB
15:03:50,courseregistrationplatform-worker_1-1,0.00%,32.07MiB / 15.62GiB
15:03:50,courseregistrationplatform-worker_2-1,0.00%,31.72MiB / 15.62GiB
15:03:50,courseregistrationplatform-nginx-1,19.30%,202.9MiB / 15.62GiB
15:03:50,courseregistrationplatform-ai-server-1,0.19%,115.1MiB / 15.62GiB
15:03:50,courseregistrationplatform-db-1,0.60%,434.2MiB / 15.62GiB
15:03:50,courseregistrationplatform-rabbitmq-1,0.26%,159MiB / 15.62GiB
15:03:50,courseregistrationplatform-redis-1,12.99%,10.15MiB / 15.62GiB
15:03:50,courseregistrationplatform-grafana-1,1.97%,59.76MiB / 15.62GiB
15:03:50,courseregistrationplatform-prometheus-1,0.25%,53.27MiB / 15.62GiB
15:03:50,sugang-control-plane,11.50%,745MiB / 15.62GiB
15:03:50,sugang-worker,3.50%,862.2MiB / 15.62GiB
15:03:50,sugang-worker2,3.14%,1.187GiB / 15.62GiB
15:03:50,biostream_api,7.76%,214.9MiB / 15.62GiB
15:03:50,biostream_mcp,0.00%,0B / 0B
15:03:50,biostream_qdrant,0.32%,154.3MiB / 15.62GiB
15:03:50,biostream_db,0.00%,35.99MiB / 15.62GiB
15:03:57,courseregistrationplatform-k6-run-fcf3ac954823,92.41%,3.053GiB / 15.62GiB
15:03:57,courseregistrationplatform-backend_2-1,102.89%,263MiB / 15.62GiB
15:03:57,courseregistrationplatform-backend_1-1,102.51%,219.1MiB / 15.62GiB
15:03:57,courseregistrationplatform-frontend-1,0.00%,47.93MiB / 15.62GiB
15:03:57,courseregistrationplatform-worker_1-1,0.00%,32.07MiB / 15.62GiB
15:03:57,courseregistrationplatform-worker_2-1,0.00%,31.72MiB / 15.62GiB
15:03:57,courseregistrationplatform-nginx-1,43.50%,200.3MiB / 15.62GiB
15:03:57,courseregistrationplatform-ai-server-1,0.23%,115.1MiB / 15.62GiB
15:03:57,courseregistrationplatform-db-1,0.76%,434.2MiB / 15.62GiB
15:03:57,courseregistrationplatform-rabbitmq-1,0.53%,159MiB / 15.62GiB
15:03:57,courseregistrationplatform-redis-1,13.22%,9.906MiB / 15.62GiB
15:03:57,courseregistrationplatform-grafana-1,0.58%,59.76MiB / 15.62GiB
15:03:57,courseregistrationplatform-prometheus-1,0.21%,53.3MiB / 15.62GiB
15:03:57,sugang-control-plane,15.90%,744.2MiB / 15.62GiB
15:03:57,sugang-worker,6.31%,863MiB / 15.62GiB
15:03:57,sugang-worker2,4.61%,1.188GiB / 15.62GiB
15:03:57,biostream_api,8.50%,214.9MiB / 15.62GiB
15:03:57,biostream_mcp,0.00%,0B / 0B
15:03:57,biostream_qdrant,0.11%,154.3MiB / 15.62GiB
15:03:57,biostream_db,4.15%,35.99MiB / 15.62GiB
15:04:04,courseregistrationplatform-k6-run-fcf3ac954823,116.71%,3.056GiB / 15.62GiB
15:04:04,courseregistrationplatform-backend_2-1,89.20%,273.8MiB / 15.62GiB
15:04:04,courseregistrationplatform-backend_1-1,103.19%,240.9MiB / 15.62GiB
15:04:04,courseregistrationplatform-frontend-1,0.00%,47.91MiB / 15.62GiB
15:04:04,courseregistrationplatform-worker_1-1,1.37%,32.37MiB / 15.62GiB
15:04:04,courseregistrationplatform-worker_2-1,1.36%,32.26MiB / 15.62GiB
15:04:04,courseregistrationplatform-nginx-1,30.88%,216.3MiB / 15.62GiB
15:04:04,courseregistrationplatform-ai-server-1,0.19%,115.1MiB / 15.62GiB
15:04:04,courseregistrationplatform-db-1,3.27%,434.2MiB / 15.62GiB
15:04:04,courseregistrationplatform-rabbitmq-1,2.13%,159.4MiB / 15.62GiB
15:04:04,courseregistrationplatform-redis-1,11.17%,9.926MiB / 15.62GiB
15:04:04,courseregistrationplatform-grafana-1,0.10%,59.7MiB / 15.62GiB
15:04:04,courseregistrationplatform-prometheus-1,0.20%,53.3MiB / 15.62GiB
15:04:04,sugang-control-plane,13.71%,744.2MiB / 15.62GiB
15:04:04,sugang-worker,5.79%,862.1MiB / 15.62GiB
15:04:04,sugang-worker2,6.11%,1.187GiB / 15.62GiB
15:04:04,biostream_api,6.03%,214.9MiB / 15.62GiB
15:04:04,biostream_mcp,0.00%,0B / 0B
15:04:04,biostream_qdrant,0.24%,154.3MiB / 15.62GiB
15:04:04,biostream_db,0.00%,35.99MiB / 15.62GiB
15:04:11,courseregistrationplatform-k6-run-fcf3ac954823,123.01%,3.057GiB / 15.62GiB
15:04:11,courseregistrationplatform-backend_2-1,109.61%,165.3MiB / 15.62GiB
15:04:11,courseregistrationplatform-backend_1-1,104.10%,249.5MiB / 15.62GiB
15:04:11,courseregistrationplatform-frontend-1,0.00%,47.93MiB / 15.62GiB
15:04:11,courseregistrationplatform-worker_1-1,0.01%,32.37MiB / 15.62GiB
15:04:11,courseregistrationplatform-worker_2-1,0.01%,32.26MiB / 15.62GiB
15:04:11,courseregistrationplatform-nginx-1,37.17%,228.3MiB / 15.62GiB
15:04:11,courseregistrationplatform-ai-server-1,0.23%,115.2MiB / 15.62GiB
15:04:11,courseregistrationplatform-db-1,0.81%,434.3MiB / 15.62GiB
15:04:11,courseregistrationplatform-rabbitmq-1,0.86%,159.1MiB / 15.62GiB
15:04:11,courseregistrationplatform-redis-1,14.16%,10.16MiB / 15.62GiB
15:04:11,courseregistrationplatform-grafana-1,0.07%,59.72MiB / 15.62GiB
15:04:11,courseregistrationplatform-prometheus-1,0.09%,54.03MiB / 15.62GiB
15:04:11,sugang-control-plane,17.72%,748MiB / 15.62GiB
15:04:11,sugang-worker,4.33%,871MiB / 15.62GiB
15:04:11,sugang-worker2,5.01%,1.188GiB / 15.62GiB
15:04:11,biostream_api,9.58%,214.8MiB / 15.62GiB
15:04:11,biostream_mcp,0.00%,0B / 0B
15:04:11,biostream_qdrant,0.16%,155.3MiB / 15.62GiB
15:04:11,biostream_db,0.00%,35.92MiB / 15.62GiB
15:04:19,courseregistrationplatform-k6-run-fcf3ac954823,111.46%,3.057GiB / 15.62GiB
15:04:19,courseregistrationplatform-backend_2-1,102.63%,202.8MiB / 15.62GiB
15:04:19,courseregistrationplatform-backend_1-1,102.04%,231MiB / 15.62GiB
15:04:19,courseregistrationplatform-frontend-1,0.01%,47.93MiB / 15.62GiB
15:04:19,courseregistrationplatform-worker_1-1,0.84%,33.02MiB / 15.62GiB
15:04:19,courseregistrationplatform-worker_2-1,1.31%,32.98MiB / 15.62GiB
15:04:19,courseregistrationplatform-nginx-1,35.21%,223MiB / 15.62GiB
15:04:19,courseregistrationplatform-ai-server-1,0.19%,115.2MiB / 15.62GiB
15:04:19,courseregistrationplatform-db-1,6.60%,434.3MiB / 15.62GiB
15:04:19,courseregistrationplatform-rabbitmq-1,0.70%,159.2MiB / 15.62GiB
15:04:19,courseregistrationplatform-redis-1,13.12%,10.16MiB / 15.62GiB
15:04:19,courseregistrationplatform-grafana-1,0.09%,59.71MiB / 15.62GiB
15:04:19,courseregistrationplatform-prometheus-1,0.11%,54.03MiB / 15.62GiB
15:04:19,sugang-control-plane,17.03%,750.3MiB / 15.62GiB
15:04:19,sugang-worker,3.86%,870.8MiB / 15.62GiB
15:04:19,sugang-worker2,2.42%,1.188GiB / 15.62GiB
15:04:19,biostream_api,9.34%,214.8MiB / 15.62GiB
15:04:19,biostream_mcp,0.00%,0B / 0B
15:04:19,biostream_qdrant,0.13%,155.3MiB / 15.62GiB
15:04:19,biostream_db,0.00%,35.92MiB / 15.62GiB
15:04:26,courseregistrationplatform-k6-run-fcf3ac954823,99.18%,3.056GiB / 15.62GiB
15:04:26,courseregistrationplatform-backend_2-1,8.63%,173.4MiB / 15.62GiB
15:04:26,courseregistrationplatform-backend_1-1,101.81%,227.4MiB / 15.62GiB
15:04:26,courseregistrationplatform-frontend-1,0.00%,47.93MiB / 15.62GiB
15:04:26,courseregistrationplatform-worker_1-1,0.66%,32.79MiB / 15.62GiB
15:04:26,courseregistrationplatform-worker_2-1,0.66%,32.93MiB / 15.62GiB
15:04:26,courseregistrationplatform-nginx-1,33.34%,227MiB / 15.62GiB
15:04:26,courseregistrationplatform-ai-server-1,0.26%,115.2MiB / 15.62GiB
15:04:26,courseregistrationplatform-db-1,1.87%,434.3MiB / 15.62GiB
15:04:26,courseregistrationplatform-rabbitmq-1,0.81%,159.1MiB / 15.62GiB
15:04:26,courseregistrationplatform-redis-1,9.53%,9.918MiB / 15.62GiB
15:04:26,courseregistrationplatform-grafana-1,0.89%,59.71MiB / 15.62GiB
15:04:26,courseregistrationplatform-prometheus-1,0.09%,54.04MiB / 15.62GiB
15:04:26,sugang-control-plane,17.23%,748.8MiB / 15.62GiB
15:04:26,sugang-worker,9.58%,870.4MiB / 15.62GiB
15:04:26,sugang-worker2,7.56%,1.188GiB / 15.62GiB
15:04:26,biostream_api,9.37%,215MiB / 15.62GiB
15:04:26,biostream_mcp,0.00%,0B / 0B
15:04:26,biostream_qdrant,0.16%,155.3MiB / 15.62GiB
15:04:26,biostream_db,5.33%,35.92MiB / 15.62GiB
15:04:34,courseregistrationplatform-k6-run-fcf3ac954823,106.11%,3.087GiB / 15.62GiB
15:04:34,courseregistrationplatform-backend_2-1,101.96%,211.8MiB / 15.62GiB
15:04:34,courseregistrationplatform-backend_1-1,101.54%,237.2MiB / 15.62GiB
15:04:34,courseregistrationplatform-frontend-1,0.00%,47.93MiB / 15.62GiB
15:04:34,courseregistrationplatform-worker_1-1,2.77%,33.59MiB / 15.62GiB
15:04:34,courseregistrationplatform-worker_2-1,3.83%,33.42MiB / 15.62GiB
15:04:34,courseregistrationplatform-nginx-1,42.76%,224.4MiB / 15.62GiB
15:04:34,courseregistrationplatform-ai-server-1,0.26%,115.2MiB / 15.62GiB
15:04:34,courseregistrationplatform-db-1,5.03%,434.4MiB / 15.62GiB
15:04:34,courseregistrationplatform-rabbitmq-1,3.03%,159.6MiB / 15.62GiB
15:04:34,courseregistrationplatform-redis-1,12.60%,9.672MiB / 15.62GiB
15:04:34,courseregistrationplatform-grafana-1,0.07%,59.71MiB / 15.62GiB
15:04:34,courseregistrationplatform-prometheus-1,0.18%,54.04MiB / 15.62GiB
15:04:34,sugang-control-plane,17.16%,747.4MiB / 15.62GiB
15:04:34,sugang-worker,7.92%,871MiB / 15.62GiB
15:04:34,sugang-worker2,5.73%,1.187GiB / 15.62GiB
15:04:34,biostream_api,9.42%,215.3MiB / 15.62GiB
15:04:34,biostream_mcp,0.00%,0B / 0B
15:04:34,biostream_qdrant,0.17%,155.3MiB / 15.62GiB
15:04:34,biostream_db,0.01%,35.92MiB / 15.62GiB
15:04:41,courseregistrationplatform-k6-run-fcf3ac954823,69.14%,3.088GiB / 15.62GiB
15:04:41,courseregistrationplatform-backend_2-1,97.76%,192.8MiB / 15.62GiB
15:04:41,courseregistrationplatform-backend_1-1,0.30%,222.1MiB / 15.62GiB
15:04:41,courseregistrationplatform-frontend-1,0.00%,47.93MiB / 15.62GiB
15:04:41,courseregistrationplatform-worker_1-1,0.01%,33.47MiB / 15.62GiB
15:04:41,courseregistrationplatform-worker_2-1,0.01%,32.99MiB / 15.62GiB
15:04:41,courseregistrationplatform-nginx-1,38.08%,230.3MiB / 15.62GiB
15:04:41,courseregistrationplatform-ai-server-1,0.21%,115.2MiB / 15.62GiB
15:04:41,courseregistrationplatform-db-1,1.89%,434.4MiB / 15.62GiB
15:04:41,courseregistrationplatform-rabbitmq-1,0.46%,159.1MiB / 15.62GiB
15:04:41,courseregistrationplatform-redis-1,5.53%,9.676MiB / 15.62GiB
15:04:41,courseregistrationplatform-grafana-1,0.06%,59.71MiB / 15.62GiB
15:04:41,courseregistrationplatform-prometheus-1,0.76%,54.05MiB / 15.62GiB
15:04:41,sugang-control-plane,10.00%,749.4MiB / 15.62GiB
15:04:41,sugang-worker,4.98%,870.5MiB / 15.62GiB
15:04:41,sugang-worker2,4.18%,1.187GiB / 15.62GiB
15:04:41,biostream_api,8.37%,214.8MiB / 15.62GiB
15:04:41,biostream_mcp,0.00%,0B / 0B
15:04:41,biostream_qdrant,0.14%,155.3MiB / 15.62GiB
15:04:41,biostream_db,0.00%,35.92MiB / 15.62GiB
15:04:48,courseregistrationplatform-k6-run-fcf3ac954823,96.36%,3.087GiB / 15.62GiB
15:04:48,courseregistrationplatform-backend_2-1,103.95%,210.2MiB / 15.62GiB
15:04:48,courseregistrationplatform-backend_1-1,101.74%,219.6MiB / 15.62GiB
15:04:48,courseregistrationplatform-frontend-1,0.00%,47.93MiB / 15.62GiB
15:04:48,courseregistrationplatform-worker_1-1,0.21%,33.14MiB / 15.62GiB
15:04:48,courseregistrationplatform-worker_2-1,0.37%,33.62MiB / 15.62GiB
15:04:48,courseregistrationplatform-nginx-1,32.27%,221.5MiB / 15.62GiB
15:04:48,courseregistrationplatform-ai-server-1,0.20%,115.2MiB / 15.62GiB
15:04:48,courseregistrationplatform-db-1,1.31%,434.6MiB / 15.62GiB
15:04:48,courseregistrationplatform-rabbitmq-1,0.89%,159.1MiB / 15.62GiB
15:04:48,courseregistrationplatform-redis-1,13.98%,9.922MiB / 15.62GiB
15:04:48,courseregistrationplatform-grafana-1,0.07%,59.72MiB / 15.62GiB
15:04:48,courseregistrationplatform-prometheus-1,0.00%,54.04MiB / 15.62GiB
15:04:48,sugang-control-plane,19.85%,750.4MiB / 15.62GiB
15:04:48,sugang-worker,8.66%,870.3MiB / 15.62GiB
15:04:48,sugang-worker2,7.96%,1.188GiB / 15.62GiB
15:04:48,biostream_api,8.70%,215MiB / 15.62GiB
15:04:48,biostream_mcp,0.00%,0B / 0B
15:04:48,biostream_qdrant,2.98%,155.3MiB / 15.62GiB
15:04:48,biostream_db,3.82%,35.92MiB / 15.62GiB
15:04:55,courseregistrationplatform-k6-run-fcf3ac954823,121.47%,3.103GiB / 15.62GiB
15:04:55,courseregistrationplatform-backend_2-1,7.69%,252.3MiB / 15.62GiB
15:04:55,courseregistrationplatform-backend_1-1,101.98%,201.2MiB / 15.62GiB
15:04:55,courseregistrationplatform-frontend-1,0.00%,47.93MiB / 15.62GiB
15:04:55,courseregistrationplatform-worker_1-1,0.18%,33.28MiB / 15.62GiB
15:04:55,courseregistrationplatform-worker_2-1,0.01%,33.62MiB / 15.62GiB
15:04:55,courseregistrationplatform-nginx-1,45.01%,226.3MiB / 15.62GiB
15:04:55,courseregistrationplatform-ai-server-1,0.20%,115.2MiB / 15.62GiB
15:04:55,courseregistrationplatform-db-1,1.45%,434.4MiB / 15.62GiB
15:04:55,courseregistrationplatform-rabbitmq-1,0.41%,159.4MiB / 15.62GiB
15:04:55,courseregistrationplatform-redis-1,6.58%,9.672MiB / 15.62GiB
15:04:55,courseregistrationplatform-grafana-1,0.08%,59.72MiB / 15.62GiB
15:04:55,courseregistrationplatform-prometheus-1,0.17%,54.07MiB / 15.62GiB
15:04:55,sugang-control-plane,9.86%,748.6MiB / 15.62GiB
15:04:55,sugang-worker,4.10%,879.1MiB / 15.62GiB
15:04:55,sugang-worker2,3.35%,1.188GiB / 15.62GiB
15:04:55,biostream_api,6.20%,215.6MiB / 15.62GiB
15:04:55,biostream_mcp,0.00%,0B / 0B
15:04:55,biostream_qdrant,0.30%,155.5MiB / 15.62GiB
15:04:55,biostream_db,0.02%,35.92MiB / 15.62GiB
15:05:02,courseregistrationplatform-k6-run-fcf3ac954823,99.34%,3.103GiB / 15.62GiB
15:05:02,courseregistrationplatform-backend_2-1,107.21%,134.7MiB / 15.62GiB
15:05:02,courseregistrationplatform-backend_1-1,103.42%,219.4MiB / 15.62GiB
15:05:02,courseregistrationplatform-frontend-1,0.00%,47.93MiB / 15.62GiB
15:05:02,courseregistrationplatform-worker_1-1,0.29%,33.62MiB / 15.62GiB
15:05:02,courseregistrationplatform-worker_2-1,0.32%,33.15MiB / 15.62GiB
15:05:02,courseregistrationplatform-nginx-1,22.77%,215.4MiB / 15.62GiB
15:05:02,courseregistrationplatform-ai-server-1,0.22%,115.2MiB / 15.62GiB
15:05:02,courseregistrationplatform-db-1,0.90%,434.4MiB / 15.62GiB
15:05:02,courseregistrationplatform-rabbitmq-1,0.59%,159.1MiB / 15.62GiB
15:05:02,courseregistrationplatform-redis-1,12.43%,10.17MiB / 15.62GiB
15:05:02,courseregistrationplatform-grafana-1,0.08%,59.71MiB / 15.62GiB
15:05:02,courseregistrationplatform-prometheus-1,0.11%,54.07MiB / 15.62GiB
15:05:02,sugang-control-plane,15.19%,748.6MiB / 15.62GiB
15:05:02,sugang-worker,3.79%,878.4MiB / 15.62GiB
15:05:02,sugang-worker2,5.02%,1.188GiB / 15.62GiB
15:05:02,biostream_api,8.52%,215MiB / 15.62GiB
15:05:02,biostream_mcp,0.00%,0B / 0B
15:05:02,biostream_qdrant,0.12%,155.3MiB / 15.62GiB
15:05:02,biostream_db,0.00%,35.92MiB / 15.62GiB
15:05:09,courseregistrationplatform-k6-run-fcf3ac954823,122.55%,3.103GiB / 15.62GiB
15:05:09,courseregistrationplatform-backend_2-1,103.90%,175.6MiB / 15.62GiB
15:05:09,courseregistrationplatform-backend_1-1,97.84%,210.6MiB / 15.62GiB
15:05:09,courseregistrationplatform-frontend-1,0.00%,47.93MiB / 15.62GiB
15:05:09,courseregistrationplatform-worker_1-1,0.25%,33.31MiB / 15.62GiB
15:05:09,courseregistrationplatform-worker_2-1,0.23%,33.7MiB / 15.62GiB
15:05:09,courseregistrationplatform-nginx-1,33.22%,213.5MiB / 15.62GiB
15:05:09,courseregistrationplatform-ai-server-1,0.20%,115.2MiB / 15.62GiB
15:05:09,courseregistrationplatform-db-1,5.95%,434.4MiB / 15.62GiB
15:05:09,courseregistrationplatform-rabbitmq-1,0.59%,159.1MiB / 15.62GiB
15:05:09,courseregistrationplatform-redis-1,11.25%,10.17MiB / 15.62GiB
15:05:09,courseregistrationplatform-grafana-1,0.04%,59.72MiB / 15.62GiB
15:05:09,courseregistrationplatform-prometheus-1,0.18%,54.07MiB / 15.62GiB
15:05:09,sugang-control-plane,14.58%,750.6MiB / 15.62GiB
15:05:09,sugang-worker,3.53%,878.7MiB / 15.62GiB
15:05:09,sugang-worker2,4.10%,1.187GiB / 15.62GiB
15:05:09,biostream_api,8.60%,214.3MiB / 15.62GiB
15:05:09,biostream_qdrant,0.26%,155.7MiB / 15.62GiB
15:05:09,biostream_db,0.00%,35.92MiB / 15.62GiB
15:05:16,courseregistrationplatform-k6-run-fcf3ac954823,105.72%,3.103GiB / 15.62GiB
15:05:16,courseregistrationplatform-backend_2-1,103.46%,229.9MiB / 15.62GiB
15:05:16,courseregistrationplatform-backend_1-1,103.86%,176.8MiB / 15.62GiB
15:05:16,courseregistrationplatform-frontend-1,0.00%,47.93MiB / 15.62GiB
15:05:16,courseregistrationplatform-worker_1-1,0.01%,33.55MiB / 15.62GiB
15:05:16,courseregistrationplatform-worker_2-1,0.01%,33.77MiB / 15.62GiB
15:05:16,courseregistrationplatform-nginx-1,23.88%,229.6MiB / 15.62GiB
15:05:16,courseregistrationplatform-ai-server-1,0.20%,115.2MiB / 15.62GiB
15:05:16,courseregistrationplatform-db-1,0.95%,434.4MiB / 15.62GiB
15:05:16,courseregistrationplatform-rabbitmq-1,0.66%,159.4MiB / 15.62GiB
15:05:16,courseregistrationplatform-redis-1,14.32%,9.93MiB / 15.62GiB
15:05:16,courseregistrationplatform-grafana-1,0.11%,59.71MiB / 15.62GiB
15:05:16,courseregistrationplatform-prometheus-1,0.17%,54.32MiB / 15.62GiB
15:05:16,sugang-control-plane,11.77%,750.6MiB / 15.62GiB
15:05:16,sugang-worker,4.36%,880MiB / 15.62GiB
15:05:16,sugang-worker2,3.71%,1.188GiB / 15.62GiB
15:05:16,biostream_api,8.35%,215.1MiB / 15.62GiB
15:05:16,biostream_mcp,0.00%,0B / 0B
15:05:16,biostream_qdrant,0.12%,155.5MiB / 15.62GiB
15:05:16,biostream_db,0.00%,35.92MiB / 15.62GiB
15:05:24,courseregistrationplatform-k6-run-fcf3ac954823,94.97%,3.103GiB / 15.62GiB
15:05:24,courseregistrationplatform-backend_2-1,101.73%,230.1MiB / 15.62GiB
15:05:24,courseregistrationplatform-backend_1-1,100.95%,202.2MiB / 15.62GiB
15:05:24,courseregistrationplatform-frontend-1,0.00%,47.93MiB / 15.62GiB
15:05:24,courseregistrationplatform-worker_1-1,0.27%,33.65MiB / 15.62GiB
15:05:24,courseregistrationplatform-worker_2-1,0.29%,33.68MiB / 15.62GiB
15:05:24,courseregistrationplatform-nginx-1,35.04%,189.9MiB / 15.62GiB
15:05:24,courseregistrationplatform-ai-server-1,0.19%,115.2MiB / 15.62GiB
15:05:24,courseregistrationplatform-db-1,1.18%,434.4MiB / 15.62GiB
15:05:24,courseregistrationplatform-rabbitmq-1,0.70%,159.3MiB / 15.62GiB
15:05:24,courseregistrationplatform-redis-1,11.38%,9.93MiB / 15.62GiB
15:05:24,courseregistrationplatform-grafana-1,0.07%,59.71MiB / 15.62GiB
15:05:24,courseregistrationplatform-prometheus-1,0.20%,54.07MiB / 15.62GiB
15:05:24,sugang-control-plane,10.97%,750.7MiB / 15.62GiB
15:05:24,sugang-worker,2.73%,879.4MiB / 15.62GiB
15:05:24,sugang-worker2,3.07%,1.188GiB / 15.62GiB
15:05:24,biostream_api,6.20%,214.6MiB / 15.62GiB
15:05:24,biostream_mcp,0.00%,0B / 0B
15:05:24,biostream_qdrant,0.13%,155.5MiB / 15.62GiB
15:05:24,biostream_db,0.00%,35.92MiB / 15.62GiB
15:05:31,courseregistrationplatform-k6-run-fcf3ac954823,137.62%,3.103GiB / 15.62GiB
15:05:31,courseregistrationplatform-backend_2-1,100.14%,272.3MiB / 15.62GiB
15:05:31,courseregistrationplatform-backend_1-1,98.62%,250.8MiB / 15.62GiB
15:05:31,courseregistrationplatform-frontend-1,0.00%,47.93MiB / 15.62GiB
15:05:31,courseregistrationplatform-worker_1-1,0.22%,33.73MiB / 15.62GiB
15:05:31,courseregistrationplatform-worker_2-1,0.74%,33.24MiB / 15.62GiB
15:05:31,courseregistrationplatform-nginx-1,40.49%,201.8MiB / 15.62GiB
15:05:31,courseregistrationplatform-ai-server-1,0.24%,115.2MiB / 15.62GiB
15:05:31,courseregistrationplatform-db-1,1.99%,434.4MiB / 15.62GiB
15:05:31,courseregistrationplatform-rabbitmq-1,1.06%,159.1MiB / 15.62GiB
15:05:31,courseregistrationplatform-redis-1,11.21%,9.93MiB / 15.62GiB
15:05:31,courseregistrationplatform-grafana-1,0.07%,59.71MiB / 15.62GiB
15:05:31,courseregistrationplatform-prometheus-1,0.79%,54.09MiB / 15.62GiB
15:05:31,sugang-control-plane,11.21%,751MiB / 15.62GiB
15:05:31,sugang-worker,3.30%,879MiB / 15.62GiB
15:05:31,sugang-worker2,4.59%,1.188GiB / 15.62GiB
15:05:31,biostream_api,6.61%,215.1MiB / 15.62GiB
15:05:31,biostream_mcp,0.00%,0B / 0B
15:05:31,biostream_qdrant,0.14%,155.5MiB / 15.62GiB
15:05:31,biostream_db,0.00%,35.92MiB / 15.62GiB
15:05:38,courseregistrationplatform-k6-run-fcf3ac954823,87.48%,3.102GiB / 15.62GiB
15:05:38,courseregistrationplatform-backend_2-1,108.39%,197.9MiB / 15.62GiB
15:05:38,courseregistrationplatform-backend_1-1,100.83%,280.4MiB / 15.62GiB
15:05:38,courseregistrationplatform-frontend-1,0.00%,47.93MiB / 15.62GiB
15:05:38,courseregistrationplatform-worker_1-1,0.01%,33.25MiB / 15.62GiB
15:05:38,courseregistrationplatform-worker_2-1,0.01%,33.37MiB / 15.62GiB
15:05:38,courseregistrationplatform-nginx-1,19.85%,220.6MiB / 15.62GiB
15:05:38,courseregistrationplatform-ai-server-1,0.19%,115.2MiB / 15.62GiB
15:05:38,courseregistrationplatform-db-1,0.69%,434.4MiB / 15.62GiB
15:05:38,courseregistrationplatform-rabbitmq-1,0.64%,159.6MiB / 15.62GiB
15:05:38,courseregistrationplatform-redis-1,13.21%,9.688MiB / 15.62GiB
15:05:38,courseregistrationplatform-grafana-1,0.17%,59.71MiB / 15.62GiB
15:05:38,courseregistrationplatform-prometheus-1,0.09%,54.08MiB / 15.62GiB
15:05:38,sugang-control-plane,15.55%,754.2MiB / 15.62GiB
15:05:38,sugang-worker,9.27%,879.4MiB / 15.62GiB
15:05:38,sugang-worker2,6.71%,1.189GiB / 15.62GiB
15:05:38,biostream_api,8.28%,215.4MiB / 15.62GiB
15:05:38,biostream_mcp,0.00%,0B / 0B
15:05:38,biostream_qdrant,2.80%,156MiB / 15.62GiB
15:05:38,biostream_db,3.92%,35.93MiB / 15.62GiB
15:05:45,courseregistrationplatform-k6-run-fcf3ac954823,140.20%,3.103GiB / 15.62GiB
15:05:45,courseregistrationplatform-backend_2-1,104.28%,202.9MiB / 15.62GiB
15:05:45,courseregistrationplatform-backend_1-1,99.85%,271.7MiB / 15.62GiB
15:05:45,courseregistrationplatform-frontend-1,0.00%,47.93MiB / 15.62GiB
15:05:45,courseregistrationplatform-worker_1-1,0.99%,33.84MiB / 15.62GiB
15:05:45,courseregistrationplatform-worker_2-1,1.01%,32.91MiB / 15.62GiB
15:05:45,courseregistrationplatform-nginx-1,42.17%,213.2MiB / 15.62GiB
15:05:45,courseregistrationplatform-ai-server-1,0.20%,115.2MiB / 15.62GiB
15:05:45,courseregistrationplatform-db-1,2.10%,434.4MiB / 15.62GiB
15:05:45,courseregistrationplatform-rabbitmq-1,0.88%,159.3MiB / 15.62GiB
15:05:45,courseregistrationplatform-redis-1,11.63%,9.945MiB / 15.62GiB
15:05:45,courseregistrationplatform-grafana-1,0.14%,59.71MiB / 15.62GiB
15:05:45,courseregistrationplatform-prometheus-1,0.10%,54.08MiB / 15.62GiB
15:05:45,sugang-control-plane,11.45%,753.3MiB / 15.62GiB
15:05:45,sugang-worker,2.30%,879.7MiB / 15.62GiB
15:05:45,sugang-worker2,3.52%,1.191GiB / 15.62GiB
15:05:45,biostream_api,8.90%,214.9MiB / 15.62GiB
15:05:45,biostream_mcp,0.00%,0B / 0B
15:05:45,biostream_qdrant,0.34%,156MiB / 15.62GiB
15:05:45,biostream_db,0.00%,35.92MiB / 15.62GiB
15:05:52,courseregistrationplatform-k6-run-fcf3ac954823,161.43%,3.15GiB / 15.62GiB
15:05:52,courseregistrationplatform-backend_2-1,92.38%,197.2MiB / 15.62GiB
15:05:52,courseregistrationplatform-backend_1-1,95.16%,269.6MiB / 15.62GiB
15:05:52,courseregistrationplatform-frontend-1,0.00%,47.93MiB / 15.62GiB
15:05:52,courseregistrationplatform-worker_1-1,0.30%,33.27MiB / 15.62GiB
15:05:52,courseregistrationplatform-worker_2-1,3.92%,33.83MiB / 15.62GiB
15:05:52,courseregistrationplatform-nginx-1,65.31%,175.7MiB / 15.62GiB
15:05:52,courseregistrationplatform-ai-server-1,0.62%,115.2MiB / 15.62GiB
15:05:52,courseregistrationplatform-db-1,6.82%,434.4MiB / 15.62GiB
15:05:52,courseregistrationplatform-rabbitmq-1,2.68%,159.4MiB / 15.62GiB
15:05:52,courseregistrationplatform-redis-1,11.59%,9.684MiB / 15.62GiB
15:05:52,courseregistrationplatform-grafana-1,0.10%,59.71MiB / 15.62GiB
15:05:52,courseregistrationplatform-prometheus-1,0.00%,54.13MiB / 15.62GiB
15:05:52,sugang-control-plane,17.28%,753.5MiB / 15.62GiB
15:05:52,sugang-worker,4.60%,880.3MiB / 15.62GiB
15:05:52,sugang-worker2,3.77%,1.188GiB / 15.62GiB
15:05:52,biostream_api,5.76%,214.4MiB / 15.62GiB
15:05:52,biostream_mcp,0.00%,0B / 0B
15:05:52,biostream_qdrant,0.16%,155.9MiB / 15.62GiB
15:05:52,biostream_db,5.90%,36.07MiB / 15.62GiB
15:06:00,courseregistrationplatform-k6-run-fcf3ac954823,126.59%,3.15GiB / 15.62GiB
15:06:00,courseregistrationplatform-backend_2-1,100.40%,211.9MiB / 15.62GiB
15:06:00,courseregistrationplatform-backend_1-1,101.01%,326.6MiB / 15.62GiB
15:06:00,courseregistrationplatform-frontend-1,0.00%,47.93MiB / 15.62GiB
15:06:00,courseregistrationplatform-worker_1-1,0.01%,33.41MiB / 15.62GiB
15:06:00,courseregistrationplatform-worker_2-1,0.19%,33.33MiB / 15.62GiB
15:06:00,courseregistrationplatform-nginx-1,24.31%,195.4MiB / 15.62GiB
15:06:00,courseregistrationplatform-ai-server-1,0.20%,115.2MiB / 15.62GiB
15:06:00,courseregistrationplatform-db-1,1.02%,434.4MiB / 15.62GiB
15:06:00,courseregistrationplatform-rabbitmq-1,0.36%,159.4MiB / 15.62GiB
15:06:00,courseregistrationplatform-redis-1,12.56%,9.68MiB / 15.62GiB
15:06:00,courseregistrationplatform-grafana-1,0.05%,59.71MiB / 15.62GiB
15:06:00,courseregistrationplatform-prometheus-1,0.12%,54.13MiB / 15.62GiB
15:06:00,sugang-control-plane,17.20%,753.6MiB / 15.62GiB
15:06:00,sugang-worker,5.33%,878.8MiB / 15.62GiB
15:06:00,sugang-worker2,4.82%,1.188GiB / 15.62GiB
15:06:00,biostream_api,8.40%,215.2MiB / 15.62GiB
15:06:00,biostream_mcp,0.00%,0B / 0B
15:06:00,biostream_qdrant,0.30%,156MiB / 15.62GiB
15:06:00,biostream_db,0.00%,35.92MiB / 15.62GiB
15:06:07,courseregistrationplatform-k6-run-fcf3ac954823,84.63%,3.151GiB / 15.62GiB
15:06:07,courseregistrationplatform-backend_2-1,101.65%,190.1MiB / 15.62GiB
15:06:07,courseregistrationplatform-backend_1-1,101.06%,255MiB / 15.62GiB
15:06:07,courseregistrationplatform-frontend-1,0.00%,47.93MiB / 15.62GiB
15:06:07,courseregistrationplatform-worker_1-1,0.01%,33.55MiB / 15.62GiB
15:06:07,courseregistrationplatform-worker_2-1,0.01%,33.33MiB / 15.62GiB
15:06:07,courseregistrationplatform-nginx-1,16.12%,205.4MiB / 15.62GiB
15:06:07,courseregistrationplatform-ai-server-1,0.20%,115.2MiB / 15.62GiB
15:06:07,courseregistrationplatform-db-1,1.25%,434.5MiB / 15.62GiB
15:06:07,courseregistrationplatform-rabbitmq-1,0.61%,159.4MiB / 15.62GiB
15:06:07,courseregistrationplatform-redis-1,13.79%,10.17MiB / 15.62GiB
15:06:07,courseregistrationplatform-grafana-1,0.07%,59.71MiB / 15.62GiB
15:06:07,courseregistrationplatform-prometheus-1,0.10%,54.14MiB / 15.62GiB
15:06:07,sugang-control-plane,11.92%,752.9MiB / 15.62GiB
15:06:07,sugang-worker,5.54%,878MiB / 15.62GiB
15:06:07,sugang-worker2,4.67%,1.196GiB / 15.62GiB
15:06:07,biostream_api,8.18%,214.2MiB / 15.62GiB
15:06:07,biostream_mcp,0.00%,0B / 0B
15:06:07,biostream_qdrant,0.12%,156MiB / 15.62GiB
15:06:07,biostream_db,0.00%,35.92MiB / 15.62GiB
15:06:14,courseregistrationplatform-k6-run-fcf3ac954823,94.47%,3.15GiB / 15.62GiB
15:06:14,courseregistrationplatform-backend_2-1,101.42%,225.4MiB / 15.62GiB
15:06:14,courseregistrationplatform-backend_1-1,101.80%,227.8MiB / 15.62GiB
15:06:14,courseregistrationplatform-frontend-1,0.00%,47.93MiB / 15.62GiB
15:06:14,courseregistrationplatform-worker_1-1,0.03%,33.13MiB / 15.62GiB
15:06:14,courseregistrationplatform-worker_2-1,0.03%,33.08MiB / 15.62GiB
15:06:14,courseregistrationplatform-nginx-1,27.67%,217.4MiB / 15.62GiB
15:06:14,courseregistrationplatform-ai-server-1,0.23%,115.2MiB / 15.62GiB
15:06:14,courseregistrationplatform-db-1,0.85%,434.5MiB / 15.62GiB
15:06:14,courseregistrationplatform-rabbitmq-1,0.69%,159.5MiB / 15.62GiB
15:06:14,courseregistrationplatform-redis-1,13.30%,9.922MiB / 15.62GiB
15:06:14,courseregistrationplatform-grafana-1,0.07%,59.71MiB / 15.62GiB
15:06:14,courseregistrationplatform-prometheus-1,0.30%,54.13MiB / 15.62GiB
15:06:14,sugang-control-plane,13.77%,754.3MiB / 15.62GiB
15:06:14,sugang-worker,4.14%,886.2MiB / 15.62GiB
15:06:14,sugang-worker2,3.07%,1.196GiB / 15.62GiB
15:06:14,biostream_api,8.56%,215.2MiB / 15.62GiB
15:06:14,biostream_mcp,0.00%,0B / 0B
15:06:14,biostream_qdrant,0.17%,156MiB / 15.62GiB
15:06:14,biostream_db,3.73%,35.92MiB / 15.62GiB
15:06:21,courseregistrationplatform-k6-run-fcf3ac954823,119.80%,3.15GiB / 15.62GiB
15:06:21,courseregistrationplatform-backend_2-1,101.90%,223MiB / 15.62GiB
15:06:21,courseregistrationplatform-backend_1-1,102.54%,235.9MiB / 15.62GiB
15:06:21,courseregistrationplatform-frontend-1,0.00%,47.93MiB / 15.62GiB
15:06:21,courseregistrationplatform-worker_1-1,0.02%,33.66MiB / 15.62GiB
15:06:21,courseregistrationplatform-worker_2-1,0.04%,33.77MiB / 15.62GiB
15:06:21,courseregistrationplatform-nginx-1,14.83%,220.8MiB / 15.62GiB
15:06:21,courseregistrationplatform-ai-server-1,0.24%,115.2MiB / 15.62GiB
15:06:21,courseregistrationplatform-db-1,1.00%,434.5MiB / 15.62GiB
15:06:21,courseregistrationplatform-rabbitmq-1,0.93%,159.5MiB / 15.62GiB
15:06:21,courseregistrationplatform-redis-1,14.68%,9.93MiB / 15.62GiB
15:06:21,courseregistrationplatform-grafana-1,0.08%,59.71MiB / 15.62GiB
15:06:21,courseregistrationplatform-prometheus-1,0.00%,54.14MiB / 15.62GiB
15:06:21,sugang-control-plane,22.73%,754.9MiB / 15.62GiB
15:06:21,sugang-worker,4.98%,886.6MiB / 15.62GiB
15:06:21,sugang-worker2,6.81%,1.197GiB / 15.62GiB
15:06:21,biostream_api,7.80%,214.7MiB / 15.62GiB
15:06:21,biostream_mcp,0.00%,0B / 0B
15:06:21,biostream_qdrant,0.17%,156MiB / 15.62GiB
15:06:21,biostream_db,0.00%,35.92MiB / 15.62GiB
15:06:29,courseregistrationplatform-k6-run-fcf3ac954823,94.40%,3.149GiB / 15.62GiB
15:06:29,courseregistrationplatform-backend_2-1,96.96%,260.1MiB / 15.62GiB
15:06:29,courseregistrationplatform-backend_1-1,94.03%,268.1MiB / 15.62GiB
15:06:29,courseregistrationplatform-frontend-1,0.00%,47.89MiB / 15.62GiB
15:06:29,courseregistrationplatform-worker_1-1,0.01%,33.71MiB / 15.62GiB
15:06:29,courseregistrationplatform-worker_2-1,0.02%,33.79MiB / 15.62GiB
15:06:29,courseregistrationplatform-nginx-1,26.97%,223MiB / 15.62GiB
15:06:29,courseregistrationplatform-ai-server-1,0.19%,114.9MiB / 15.62GiB
15:06:29,courseregistrationplatform-db-1,4.30%,434.5MiB / 15.62GiB
15:06:29,courseregistrationplatform-rabbitmq-1,0.28%,159.5MiB / 15.62GiB
15:06:29,courseregistrationplatform-redis-1,11.12%,9.922MiB / 15.62GiB
15:06:29,courseregistrationplatform-grafana-1,0.06%,59.71MiB / 15.62GiB
15:06:29,courseregistrationplatform-prometheus-1,0.03%,54.16MiB / 15.62GiB
15:06:29,sugang-control-plane,11.80%,755.6MiB / 15.62GiB
15:06:29,sugang-worker,3.68%,886.6MiB / 15.62GiB
15:06:29,sugang-worker2,3.50%,1.198GiB / 15.62GiB
15:06:29,biostream_api,8.08%,214.9MiB / 15.62GiB
15:06:29,biostream_mcp,0.00%,0B / 0B
15:06:29,biostream_qdrant,0.29%,156.5MiB / 15.62GiB
15:06:29,biostream_db,4.33%,35.91MiB / 15.62GiB
15:06:37,courseregistrationplatform-k6-run-fcf3ac954823,152.85%,3.149GiB / 15.62GiB
15:06:37,courseregistrationplatform-backend_2-1,100.03%,223.4MiB / 15.62GiB
15:06:37,courseregistrationplatform-backend_1-1,98.84%,296.6MiB / 15.62GiB
15:06:37,courseregistrationplatform-frontend-1,0.00%,47.93MiB / 15.62GiB
15:06:37,courseregistrationplatform-worker_1-1,0.52%,34.25MiB / 15.62GiB
15:06:37,courseregistrationplatform-worker_2-1,0.02%,34.18MiB / 15.62GiB
15:06:37,courseregistrationplatform-nginx-1,49.23%,212.3MiB / 15.62GiB
15:06:37,courseregistrationplatform-ai-server-1,0.69%,115.2MiB / 15.62GiB
15:06:37,courseregistrationplatform-db-1,6.14%,434.5MiB / 15.62GiB
15:06:37,courseregistrationplatform-rabbitmq-1,2.06%,159.5MiB / 15.62GiB
15:06:37,courseregistrationplatform-redis-1,11.17%,10.16MiB / 15.62GiB
15:06:37,courseregistrationplatform-grafana-1,0.11%,59.96MiB / 15.62GiB
15:06:37,courseregistrationplatform-prometheus-1,0.11%,54.22MiB / 15.62GiB
15:06:37,sugang-control-plane,26.87%,756MiB / 15.62GiB
15:06:37,sugang-worker,7.30%,886.4MiB / 15.62GiB
15:06:37,sugang-worker2,12.81%,1.197GiB / 15.62GiB
15:06:37,biostream_api,9.75%,214.4MiB / 15.62GiB
15:06:37,biostream_mcp,0.00%,0B / 0B
15:06:37,biostream_qdrant,0.16%,157MiB / 15.62GiB
15:06:37,biostream_db,0.00%,35.91MiB / 15.62GiB
15:06:45,courseregistrationplatform-k6-run-fcf3ac954823,82.48%,3.149GiB / 15.62GiB
15:06:45,courseregistrationplatform-backend_2-1,31.78%,217.1MiB / 15.62GiB
15:06:45,courseregistrationplatform-backend_1-1,112.88%,294.9MiB / 15.62GiB
15:06:45,courseregistrationplatform-frontend-1,0.00%,47.77MiB / 15.62GiB
15:06:45,courseregistrationplatform-worker_1-1,0.02%,34.33MiB / 15.62GiB
15:06:45,courseregistrationplatform-worker_2-1,0.02%,33.48MiB / 15.62GiB
15:06:45,courseregistrationplatform-nginx-1,13.51%,240.1MiB / 15.62GiB
15:06:45,courseregistrationplatform-ai-server-1,0.21%,115.7MiB / 15.62GiB
15:06:45,courseregistrationplatform-db-1,1.02%,433.9MiB / 15.62GiB
15:06:45,courseregistrationplatform-rabbitmq-1,0.36%,159.4MiB / 15.62GiB
15:06:45,courseregistrationplatform-redis-1,8.31%,9.676MiB / 15.62GiB
15:06:45,courseregistrationplatform-grafana-1,0.09%,59.67MiB / 15.62GiB
15:06:45,courseregistrationplatform-prometheus-1,0.17%,54.2MiB / 15.62GiB
15:06:45,sugang-control-plane,17.37%,757.8MiB / 15.62GiB
15:06:45,sugang-worker,3.10%,886.4MiB / 15.62GiB
15:06:45,sugang-worker2,4.97%,1.198GiB / 15.62GiB
15:06:45,biostream_api,8.32%,215.4MiB / 15.62GiB
15:06:45,biostream_mcp,0.00%,0B / 0B
15:06:45,biostream_qdrant,0.42%,157.9MiB / 15.62GiB
15:06:45,biostream_db,5.50%,35.86MiB / 15.62GiB
15:06:52,courseregistrationplatform-k6-run-fcf3ac954823,95.15%,3.15GiB / 15.62GiB
15:06:52,courseregistrationplatform-backend_2-1,100.97%,181.8MiB / 15.62GiB
15:06:52,courseregistrationplatform-backend_1-1,35.54%,263.9MiB / 15.62GiB
15:06:52,courseregistrationplatform-frontend-1,0.00%,47.86MiB / 15.62GiB
15:06:52,courseregistrationplatform-worker_1-1,0.38%,34.36MiB / 15.62GiB
15:06:52,courseregistrationplatform-worker_2-1,0.20%,34.24MiB / 15.62GiB
15:06:52,courseregistrationplatform-nginx-1,23.06%,221.7MiB / 15.62GiB
15:06:52,courseregistrationplatform-ai-server-1,0.20%,115.7MiB / 15.62GiB
15:06:52,courseregistrationplatform-db-1,1.20%,434.5MiB / 15.62GiB
15:06:52,courseregistrationplatform-rabbitmq-1,0.48%,159.7MiB / 15.62GiB
15:06:52,courseregistrationplatform-redis-1,9.96%,10.17MiB / 15.62GiB
15:06:52,courseregistrationplatform-grafana-1,0.06%,59.67MiB / 15.62GiB
15:06:52,courseregistrationplatform-prometheus-1,0.09%,54.23MiB / 15.62GiB
15:06:52,sugang-control-plane,13.50%,757MiB / 15.62GiB
15:06:52,sugang-worker,3.18%,887.4MiB / 15.62GiB
15:06:52,sugang-worker2,4.07%,1.197GiB / 15.62GiB
15:06:52,biostream_api,8.06%,215.7MiB / 15.62GiB
15:06:52,biostream_mcp,0.00%,0B / 0B
15:06:52,biostream_qdrant,0.11%,157.9MiB / 15.62GiB
15:06:52,biostream_db,0.00%,35.86MiB / 15.62GiB
15:06:59,courseregistrationplatform-k6-run-fcf3ac954823,107.05%,3.149GiB / 15.62GiB
15:06:59,courseregistrationplatform-backend_2-1,100.35%,230.8MiB / 15.62GiB
15:06:59,courseregistrationplatform-backend_1-1,105.50%,178.1MiB / 15.62GiB
15:06:59,courseregistrationplatform-frontend-1,0.00%,47.86MiB / 15.62GiB
15:06:59,courseregistrationplatform-worker_1-1,0.01%,33.82MiB / 15.62GiB
15:06:59,courseregistrationplatform-worker_2-1,0.01%,33.56MiB / 15.62GiB
15:06:59,courseregistrationplatform-nginx-1,34.86%,209.2MiB / 15.62GiB
15:06:59,courseregistrationplatform-ai-server-1,0.19%,115.7MiB / 15.62GiB
15:06:59,courseregistrationplatform-db-1,1.05%,434.5MiB / 15.62GiB
15:06:59,courseregistrationplatform-rabbitmq-1,0.28%,160.2MiB / 15.62GiB
15:06:59,courseregistrationplatform-redis-1,12.65%,9.676MiB / 15.62GiB
15:06:59,courseregistrationplatform-grafana-1,0.15%,59.67MiB / 15.62GiB
15:06:59,courseregistrationplatform-prometheus-1,0.20%,54.23MiB / 15.62GiB
15:06:59,sugang-control-plane,18.26%,758.4MiB / 15.62GiB
15:06:59,sugang-worker,8.43%,886.7MiB / 15.62GiB
15:06:59,sugang-worker2,9.23%,1.199GiB / 15.62GiB
15:06:59,biostream_api,8.74%,215.7MiB / 15.62GiB
15:06:59,biostream_mcp,0.00%,0B / 0B
15:06:59,biostream_qdrant,2.62%,157.9MiB / 15.62GiB
15:06:59,biostream_db,0.00%,35.86MiB / 15.62GiB
15:07:06,courseregistrationplatform-k6-run-fcf3ac954823,100.75%,3.149GiB / 15.62GiB
15:07:06,courseregistrationplatform-backend_2-1,30.79%,214.8MiB / 15.62GiB
15:07:06,courseregistrationplatform-backend_1-1,101.64%,192MiB / 15.62GiB
15:07:06,courseregistrationplatform-frontend-1,0.00%,47.86MiB / 15.62GiB
15:07:06,courseregistrationplatform-worker_1-1,0.04%,33.86MiB / 15.62GiB
15:07:06,courseregistrationplatform-worker_2-1,0.03%,33.59MiB / 15.62GiB
15:07:06,courseregistrationplatform-nginx-1,24.73%,220.6MiB / 15.62GiB
15:07:06,courseregistrationplatform-ai-server-1,0.21%,115.7MiB / 15.62GiB
15:07:06,courseregistrationplatform-db-1,0.84%,434.5MiB / 15.62GiB
15:07:06,courseregistrationplatform-rabbitmq-1,0.56%,160MiB / 15.62GiB
15:07:06,courseregistrationplatform-redis-1,8.39%,10.17MiB / 15.62GiB
15:07:06,courseregistrationplatform-grafana-1,0.07%,59.67MiB / 15.62GiB
15:07:06,courseregistrationplatform-prometheus-1,0.92%,54.23MiB / 15.62GiB
15:07:06,sugang-control-plane,9.70%,756.4MiB / 15.62GiB
15:07:06,sugang-worker,2.51%,887.7MiB / 15.62GiB
15:07:06,sugang-worker2,3.84%,1.197GiB / 15.62GiB
15:07:06,biostream_api,8.65%,215.6MiB / 15.62GiB
15:07:06,biostream_mcp,0.00%,0B / 0B
15:07:06,biostream_qdrant,0.15%,157.9MiB / 15.62GiB
15:07:06,biostream_db,0.00%,35.86MiB / 15.62GiB
15:07:13,courseregistrationplatform-k6-run-fcf3ac954823,132.73%,3.149GiB / 15.62GiB
15:07:13,courseregistrationplatform-backend_2-1,95.67%,274MiB / 15.62GiB
15:07:13,courseregistrationplatform-backend_1-1,95.78%,198.9MiB / 15.62GiB
15:07:13,courseregistrationplatform-frontend-1,0.00%,47.86MiB / 15.62GiB
15:07:13,courseregistrationplatform-worker_1-1,0.31%,34.14MiB / 15.62GiB
15:07:13,courseregistrationplatform-worker_2-1,0.03%,33.8MiB / 15.62GiB
15:07:13,courseregistrationplatform-nginx-1,43.77%,207.2MiB / 15.62GiB
15:07:13,courseregistrationplatform-ai-server-1,0.27%,115.7MiB / 15.62GiB
15:07:13,courseregistrationplatform-db-1,1.28%,434.5MiB / 15.62GiB
15:07:13,courseregistrationplatform-rabbitmq-1,0.82%,159.7MiB / 15.62GiB
15:07:13,courseregistrationplatform-redis-1,11.91%,9.941MiB / 15.62GiB
15:07:13,courseregistrationplatform-grafana-1,0.06%,59.67MiB / 15.62GiB
15:07:13,courseregistrationplatform-prometheus-1,0.00%,54.23MiB / 15.62GiB
15:07:13,sugang-control-plane,15.51%,758.6MiB / 15.62GiB
15:07:13,sugang-worker,4.78%,887.6MiB / 15.62GiB
15:07:13,sugang-worker2,5.02%,1.198GiB / 15.62GiB
15:07:13,biostream_api,8.58%,214.9MiB / 15.62GiB
15:07:13,biostream_mcp,113.47%,84.26MiB / 15.62GiB
15:07:13,biostream_qdrant,0.13%,157.9MiB / 15.62GiB
15:07:13,biostream_db,0.00%,35.86MiB / 15.62GiB
15:07:21,courseregistrationplatform-k6-run-fcf3ac954823,132.03%,3.149GiB / 15.62GiB
15:07:21,courseregistrationplatform-backend_2-1,101.81%,232.6MiB / 15.62GiB
15:07:21,courseregistrationplatform-backend_1-1,101.58%,150.6MiB / 15.62GiB
15:07:21,courseregistrationplatform-frontend-1,0.00%,47.81MiB / 15.62GiB
15:07:21,courseregistrationplatform-worker_1-1,2.65%,33.73MiB / 15.62GiB
15:07:21,courseregistrationplatform-worker_2-1,3.53%,34.45MiB / 15.62GiB
15:07:21,courseregistrationplatform-nginx-1,30.25%,202.8MiB / 15.62GiB
15:07:21,courseregistrationplatform-ai-server-1,0.23%,116.1MiB / 15.62GiB
15:07:21,courseregistrationplatform-db-1,4.11%,434.5MiB / 15.62GiB
15:07:21,courseregistrationplatform-rabbitmq-1,1.67%,159.2MiB / 15.62GiB
15:07:21,courseregistrationplatform-redis-1,11.65%,9.934MiB / 15.62GiB
15:07:21,courseregistrationplatform-grafana-1,0.07%,59.65MiB / 15.62GiB
15:07:21,courseregistrationplatform-prometheus-1,0.12%,54.22MiB / 15.62GiB
15:07:21,sugang-control-plane,16.52%,758.9MiB / 15.62GiB
15:07:21,sugang-worker,4.08%,886.8MiB / 15.62GiB
15:07:21,sugang-worker2,4.78%,1.199GiB / 15.62GiB
15:07:21,biostream_api,9.45%,215.8MiB / 15.62GiB
15:07:21,biostream_mcp,0.00%,0B / 0B
15:07:21,biostream_qdrant,0.17%,159.1MiB / 15.62GiB
15:07:21,biostream_db,4.05%,35.89MiB / 15.62GiB
15:07:29,courseregistrationplatform-k6-run-fcf3ac954823,120.64%,3.149GiB / 15.62GiB
15:07:29,courseregistrationplatform-backend_2-1,88.54%,230MiB / 15.62GiB
15:07:29,courseregistrationplatform-backend_1-1,99.64%,160.4MiB / 15.62GiB
15:07:29,courseregistrationplatform-frontend-1,0.00%,47.81MiB / 15.62GiB
15:07:29,courseregistrationplatform-worker_1-1,1.72%,34.18MiB / 15.62GiB
15:07:29,courseregistrationplatform-worker_2-1,0.55%,33.8MiB / 15.62GiB
15:07:29,courseregistrationplatform-nginx-1,29.23%,198.6MiB / 15.62GiB
15:07:29,courseregistrationplatform-ai-server-1,0.22%,116.1MiB / 15.62GiB
15:07:29,courseregistrationplatform-db-1,1.44%,434.8MiB / 15.62GiB
15:07:29,courseregistrationplatform-rabbitmq-1,0.60%,159.3MiB / 15.62GiB
15:07:29,courseregistrationplatform-redis-1,10.34%,9.938MiB / 15.62GiB
15:07:29,courseregistrationplatform-grafana-1,0.20%,59.65MiB / 15.62GiB
15:07:29,courseregistrationplatform-prometheus-1,0.20%,54.23MiB / 15.62GiB
15:07:29,sugang-control-plane,17.04%,760.7MiB / 15.62GiB
15:07:29,sugang-worker,8.20%,887.4MiB / 15.62GiB
15:07:29,sugang-worker2,6.91%,1.199GiB / 15.62GiB
15:07:29,biostream_api,9.03%,215.5MiB / 15.62GiB
15:07:29,biostream_mcp,0.00%,0B / 0B
15:07:29,biostream_qdrant,0.13%,159.1MiB / 15.62GiB
15:07:29,biostream_db,0.00%,35.89MiB / 15.62GiB
15:07:37,courseregistrationplatform-k6-run-fcf3ac954823,144.29%,3.15GiB / 15.62GiB
15:07:37,courseregistrationplatform-backend_2-1,102.01%,241.3MiB / 15.62GiB
15:07:37,courseregistrationplatform-backend_1-1,99.47%,173.2MiB / 15.62GiB
15:07:37,courseregistrationplatform-frontend-1,0.00%,47.81MiB / 15.62GiB
15:07:37,courseregistrationplatform-worker_1-1,0.26%,34.26MiB / 15.62GiB
15:07:37,courseregistrationplatform-worker_2-1,0.23%,34.32MiB / 15.62GiB
15:07:37,courseregistrationplatform-nginx-1,34.70%,207.5MiB / 15.62GiB
15:07:37,courseregistrationplatform-ai-server-1,0.25%,116.1MiB / 15.62GiB
15:07:37,courseregistrationplatform-db-1,1.43%,434.5MiB / 15.62GiB
15:07:37,courseregistrationplatform-rabbitmq-1,0.77%,159.4MiB / 15.62GiB
15:07:37,courseregistrationplatform-redis-1,12.82%,10MiB / 15.62GiB
15:07:37,courseregistrationplatform-grafana-1,0.56%,59.65MiB / 15.62GiB
15:07:37,courseregistrationplatform-prometheus-1,0.14%,54.23MiB / 15.62GiB
15:07:37,sugang-control-plane,15.42%,759.5MiB / 15.62GiB
15:07:37,sugang-worker,5.49%,886.6MiB / 15.62GiB
15:07:37,sugang-worker2,3.89%,1.198GiB / 15.62GiB
15:07:37,biostream_api,9.64%,216.5MiB / 15.62GiB
15:07:37,biostream_mcp,0.00%,0B / 0B
15:07:37,biostream_qdrant,0.13%,159.1MiB / 15.62GiB
15:07:37,biostream_db,0.01%,35.89MiB / 15.62GiB
15:07:44,courseregistrationplatform-k6-run-fcf3ac954823,107.95%,3.15GiB / 15.62GiB
15:07:44,courseregistrationplatform-backend_2-1,109.07%,214.8MiB / 15.62GiB
15:07:44,courseregistrationplatform-backend_1-1,101.80%,205.5MiB / 15.62GiB
15:07:44,courseregistrationplatform-frontend-1,0.00%,47.81MiB / 15.62GiB
15:07:44,courseregistrationplatform-worker_1-1,0.01%,34.29MiB / 15.62GiB
15:07:44,courseregistrationplatform-worker_2-1,0.18%,34.23MiB / 15.62GiB
15:07:44,courseregistrationplatform-nginx-1,26.43%,207.9MiB / 15.62GiB
15:07:44,courseregistrationplatform-ai-server-1,0.18%,116.1MiB / 15.62GiB
15:07:44,courseregistrationplatform-db-1,1.05%,434.5MiB / 15.62GiB
15:07:44,courseregistrationplatform-rabbitmq-1,0.59%,159.4MiB / 15.62GiB
15:07:44,courseregistrationplatform-redis-1,12.86%,9.984MiB / 15.62GiB
15:07:44,courseregistrationplatform-grafana-1,0.08%,59.65MiB / 15.62GiB
15:07:44,courseregistrationplatform-prometheus-1,0.07%,54.23MiB / 15.62GiB
15:07:44,sugang-control-plane,11.92%,760MiB / 15.62GiB
15:07:44,sugang-worker,3.03%,895MiB / 15.62GiB
15:07:44,sugang-worker2,2.78%,1.198GiB / 15.62GiB
15:07:44,biostream_api,8.52%,216MiB / 15.62GiB
15:07:44,biostream_mcp,0.00%,0B / 0B
15:07:44,biostream_qdrant,0.11%,159.1MiB / 15.62GiB
15:07:44,biostream_db,0.00%,35.89MiB / 15.62GiB
15:07:50,courseregistrationplatform-k6-run-fcf3ac954823,168.58%,3.209GiB / 15.62GiB
15:07:50,courseregistrationplatform-backend_2-1,98.60%,199.9MiB / 15.62GiB
15:07:50,courseregistrationplatform-backend_1-1,98.06%,235.8MiB / 15.62GiB
15:07:50,courseregistrationplatform-frontend-1,0.00%,47.81MiB / 15.62GiB
15:07:50,courseregistrationplatform-worker_1-1,0.01%,33.66MiB / 15.62GiB
15:07:50,courseregistrationplatform-worker_2-1,0.22%,34.29MiB / 15.62GiB
15:07:50,courseregistrationplatform-nginx-1,43.45%,185MiB / 15.62GiB
15:07:50,courseregistrationplatform-ai-server-1,0.18%,116.1MiB / 15.62GiB
15:07:50,courseregistrationplatform-db-1,4.54%,434.6MiB / 15.62GiB
15:07:50,courseregistrationplatform-rabbitmq-1,0.36%,159.6MiB / 15.62GiB
15:07:50,courseregistrationplatform-redis-1,10.25%,9.984MiB / 15.62GiB
15:07:50,courseregistrationplatform-grafana-1,0.09%,59.66MiB / 15.62GiB
15:07:50,courseregistrationplatform-prometheus-1,0.90%,54.47MiB / 15.62GiB
15:07:50,sugang-control-plane,10.85%,760.5MiB / 15.62GiB
15:07:50,sugang-worker,3.75%,895.1MiB / 15.62GiB
15:07:50,sugang-worker2,6.74%,1.199GiB / 15.62GiB
15:07:50,biostream_api,7.60%,215.5MiB / 15.62GiB
15:07:50,biostream_mcp,0.00%,0B / 0B
15:07:50,biostream_qdrant,0.33%,159.1MiB / 15.62GiB
15:07:50,biostream_db,3.56%,35.89MiB / 15.62GiB
15:07:57,courseregistrationplatform-k6-run-fcf3ac954823,129.97%,3.208GiB / 15.62GiB
15:07:57,courseregistrationplatform-backend_2-1,103.26%,225.2MiB / 15.62GiB
15:07:57,courseregistrationplatform-backend_1-1,100.08%,198.3MiB / 15.62GiB
15:07:57,courseregistrationplatform-frontend-1,0.00%,47.81MiB / 15.62GiB
15:07:57,courseregistrationplatform-worker_1-1,0.49%,34.05MiB / 15.62GiB
15:07:57,courseregistrationplatform-worker_2-1,0.01%,33.75MiB / 15.62GiB
15:07:57,courseregistrationplatform-nginx-1,29.29%,196.7MiB / 15.62GiB
15:07:57,courseregistrationplatform-ai-server-1,0.21%,116.1MiB / 15.62GiB
15:07:57,courseregistrationplatform-db-1,1.41%,434.6MiB / 15.62GiB
15:07:57,courseregistrationplatform-rabbitmq-1,0.83%,159.9MiB / 15.62GiB
15:07:57,courseregistrationplatform-redis-1,13.19%,10.23MiB / 15.62GiB
15:07:57,courseregistrationplatform-grafana-1,0.11%,59.65MiB / 15.62GiB
15:07:57,courseregistrationplatform-prometheus-1,0.14%,54.24MiB / 15.62GiB
15:07:57,sugang-control-plane,17.21%,759.5MiB / 15.62GiB
15:07:57,sugang-worker,6.66%,895.5MiB / 15.62GiB
15:07:57,sugang-worker2,4.76%,1.199GiB / 15.62GiB
15:07:57,biostream_api,8.11%,216.5MiB / 15.62GiB
15:07:57,biostream_mcp,0.00%,0B / 0B
15:07:57,biostream_qdrant,0.14%,159.1MiB / 15.62GiB
15:07:57,biostream_db,0.00%,35.89MiB / 15.62GiB
15:08:04,courseregistrationplatform-k6-run-fcf3ac954823,116.12%,3.208GiB / 15.62GiB
15:08:04,courseregistrationplatform-backend_2-1,100.30%,219.8MiB / 15.62GiB
15:08:04,courseregistrationplatform-backend_1-1,98.44%,212.3MiB / 15.62GiB
15:08:04,courseregistrationplatform-frontend-1,0.00%,47.81MiB / 15.62GiB
15:08:04,courseregistrationplatform-worker_1-1,0.01%,33.68MiB / 15.62GiB
15:08:04,courseregistrationplatform-worker_2-1,0.31%,34.32MiB / 15.62GiB
15:08:04,courseregistrationplatform-nginx-1,22.32%,208.9MiB / 15.62GiB
15:08:04,courseregistrationplatform-ai-server-1,0.20%,116.1MiB / 15.62GiB
15:08:04,courseregistrationplatform-db-1,1.87%,434.6MiB / 15.62GiB
15:08:04,courseregistrationplatform-rabbitmq-1,0.90%,159.9MiB / 15.62GiB
15:08:04,courseregistrationplatform-redis-1,12.85%,9.742MiB / 15.62GiB
15:08:04,courseregistrationplatform-grafana-1,0.09%,59.65MiB / 15.62GiB
15:08:04,courseregistrationplatform-prometheus-1,0.24%,54.24MiB / 15.62GiB
15:08:04,sugang-control-plane,10.69%,759.2MiB / 15.62GiB
15:08:04,sugang-worker,4.74%,895.1MiB / 15.62GiB
15:08:04,sugang-worker2,5.42%,1.199GiB / 15.62GiB
15:08:04,biostream_api,8.49%,215.8MiB / 15.62GiB
15:08:04,biostream_mcp,0.00%,0B / 0B
15:08:04,biostream_qdrant,0.13%,159.1MiB / 15.62GiB
15:08:04,biostream_db,0.00%,35.89MiB / 15.62GiB
15:08:11,courseregistrationplatform-k6-run-fcf3ac954823,134.67%,3.228GiB / 15.62GiB
15:08:11,courseregistrationplatform-backend_2-1,106.73%,219.7MiB / 15.62GiB
15:08:11,courseregistrationplatform-backend_1-1,101.37%,205.7MiB / 15.62GiB
15:08:11,courseregistrationplatform-frontend-1,0.00%,47.8MiB / 15.62GiB
15:08:11,courseregistrationplatform-worker_1-1,0.22%,34.52MiB / 15.62GiB
15:08:11,courseregistrationplatform-worker_2-1,0.28%,34MiB / 15.62GiB
15:08:11,courseregistrationplatform-nginx-1,27.53%,200.5MiB / 15.62GiB
15:08:11,courseregistrationplatform-ai-server-1,0.24%,116.1MiB / 15.62GiB
15:08:11,courseregistrationplatform-db-1,1.58%,434.6MiB / 15.62GiB
15:08:11,courseregistrationplatform-rabbitmq-1,0.77%,159.8MiB / 15.62GiB
15:08:11,courseregistrationplatform-redis-1,10.94%,9.988MiB / 15.62GiB
15:08:11,courseregistrationplatform-grafana-1,0.06%,59.65MiB / 15.62GiB
15:08:11,courseregistrationplatform-prometheus-1,0.15%,54.23MiB / 15.62GiB
15:08:11,sugang-control-plane,20.83%,759.7MiB / 15.62GiB
15:08:11,sugang-worker,3.44%,918.2MiB / 15.62GiB
15:08:11,sugang-worker2,5.18%,1.198GiB / 15.62GiB
15:08:11,biostream_api,8.90%,216.3MiB / 15.62GiB
15:08:11,biostream_mcp,0.00%,0B / 0B
15:08:11,biostream_qdrant,0.14%,159.2MiB / 15.62GiB
15:08:11,biostream_db,3.51%,35.88MiB / 15.62GiB
15:08:18,courseregistrationplatform-k6-run-fcf3ac954823,127.76%,3.228GiB / 15.62GiB
15:08:18,courseregistrationplatform-backend_2-1,98.36%,211.5MiB / 15.62GiB
15:08:18,courseregistrationplatform-backend_1-1,103.21%,228.4MiB / 15.62GiB
15:08:18,courseregistrationplatform-frontend-1,0.01%,47.7MiB / 15.62GiB
15:08:18,courseregistrationplatform-worker_1-1,0.26%,33.82MiB / 15.62GiB
15:08:18,courseregistrationplatform-worker_2-1,0.01%,34.23MiB / 15.62GiB
15:08:18,courseregistrationplatform-nginx-1,29.99%,199.6MiB / 15.62GiB
15:08:18,courseregistrationplatform-ai-server-1,0.23%,117.1MiB / 15.62GiB
15:08:18,courseregistrationplatform-db-1,1.55%,435.3MiB / 15.62GiB
15:08:18,courseregistrationplatform-rabbitmq-1,0.38%,159.7MiB / 15.62GiB
15:08:18,courseregistrationplatform-redis-1,10.15%,10.23MiB / 15.62GiB
15:08:18,courseregistrationplatform-grafana-1,0.18%,59.61MiB / 15.62GiB
15:08:18,courseregistrationplatform-prometheus-1,0.03%,54.36MiB / 15.62GiB
15:08:18,sugang-control-plane,18.57%,766MiB / 15.62GiB
15:08:18,sugang-worker,6.85%,919.3MiB / 15.62GiB
15:08:18,sugang-worker2,12.07%,1.2GiB / 15.62GiB
15:08:18,biostream_api,9.19%,217MiB / 15.62GiB
15:08:18,biostream_qdrant,0.13%,159.7MiB / 15.62GiB
15:08:18,biostream_db,0.01%,35.81MiB / 15.62GiB
15:08:26,courseregistrationplatform-k6-run-fcf3ac954823,132.82%,3.228GiB / 15.62GiB
15:08:26,courseregistrationplatform-backend_2-1,110.75%,234.2MiB / 15.62GiB
15:08:26,courseregistrationplatform-backend_1-1,97.04%,230.7MiB / 15.62GiB
15:08:26,courseregistrationplatform-frontend-1,0.00%,47.7MiB / 15.62GiB
15:08:26,courseregistrationplatform-worker_1-1,2.31%,34.45MiB / 15.62GiB
15:08:26,courseregistrationplatform-worker_2-1,1.14%,33.85MiB / 15.62GiB
15:08:26,courseregistrationplatform-nginx-1,46.73%,199.3MiB / 15.62GiB
15:08:26,courseregistrationplatform-ai-server-1,0.20%,117.1MiB / 15.62GiB
15:08:26,courseregistrationplatform-db-1,2.45%,435.3MiB / 15.62GiB
15:08:26,courseregistrationplatform-rabbitmq-1,1.11%,159.6MiB / 15.62GiB
15:08:26,courseregistrationplatform-redis-1,10.58%,10.23MiB / 15.62GiB
15:08:26,courseregistrationplatform-grafana-1,0.08%,59.61MiB / 15.62GiB
15:08:26,courseregistrationplatform-prometheus-1,1.01%,54.86MiB / 15.62GiB
15:08:26,sugang-control-plane,11.73%,762.5MiB / 15.62GiB
15:08:26,sugang-worker,4.30%,927.3MiB / 15.62GiB
15:08:26,sugang-worker2,4.67%,1.207GiB / 15.62GiB
15:08:26,biostream_api,8.26%,217.7MiB / 15.62GiB
15:08:26,biostream_mcp,0.00%,0B / 0B
15:08:26,biostream_qdrant,0.12%,159.7MiB / 15.62GiB
15:08:26,biostream_db,3.86%,36.15MiB / 15.62GiB
15:08:33,courseregistrationplatform-k6-run-fcf3ac954823,165.63%,3.228GiB / 15.62GiB
15:08:33,courseregistrationplatform-backend_2-1,102.37%,252.5MiB / 15.62GiB
15:08:33,courseregistrationplatform-backend_1-1,17.39%,207.3MiB / 15.62GiB
15:08:33,courseregistrationplatform-frontend-1,0.00%,47.7MiB / 15.62GiB
15:08:33,courseregistrationplatform-worker_1-1,0.01%,34.07MiB / 15.62GiB
15:08:33,courseregistrationplatform-worker_2-1,0.01%,34.31MiB / 15.62GiB
15:08:33,courseregistrationplatform-nginx-1,41.49%,193MiB / 15.62GiB
15:08:33,courseregistrationplatform-ai-server-1,0.19%,117.1MiB / 15.62GiB
15:08:33,courseregistrationplatform-db-1,0.64%,435.3MiB / 15.62GiB
15:08:33,courseregistrationplatform-rabbitmq-1,0.65%,159.9MiB / 15.62GiB
15:08:33,courseregistrationplatform-redis-1,6.20%,9.996MiB / 15.62GiB
15:08:33,courseregistrationplatform-grafana-1,0.05%,59.61MiB / 15.62GiB
15:08:33,courseregistrationplatform-prometheus-1,0.12%,54.6MiB / 15.62GiB
15:08:33,sugang-control-plane,11.86%,762.5MiB / 15.62GiB
15:08:33,sugang-worker,9.15%,926.9MiB / 15.62GiB
15:08:33,sugang-worker2,5.30%,1.207GiB / 15.62GiB
15:08:33,biostream_api,8.31%,217MiB / 15.62GiB
15:08:33,biostream_mcp,0.00%,0B / 0B
15:08:33,biostream_qdrant,0.11%,159.7MiB / 15.62GiB
15:08:33,biostream_db,0.00%,35.82MiB / 15.62GiB
15:08:40,courseregistrationplatform-k6-run-fcf3ac954823,146.28%,3.227GiB / 15.62GiB
15:08:40,courseregistrationplatform-backend_2-1,96.69%,272.8MiB / 15.62GiB
15:08:40,courseregistrationplatform-backend_1-1,91.54%,157.1MiB / 15.62GiB
15:08:40,courseregistrationplatform-frontend-1,0.00%,47.7MiB / 15.62GiB
15:08:40,courseregistrationplatform-worker_1-1,0.01%,34.38MiB / 15.62GiB
15:08:40,courseregistrationplatform-worker_2-1,0.01%,34.54MiB / 15.62GiB
15:08:40,courseregistrationplatform-nginx-1,31.33%,201MiB / 15.62GiB
15:08:40,courseregistrationplatform-ai-server-1,0.17%,117.1MiB / 15.62GiB
15:08:40,courseregistrationplatform-db-1,3.98%,435.4MiB / 15.62GiB
15:08:40,courseregistrationplatform-rabbitmq-1,0.49%,159.6MiB / 15.62GiB
15:08:40,courseregistrationplatform-redis-1,10.14%,10.23MiB / 15.62GiB
15:08:40,courseregistrationplatform-grafana-1,0.09%,59.61MiB / 15.62GiB
15:08:40,courseregistrationplatform-prometheus-1,0.58%,54.61MiB / 15.62GiB
15:08:40,sugang-control-plane,12.56%,762.8MiB / 15.62GiB
15:08:40,sugang-worker,3.15%,927.2MiB / 15.62GiB
15:08:40,sugang-worker2,3.77%,1.207GiB / 15.62GiB
15:08:40,biostream_api,6.14%,217.2MiB / 15.62GiB
15:08:40,biostream_mcp,0.00%,0B / 0B
15:08:40,biostream_qdrant,2.07%,159.9MiB / 15.62GiB
15:08:40,biostream_db,0.00%,35.81MiB / 15.62GiB
15:08:48,courseregistrationplatform-k6-run-fcf3ac954823,153.54%,3.227GiB / 15.62GiB
15:08:48,courseregistrationplatform-backend_2-1,95.14%,278.5MiB / 15.62GiB
15:08:48,courseregistrationplatform-backend_1-1,103.47%,175.4MiB / 15.62GiB
15:08:48,courseregistrationplatform-frontend-1,0.00%,47.7MiB / 15.62GiB
15:08:48,courseregistrationplatform-worker_1-1,0.01%,33.67MiB / 15.62GiB
15:08:48,courseregistrationplatform-worker_2-1,0.01%,34.17MiB / 15.62GiB
15:08:48,courseregistrationplatform-nginx-1,52.20%,207.6MiB / 15.62GiB
15:08:48,courseregistrationplatform-ai-server-1,0.17%,117.1MiB / 15.62GiB
15:08:48,courseregistrationplatform-db-1,0.92%,435.3MiB / 15.62GiB
15:08:48,courseregistrationplatform-rabbitmq-1,0.63%,159.7MiB / 15.62GiB
15:08:48,courseregistrationplatform-redis-1,9.92%,9.988MiB / 15.62GiB
15:08:48,courseregistrationplatform-grafana-1,0.05%,59.61MiB / 15.62GiB
15:08:48,courseregistrationplatform-prometheus-1,0.14%,54.6MiB / 15.62GiB
15:08:48,sugang-control-plane,11.65%,763.1MiB / 15.62GiB
15:08:48,sugang-worker,3.25%,926.7MiB / 15.62GiB
15:08:48,sugang-worker2,3.47%,1.207GiB / 15.62GiB
15:08:48,biostream_api,8.54%,217MiB / 15.62GiB
15:08:48,biostream_mcp,0.00%,0B / 0B
15:08:48,biostream_qdrant,0.15%,159.7MiB / 15.62GiB
15:08:48,biostream_db,0.57%,35.81MiB / 15.62GiB
15:08:55,courseregistrationplatform-k6-run-fcf3ac954823,118.27%,3.228GiB / 15.62GiB
15:08:55,courseregistrationplatform-backend_2-1,102.77%,246.1MiB / 15.62GiB
15:08:55,courseregistrationplatform-backend_1-1,108.16%,206.6MiB / 15.62GiB
15:08:55,courseregistrationplatform-frontend-1,0.00%,47.7MiB / 15.62GiB
15:08:55,courseregistrationplatform-worker_1-1,0.30%,33.94MiB / 15.62GiB
15:08:55,courseregistrationplatform-worker_2-1,0.44%,34.52MiB / 15.62GiB
15:08:55,courseregistrationplatform-nginx-1,32.83%,186.3MiB / 15.62GiB
15:08:55,courseregistrationplatform-ai-server-1,0.22%,117.1MiB / 15.62GiB
15:08:55,courseregistrationplatform-db-1,1.21%,435.3MiB / 15.62GiB
15:08:55,courseregistrationplatform-rabbitmq-1,0.43%,159.6MiB / 15.62GiB
15:08:55,courseregistrationplatform-redis-1,11.61%,9.996MiB / 15.62GiB
15:08:55,courseregistrationplatform-grafana-1,0.10%,59.61MiB / 15.62GiB
15:08:55,courseregistrationplatform-prometheus-1,0.77%,54.66MiB / 15.62GiB
15:08:55,sugang-control-plane,14.85%,762.6MiB / 15.62GiB
15:08:55,sugang-worker,1.61%,926.8MiB / 15.62GiB
15:08:55,sugang-worker2,3.88%,1.208GiB / 15.62GiB
15:08:55,biostream_api,9.31%,217MiB / 15.62GiB
15:08:55,biostream_mcp,0.00%,0B / 0B
15:08:55,biostream_qdrant,0.36%,159.7MiB / 15.62GiB
15:08:55,biostream_db,0.00%,35.81MiB / 15.62GiB
15:09:02,courseregistrationplatform-k6-run-fcf3ac954823,145.63%,3.227GiB / 15.62GiB
15:09:02,courseregistrationplatform-backend_2-1,103.07%,194.8MiB / 15.62GiB
15:09:02,courseregistrationplatform-backend_1-1,99.16%,221.9MiB / 15.62GiB
15:09:02,courseregistrationplatform-frontend-1,0.00%,47.7MiB / 15.62GiB
15:09:02,courseregistrationplatform-worker_1-1,0.78%,34.26MiB / 15.62GiB
15:09:02,courseregistrationplatform-worker_2-1,0.38%,34.46MiB / 15.62GiB
15:09:02,courseregistrationplatform-nginx-1,33.98%,184.7MiB / 15.62GiB
15:09:02,courseregistrationplatform-ai-server-1,0.21%,117.1MiB / 15.62GiB
15:09:02,courseregistrationplatform-db-1,1.65%,435.3MiB / 15.62GiB
15:09:02,courseregistrationplatform-rabbitmq-1,0.56%,159.9MiB / 15.62GiB
15:09:02,courseregistrationplatform-redis-1,11.19%,9.754MiB / 15.62GiB
15:09:02,courseregistrationplatform-grafana-1,0.07%,59.61MiB / 15.62GiB
15:09:02,courseregistrationplatform-prometheus-1,0.10%,54.67MiB / 15.62GiB
15:09:02,sugang-control-plane,12.48%,762.6MiB / 15.62GiB
15:09:02,sugang-worker,9.06%,926.8MiB / 15.62GiB
15:09:02,sugang-worker2,6.03%,1.208GiB / 15.62GiB
15:09:02,biostream_api,8.58%,217MiB / 15.62GiB
15:09:02,biostream_mcp,0.00%,0B / 0B
15:09:02,biostream_qdrant,0.11%,159.7MiB / 15.62GiB
15:09:02,biostream_db,0.39%,35.81MiB / 15.62GiB
15:09:09,courseregistrationplatform-k6-run-fcf3ac954823,130.53%,3.227GiB / 15.62GiB
15:09:09,courseregistrationplatform-backend_2-1,103.18%,157.3MiB / 15.62GiB
15:09:09,courseregistrationplatform-backend_1-1,98.57%,225.1MiB / 15.62GiB
15:09:09,courseregistrationplatform-frontend-1,0.00%,47.7MiB / 15.62GiB
15:09:09,courseregistrationplatform-worker_1-1,0.27%,33.8MiB / 15.62GiB
15:09:09,courseregistrationplatform-worker_2-1,0.01%,34.44MiB / 15.62GiB
15:09:09,courseregistrationplatform-nginx-1,28.21%,186.2MiB / 15.62GiB
15:09:09,courseregistrationplatform-ai-server-1,0.22%,117.1MiB / 15.62GiB
15:09:09,courseregistrationplatform-db-1,1.35%,435.3MiB / 15.62GiB
15:09:09,courseregistrationplatform-rabbitmq-1,0.38%,159.6MiB / 15.62GiB
15:09:09,courseregistrationplatform-redis-1,11.61%,10MiB / 15.62GiB
15:09:09,courseregistrationplatform-grafana-1,0.05%,59.61MiB / 15.62GiB
15:09:09,courseregistrationplatform-prometheus-1,0.14%,54.66MiB / 15.62GiB
15:09:09,sugang-control-plane,17.70%,762.6MiB / 15.62GiB
15:09:09,sugang-worker,5.75%,926.5MiB / 15.62GiB
15:09:09,sugang-worker2,7.32%,1.232GiB / 15.62GiB
15:09:09,biostream_api,8.05%,217.5MiB / 15.62GiB
15:09:09,biostream_mcp,0.00%,0B / 0B
15:09:09,biostream_qdrant,0.13%,159.7MiB / 15.62GiB
15:09:09,biostream_db,0.00%,35.81MiB / 15.62GiB
15:09:16,courseregistrationplatform-k6-run-fcf3ac954823,149.14%,3.227GiB / 15.62GiB
15:09:16,courseregistrationplatform-backend_2-1,105.03%,152.5MiB / 15.62GiB
15:09:16,courseregistrationplatform-backend_1-1,107.55%,250.3MiB / 15.62GiB
15:09:16,courseregistrationplatform-frontend-1,0.00%,47.7MiB / 15.62GiB
15:09:16,courseregistrationplatform-worker_1-1,0.21%,34.28MiB / 15.62GiB
15:09:16,courseregistrationplatform-worker_2-1,0.29%,33.73MiB / 15.62GiB
15:09:16,courseregistrationplatform-nginx-1,36.16%,186.3MiB / 15.62GiB
15:09:16,courseregistrationplatform-ai-server-1,0.20%,117.1MiB / 15.62GiB
15:09:16,courseregistrationplatform-db-1,1.65%,435.3MiB / 15.62GiB
15:09:16,courseregistrationplatform-rabbitmq-1,0.83%,159.9MiB / 15.62GiB
15:09:16,courseregistrationplatform-redis-1,10.75%,9.996MiB / 15.62GiB
15:09:16,courseregistrationplatform-grafana-1,0.58%,59.61MiB / 15.62GiB
15:09:16,courseregistrationplatform-prometheus-1,0.83%,54.67MiB / 15.62GiB
15:09:16,sugang-control-plane,17.83%,763.6MiB / 15.62GiB
15:09:16,sugang-worker,6.07%,926.6MiB / 15.62GiB
15:09:16,sugang-worker2,5.62%,1.231GiB / 15.62GiB
15:09:16,biostream_api,6.27%,216.5MiB / 15.62GiB
15:09:16,biostream_mcp,0.00%,0B / 0B
15:09:16,biostream_qdrant,0.14%,159.7MiB / 15.62GiB
15:09:16,biostream_db,0.00%,35.81MiB / 15.62GiB
15:09:23,courseregistrationplatform-k6-run-fcf3ac954823,115.20%,3.227GiB / 15.62GiB
15:09:23,courseregistrationplatform-backend_2-1,89.41%,153.8MiB / 15.62GiB
15:09:23,courseregistrationplatform-backend_1-1,100.65%,249.9MiB / 15.62GiB
15:09:23,courseregistrationplatform-frontend-1,0.00%,47.61MiB / 15.62GiB
15:09:23,courseregistrationplatform-worker_1-1,0.20%,34.49MiB / 15.62GiB
15:09:23,courseregistrationplatform-worker_2-1,0.01%,34.2MiB / 15.62GiB
15:09:23,courseregistrationplatform-nginx-1,26.88%,187.4MiB / 15.62GiB
15:09:23,courseregistrationplatform-ai-server-1,0.24%,117.8MiB / 15.62GiB
15:09:23,courseregistrationplatform-db-1,1.23%,435.3MiB / 15.62GiB
15:09:23,courseregistrationplatform-rabbitmq-1,0.80%,159.9MiB / 15.62GiB
15:09:23,courseregistrationplatform-redis-1,10.77%,10.23MiB / 15.62GiB
15:09:23,courseregistrationplatform-grafana-1,0.06%,59.57MiB / 15.62GiB
15:09:23,courseregistrationplatform-prometheus-1,0.11%,54.7MiB / 15.62GiB
15:09:23,sugang-control-plane,11.33%,761.8MiB / 15.62GiB
15:09:23,sugang-worker,2.70%,926.6MiB / 15.62GiB
15:09:23,sugang-worker2,3.26%,1.231GiB / 15.62GiB
15:09:23,biostream_api,8.25%,216.6MiB / 15.62GiB
15:09:23,biostream_mcp,0.00%,0B / 0B
15:09:23,biostream_qdrant,0.11%,160.1MiB / 15.62GiB
15:09:23,biostream_db,0.00%,35.78MiB / 15.62GiB
15:09:30,courseregistrationplatform-k6-run-fcf3ac954823,108.25%,3.256GiB / 15.62GiB
15:09:30,courseregistrationplatform-backend_2-1,103.19%,151.7MiB / 15.62GiB
15:09:30,courseregistrationplatform-backend_1-1,113.00%,262.8MiB / 15.62GiB
15:09:30,courseregistrationplatform-frontend-1,0.00%,47.5MiB / 15.62GiB
15:09:30,courseregistrationplatform-worker_1-1,0.19%,33.96MiB / 15.62GiB
15:09:30,courseregistrationplatform-worker_2-1,0.22%,34.59MiB / 15.62GiB
15:09:30,courseregistrationplatform-nginx-1,19.96%,187.1MiB / 15.62GiB
15:09:30,courseregistrationplatform-ai-server-1,0.19%,118.1MiB / 15.62GiB
15:09:30,courseregistrationplatform-db-1,1.26%,435.2MiB / 15.62GiB
15:09:30,courseregistrationplatform-rabbitmq-1,0.58%,160.1MiB / 15.62GiB
15:09:30,courseregistrationplatform-redis-1,12.74%,9.988MiB / 15.62GiB
15:09:30,courseregistrationplatform-grafana-1,0.03%,59.54MiB / 15.62GiB
15:09:30,courseregistrationplatform-prometheus-1,0.22%,54.93MiB / 15.62GiB
15:09:30,sugang-control-plane,13.65%,761.2MiB / 15.62GiB
15:09:30,sugang-worker,3.88%,926.9MiB / 15.62GiB
15:09:30,sugang-worker2,5.71%,1.239GiB / 15.62GiB
15:09:30,biostream_api,7.92%,216.3MiB / 15.62GiB
15:09:30,biostream_mcp,0.00%,0B / 0B
15:09:30,biostream_qdrant,2.64%,160.2MiB / 15.62GiB
15:09:30,biostream_db,0.01%,35.78MiB / 15.62GiB
15:09:37,courseregistrationplatform-k6-run-fcf3ac954823,146.22%,3.256GiB / 15.62GiB
15:09:37,courseregistrationplatform-backend_2-1,104.23%,148.5MiB / 15.62GiB
15:09:37,courseregistrationplatform-backend_1-1,100.18%,263MiB / 15.62GiB
15:09:37,courseregistrationplatform-frontend-1,0.00%,47.5MiB / 15.62GiB
15:09:37,courseregistrationplatform-worker_1-1,0.18%,34.35MiB / 15.62GiB
15:09:37,courseregistrationplatform-worker_2-1,0.01%,34.04MiB / 15.62GiB
15:09:37,courseregistrationplatform-nginx-1,31.83%,185.3MiB / 15.62GiB
15:09:37,courseregistrationplatform-ai-server-1,0.18%,118.1MiB / 15.62GiB
15:09:37,courseregistrationplatform-db-1,0.98%,435.2MiB / 15.62GiB
15:09:37,courseregistrationplatform-rabbitmq-1,0.46%,160.2MiB / 15.62GiB
15:09:37,courseregistrationplatform-redis-1,10.93%,10MiB / 15.62GiB
15:09:37,courseregistrationplatform-grafana-1,0.51%,59.54MiB / 15.62GiB
15:09:37,courseregistrationplatform-prometheus-1,0.12%,54.68MiB / 15.62GiB
15:09:37,sugang-control-plane,11.91%,761.1MiB / 15.62GiB
15:09:37,sugang-worker,4.47%,925.6MiB / 15.62GiB
15:09:37,sugang-worker2,4.84%,1.239GiB / 15.62GiB
15:09:37,biostream_api,8.26%,217.3MiB / 15.62GiB
15:09:37,biostream_mcp,0.00%,0B / 0B
15:09:37,biostream_qdrant,0.12%,160.2MiB / 15.62GiB
15:09:37,biostream_db,0.63%,37.03MiB / 15.62GiB
15:09:44,courseregistrationplatform-k6-run-fcf3ac954823,136.06%,3.257GiB / 15.62GiB
15:09:44,courseregistrationplatform-backend_2-1,106.55%,153.1MiB / 15.62GiB
15:09:44,courseregistrationplatform-backend_1-1,100.39%,268.6MiB / 15.62GiB
15:09:44,courseregistrationplatform-frontend-1,0.00%,47.5MiB / 15.62GiB
15:09:44,courseregistrationplatform-worker_1-1,0.02%,34.5MiB / 15.62GiB
15:09:44,courseregistrationplatform-worker_2-1,0.28%,34.29MiB / 15.62GiB
15:09:44,courseregistrationplatform-nginx-1,28.76%,187.1MiB / 15.62GiB
15:09:44,courseregistrationplatform-ai-server-1,0.18%,118.1MiB / 15.62GiB
15:09:44,courseregistrationplatform-db-1,1.24%,435.2MiB / 15.62GiB
15:09:44,courseregistrationplatform-rabbitmq-1,0.65%,160.2MiB / 15.62GiB
15:09:44,courseregistrationplatform-redis-1,11.90%,9.992MiB / 15.62GiB
15:09:44,courseregistrationplatform-grafana-1,0.07%,59.54MiB / 15.62GiB
15:09:44,courseregistrationplatform-prometheus-1,0.24%,54.68MiB / 15.62GiB
15:09:44,sugang-control-plane,15.94%,762.1MiB / 15.62GiB
15:09:44,sugang-worker,3.49%,934.1MiB / 15.62GiB
15:09:44,sugang-worker2,3.81%,1.239GiB / 15.62GiB
15:09:44,biostream_api,8.21%,216.6MiB / 15.62GiB
15:09:44,biostream_mcp,0.00%,0B / 0B
15:09:44,biostream_qdrant,0.13%,160.2MiB / 15.62GiB
15:09:44,biostream_db,0.00%,35.78MiB / 15.62GiB
15:09:51,courseregistrationplatform-k6-run-fcf3ac954823,142.51%,3.253GiB / 15.62GiB
15:09:51,courseregistrationplatform-backend_2-1,100.02%,156.5MiB / 15.62GiB
15:09:51,courseregistrationplatform-backend_1-1,101.12%,268.6MiB / 15.62GiB
15:09:51,courseregistrationplatform-frontend-1,0.00%,47.51MiB / 15.62GiB
15:09:51,courseregistrationplatform-worker_1-1,0.02%,33.9MiB / 15.62GiB
15:09:51,courseregistrationplatform-worker_2-1,0.26%,34.77MiB / 15.62GiB
15:09:51,courseregistrationplatform-nginx-1,26.09%,179.1MiB / 15.62GiB
15:09:51,courseregistrationplatform-ai-server-1,0.21%,118.1MiB / 15.62GiB
15:09:51,courseregistrationplatform-db-1,1.18%,435.4MiB / 15.62GiB
15:09:51,courseregistrationplatform-rabbitmq-1,0.66%,160.3MiB / 15.62GiB
15:09:51,courseregistrationplatform-redis-1,13.31%,9.996MiB / 15.62GiB
15:09:51,courseregistrationplatform-grafana-1,0.06%,59.54MiB / 15.62GiB
15:09:51,courseregistrationplatform-prometheus-1,1.07%,54.92MiB / 15.62GiB
15:09:51,sugang-control-plane,14.59%,763.2MiB / 15.62GiB
15:09:51,sugang-worker,5.64%,934.9MiB / 15.62GiB
15:09:51,sugang-worker2,7.08%,1.24GiB / 15.62GiB
15:09:51,biostream_api,6.33%,217.6MiB / 15.62GiB
15:09:51,biostream_mcp,0.00%,0B / 0B
15:09:51,biostream_qdrant,3.07%,160.2MiB / 15.62GiB
15:09:51,biostream_db,0.01%,35.78MiB / 15.62GiB
15:09:58,courseregistrationplatform-k6-run-fcf3ac954823,128.22%,3.256GiB / 15.62GiB
15:09:58,courseregistrationplatform-backend_2-1,99.91%,156.6MiB / 15.62GiB
15:09:58,courseregistrationplatform-backend_1-1,100.75%,271.5MiB / 15.62GiB
15:09:58,courseregistrationplatform-frontend-1,0.00%,47.51MiB / 15.62GiB
15:09:58,courseregistrationplatform-worker_1-1,0.19%,34.29MiB / 15.62GiB
15:09:58,courseregistrationplatform-worker_2-1,0.19%,33.91MiB / 15.62GiB
15:09:58,courseregistrationplatform-nginx-1,24.71%,183.9MiB / 15.62GiB
15:09:58,courseregistrationplatform-ai-server-1,0.21%,118.1MiB / 15.62GiB
15:09:58,courseregistrationplatform-db-1,1.19%,435.7MiB / 15.62GiB
15:09:58,courseregistrationplatform-rabbitmq-1,0.83%,160.8MiB / 15.62GiB
15:09:58,courseregistrationplatform-redis-1,13.00%,10.24MiB / 15.62GiB
15:09:58,courseregistrationplatform-grafana-1,0.07%,59.54MiB / 15.62GiB
15:09:58,courseregistrationplatform-prometheus-1,0.12%,54.68MiB / 15.62GiB
15:09:58,sugang-control-plane,14.38%,762.3MiB / 15.62GiB
15:09:58,sugang-worker,4.03%,934.2MiB / 15.62GiB
15:09:58,sugang-worker2,2.97%,1.239GiB / 15.62GiB
15:09:58,biostream_api,8.11%,216.8MiB / 15.62GiB
15:09:58,biostream_mcp,0.00%,0B / 0B
15:09:58,biostream_qdrant,0.11%,160.2MiB / 15.62GiB
15:09:58,biostream_db,3.36%,35.79MiB / 15.62GiB
15:10:04,courseregistrationplatform-k6-run-fcf3ac954823,168.29%,3.256GiB / 15.62GiB
15:10:04,courseregistrationplatform-backend_2-1,97.95%,171.2MiB / 15.62GiB
15:10:04,courseregistrationplatform-backend_1-1,100.29%,257.9MiB / 15.62GiB
15:10:04,courseregistrationplatform-frontend-1,0.00%,47.51MiB / 15.62GiB
15:10:04,courseregistrationplatform-worker_1-1,0.01%,34.1MiB / 15.62GiB
15:10:04,courseregistrationplatform-worker_2-1,0.27%,33.93MiB / 15.62GiB
15:10:04,courseregistrationplatform-nginx-1,41.18%,186.3MiB / 15.62GiB
15:10:04,courseregistrationplatform-ai-server-1,0.17%,118.1MiB / 15.62GiB
15:10:04,courseregistrationplatform-db-1,1.14%,435.2MiB / 15.62GiB
15:10:04,courseregistrationplatform-rabbitmq-1,0.71%,160.5MiB / 15.62GiB
15:10:04,courseregistrationplatform-redis-1,9.74%,10.24MiB / 15.62GiB
15:10:04,courseregistrationplatform-grafana-1,0.13%,59.54MiB / 15.62GiB
15:10:04,courseregistrationplatform-prometheus-1,0.26%,54.69MiB / 15.62GiB
15:10:04,sugang-control-plane,13.62%,761.2MiB / 15.62GiB
15:10:04,sugang-worker,5.78%,934.4MiB / 15.62GiB
15:10:04,sugang-worker2,8.58%,1.238GiB / 15.62GiB
15:10:04,biostream_api,8.25%,216.6MiB / 15.62GiB
15:10:04,biostream_mcp,0.00%,0B / 0B
15:10:04,biostream_qdrant,0.26%,160.2MiB / 15.62GiB
15:10:04,biostream_db,0.00%,35.78MiB / 15.62GiB
15:10:11,courseregistrationplatform-k6-run-fcf3ac954823,150.48%,3.256GiB / 15.62GiB
15:10:11,courseregistrationplatform-backend_2-1,101.07%,185.2MiB / 15.62GiB
15:10:11,courseregistrationplatform-backend_1-1,100.30%,231.3MiB / 15.62GiB
15:10:11,courseregistrationplatform-frontend-1,0.00%,47.52MiB / 15.62GiB
15:10:11,courseregistrationplatform-worker_1-1,0.01%,34.41MiB / 15.62GiB
15:10:11,courseregistrationplatform-worker_2-1,0.26%,34.61MiB / 15.62GiB
15:10:11,courseregistrationplatform-nginx-1,40.25%,181.3MiB / 15.62GiB
15:10:11,courseregistrationplatform-ai-server-1,0.19%,118.2MiB / 15.62GiB
15:10:11,courseregistrationplatform-db-1,4.76%,435.3MiB / 15.62GiB
15:10:11,courseregistrationplatform-rabbitmq-1,0.59%,160.6MiB / 15.62GiB
15:10:11,courseregistrationplatform-redis-1,10.92%,10.48MiB / 15.62GiB
15:10:11,courseregistrationplatform-grafana-1,0.06%,59.52MiB / 15.62GiB
15:10:11,courseregistrationplatform-prometheus-1,0.09%,54.74MiB / 15.62GiB
15:10:11,sugang-control-plane,14.35%,761.2MiB / 15.62GiB
15:10:11,sugang-worker,4.95%,934.1MiB / 15.62GiB
15:10:11,sugang-worker2,3.74%,1.239GiB / 15.62GiB
15:10:11,biostream_api,8.66%,217.5MiB / 15.62GiB
15:10:11,biostream_mcp,0.00%,0B / 0B
15:10:11,biostream_qdrant,0.14%,160MiB / 15.62GiB
15:10:11,biostream_db,0.00%,35.78MiB / 15.62GiB
15:10:18,courseregistrationplatform-k6-run-fcf3ac954823,159.99%,3.256GiB / 15.62GiB
15:10:18,courseregistrationplatform-backend_2-1,96.10%,210.3MiB / 15.62GiB
15:10:18,courseregistrationplatform-backend_1-1,97.93%,228.5MiB / 15.62GiB
15:10:18,courseregistrationplatform-frontend-1,0.00%,47.52MiB / 15.62GiB
15:10:18,courseregistrationplatform-worker_1-1,0.01%,33.86MiB / 15.62GiB
15:10:18,courseregistrationplatform-worker_2-1,0.19%,34.54MiB / 15.62GiB
15:10:18,courseregistrationplatform-nginx-1,44.99%,189.9MiB / 15.62GiB
15:10:18,courseregistrationplatform-ai-server-1,0.19%,118.2MiB / 15.62GiB
15:10:18,courseregistrationplatform-db-1,1.29%,435.4MiB / 15.62GiB
15:10:18,courseregistrationplatform-rabbitmq-1,0.82%,161.6MiB / 15.62GiB
15:10:18,courseregistrationplatform-redis-1,9.90%,10.25MiB / 15.62GiB
15:10:18,courseregistrationplatform-grafana-1,0.09%,59.52MiB / 15.62GiB
15:10:18,courseregistrationplatform-prometheus-1,0.11%,54.73MiB / 15.62GiB
15:10:18,sugang-control-plane,13.64%,761.8MiB / 15.62GiB
15:10:18,sugang-worker,4.48%,934.2MiB / 15.62GiB
15:10:18,sugang-worker2,4.81%,1.238GiB / 15.62GiB
15:10:18,biostream_api,8.63%,216.5MiB / 15.62GiB
15:10:18,biostream_mcp,0.00%,0B / 0B
15:10:18,biostream_qdrant,0.13%,160MiB / 15.62GiB
15:10:18,biostream_db,3.69%,35.78MiB / 15.62GiB
15:10:25,courseregistrationplatform-k6-run-fcf3ac954823,127.91%,3.256GiB / 15.62GiB
15:10:25,courseregistrationplatform-backend_2-1,111.82%,246.2MiB / 15.62GiB
15:10:25,courseregistrationplatform-backend_1-1,101.09%,204.1MiB / 15.62GiB
15:10:25,courseregistrationplatform-frontend-1,0.00%,47.48MiB / 15.62GiB
15:10:25,courseregistrationplatform-worker_1-1,0.23%,33.9MiB / 15.62GiB
15:10:25,courseregistrationplatform-worker_2-1,0.23%,34.29MiB / 15.62GiB
15:10:25,courseregistrationplatform-nginx-1,25.66%,186.8MiB / 15.62GiB
15:10:25,courseregistrationplatform-ai-server-1,0.22%,118.2MiB / 15.62GiB
15:10:25,courseregistrationplatform-db-1,1.49%,437.2MiB / 15.62GiB
15:10:25,courseregistrationplatform-rabbitmq-1,0.48%,161.4MiB / 15.62GiB
15:10:25,courseregistrationplatform-redis-1,12.53%,10MiB / 15.62GiB
15:10:25,courseregistrationplatform-grafana-1,0.09%,59.48MiB / 15.62GiB
15:10:25,courseregistrationplatform-prometheus-1,0.74%,55.35MiB / 15.62GiB
15:10:25,sugang-control-plane,11.22%,763.1MiB / 15.62GiB
15:10:25,sugang-worker,2.70%,934.7MiB / 15.62GiB
15:10:25,sugang-worker2,3.46%,1.239GiB / 15.62GiB
15:10:25,biostream_api,6.14%,217.4MiB / 15.62GiB
15:10:25,biostream_mcp,0.00%,0B / 0B
15:10:25,biostream_qdrant,0.28%,160.4MiB / 15.62GiB
15:10:25,biostream_db,0.00%,35.78MiB / 15.62GiB
15:10:32,courseregistrationplatform-k6-run-fcf3ac954823,392.54%,3.256GiB / 15.62GiB
15:10:32,courseregistrationplatform-backend_2-1,88.91%,253.4MiB / 15.62GiB
15:10:32,courseregistrationplatform-backend_1-1,91.60%,185.9MiB / 15.62GiB
15:10:32,courseregistrationplatform-frontend-1,0.00%,47.48MiB / 15.62GiB
15:10:32,courseregistrationplatform-worker_1-1,0.01%,34.36MiB / 15.62GiB
15:10:32,courseregistrationplatform-worker_2-1,0.01%,33.88MiB / 15.62GiB
15:10:32,courseregistrationplatform-nginx-1,47.64%,191.8MiB / 15.62GiB
15:10:32,courseregistrationplatform-ai-server-1,0.22%,118.2MiB / 15.62GiB
15:10:32,courseregistrationplatform-db-1,4.29%,436.9MiB / 15.62GiB
15:10:32,courseregistrationplatform-rabbitmq-1,0.18%,161.7MiB / 15.62GiB
15:10:32,courseregistrationplatform-redis-1,8.25%,10MiB / 15.62GiB
15:10:32,courseregistrationplatform-grafana-1,0.05%,59.48MiB / 15.62GiB
15:10:32,courseregistrationplatform-prometheus-1,0.00%,55.99MiB / 15.62GiB
15:10:32,sugang-control-plane,11.95%,762.9MiB / 15.62GiB
15:10:32,sugang-worker,7.62%,934.7MiB / 15.62GiB
15:10:32,sugang-worker2,7.13%,1.24GiB / 15.62GiB
15:10:32,biostream_api,7.33%,216.4MiB / 15.62GiB
15:10:32,biostream_mcp,0.00%,0B / 0B
15:10:32,biostream_qdrant,0.12%,160.4MiB / 15.62GiB
15:10:32,biostream_db,0.00%,35.78MiB / 15.62GiB
15:10:39,courseregistrationplatform-k6-run-fcf3ac954823,123.82%,3.255GiB / 15.62GiB
15:10:39,courseregistrationplatform-backend_2-1,104.91%,329.7MiB / 15.62GiB
15:10:39,courseregistrationplatform-backend_1-1,100.43%,173.1MiB / 15.62GiB
15:10:39,courseregistrationplatform-frontend-1,0.00%,47.48MiB / 15.62GiB
15:10:39,courseregistrationplatform-worker_1-1,0.37%,34.03MiB / 15.62GiB
15:10:39,courseregistrationplatform-worker_2-1,0.20%,34.19MiB / 15.62GiB
15:10:39,courseregistrationplatform-nginx-1,32.67%,192.1MiB / 15.62GiB
15:10:39,courseregistrationplatform-ai-server-1,0.18%,118.2MiB / 15.62GiB
15:10:39,courseregistrationplatform-db-1,2.97%,436.9MiB / 15.62GiB
15:10:39,courseregistrationplatform-rabbitmq-1,0.61%,161.6MiB / 15.62GiB
15:10:39,courseregistrationplatform-redis-1,12.68%,9.754MiB / 15.62GiB
15:10:39,courseregistrationplatform-grafana-1,0.07%,59.48MiB / 15.62GiB
15:10:39,courseregistrationplatform-prometheus-1,0.14%,55.98MiB / 15.62GiB
15:10:39,sugang-control-plane,14.88%,764MiB / 15.62GiB
15:10:39,sugang-worker,5.08%,934.6MiB / 15.62GiB
15:10:39,sugang-worker2,7.24%,1.239GiB / 15.62GiB
15:10:39,biostream_api,8.15%,216.9MiB / 15.62GiB
15:10:39,biostream_mcp,0.00%,0B / 0B
15:10:39,biostream_qdrant,0.13%,160.4MiB / 15.62GiB
15:10:39,biostream_db,0.00%,35.78MiB / 15.62GiB
15:10:47,courseregistrationplatform-k6-run-fcf3ac954823,151.87%,3.255GiB / 15.62GiB
15:10:47,courseregistrationplatform-backend_2-1,99.89%,287.4MiB / 15.62GiB
15:10:47,courseregistrationplatform-backend_1-1,100.62%,169.9MiB / 15.62GiB
15:10:47,courseregistrationplatform-frontend-1,0.00%,47.46MiB / 15.62GiB
15:10:47,courseregistrationplatform-worker_1-1,0.03%,34.26MiB / 15.62GiB
15:10:47,courseregistrationplatform-worker_2-1,0.26%,33.75MiB / 15.62GiB
15:10:47,courseregistrationplatform-nginx-1,30.60%,191.7MiB / 15.62GiB
15:10:47,courseregistrationplatform-ai-server-1,0.23%,118.2MiB / 15.62GiB
15:10:47,courseregistrationplatform-db-1,1.32%,437MiB / 15.62GiB
15:10:47,courseregistrationplatform-rabbitmq-1,0.50%,161.7MiB / 15.62GiB
15:10:47,courseregistrationplatform-redis-1,12.11%,10.23MiB / 15.62GiB
15:10:47,courseregistrationplatform-grafana-1,0.11%,59.47MiB / 15.62GiB
15:10:47,courseregistrationplatform-prometheus-1,0.09%,55.99MiB / 15.62GiB
15:10:47,sugang-control-plane,11.70%,763.2MiB / 15.62GiB
15:10:47,sugang-worker,6.18%,934.7MiB / 15.62GiB
15:10:47,sugang-worker2,5.21%,1.239GiB / 15.62GiB
15:10:47,biostream_api,8.79%,216.6MiB / 15.62GiB
15:10:47,biostream_mcp,0.00%,0B / 0B
15:10:47,biostream_qdrant,0.14%,160.3MiB / 15.62GiB
15:10:47,biostream_db,0.67%,35.89MiB / 15.62GiB
15:10:54,courseregistrationplatform-k6-run-fcf3ac954823,183.95%,3.255GiB / 15.62GiB
15:10:54,courseregistrationplatform-backend_2-1,107.13%,270MiB / 15.62GiB
15:10:54,courseregistrationplatform-backend_1-1,93.70%,165.5MiB / 15.62GiB
15:10:54,courseregistrationplatform-frontend-1,0.00%,47.46MiB / 15.62GiB
15:10:54,courseregistrationplatform-worker_1-1,0.21%,33.94MiB / 15.62GiB
15:10:54,courseregistrationplatform-worker_2-1,0.26%,34.21MiB / 15.62GiB
15:10:54,courseregistrationplatform-nginx-1,44.12%,192.5MiB / 15.62GiB
15:10:54,courseregistrationplatform-ai-server-1,0.21%,118.2MiB / 15.62GiB
15:10:54,courseregistrationplatform-db-1,1.91%,437MiB / 15.62GiB
15:10:54,courseregistrationplatform-rabbitmq-1,0.66%,161.8MiB / 15.62GiB
15:10:54,courseregistrationplatform-redis-1,9.56%,10MiB / 15.62GiB
15:10:54,courseregistrationplatform-grafana-1,0.08%,59.47MiB / 15.62GiB
15:10:54,courseregistrationplatform-prometheus-1,1.32%,56.28MiB / 15.62GiB
15:10:54,sugang-control-plane,16.30%,763.7MiB / 15.62GiB
15:10:54,sugang-worker,5.58%,934.5MiB / 15.62GiB
15:10:54,sugang-worker2,4.49%,1.239GiB / 15.62GiB
15:10:54,biostream_api,6.46%,217.6MiB / 15.62GiB
15:10:54,biostream_mcp,0.00%,0B / 0B
15:10:54,biostream_qdrant,0.38%,160.3MiB / 15.62GiB
15:10:54,biostream_db,4.08%,35.78MiB / 15.62GiB
15:11:02,courseregistrationplatform-k6-run-fcf3ac954823,154.32%,3.255GiB / 15.62GiB
15:11:02,courseregistrationplatform-backend_2-1,98.62%,269.1MiB / 15.62GiB
15:11:02,courseregistrationplatform-backend_1-1,103.17%,160.4MiB / 15.62GiB
15:11:02,courseregistrationplatform-frontend-1,0.00%,47.46MiB / 15.62GiB
15:11:02,courseregistrationplatform-worker_1-1,0.22%,34.4MiB / 15.62GiB
15:11:02,courseregistrationplatform-worker_2-1,0.24%,34.59MiB / 15.62GiB
15:11:02,courseregistrationplatform-nginx-1,30.51%,192.9MiB / 15.62GiB
15:11:02,courseregistrationplatform-ai-server-1,0.21%,118.2MiB / 15.62GiB
15:11:02,courseregistrationplatform-db-1,4.74%,437MiB / 15.62GiB
15:11:02,courseregistrationplatform-rabbitmq-1,0.57%,161.3MiB / 15.62GiB
15:11:02,courseregistrationplatform-redis-1,11.32%,9.758MiB / 15.62GiB
15:11:02,courseregistrationplatform-grafana-1,0.08%,59.47MiB / 15.62GiB
15:11:02,courseregistrationplatform-prometheus-1,0.13%,56.28MiB / 15.62GiB
15:11:02,sugang-control-plane,15.68%,764.1MiB / 15.62GiB
15:11:02,sugang-worker,5.68%,934.1MiB / 15.62GiB
15:11:02,sugang-worker2,4.57%,1.239GiB / 15.62GiB
15:11:02,biostream_api,8.33%,216.6MiB / 15.62GiB
15:11:02,biostream_mcp,0.00%,0B / 0B
15:11:02,biostream_qdrant,0.12%,160.3MiB / 15.62GiB
15:11:02,biostream_db,0.01%,35.78MiB / 15.62GiB
15:11:09,courseregistrationplatform-k6-run-fcf3ac954823,164.44%,3.255GiB / 15.62GiB
15:11:09,courseregistrationplatform-backend_2-1,94.62%,267.2MiB / 15.62GiB
15:11:09,courseregistrationplatform-backend_1-1,103.31%,162.7MiB / 15.62GiB
15:11:09,courseregistrationplatform-frontend-1,0.00%,47.46MiB / 15.62GiB
15:11:09,courseregistrationplatform-worker_1-1,0.01%,33.92MiB / 15.62GiB
15:11:09,courseregistrationplatform-worker_2-1,0.23%,34.01MiB / 15.62GiB
15:11:09,courseregistrationplatform-nginx-1,34.54%,194.1MiB / 15.62GiB
15:11:09,courseregistrationplatform-ai-server-1,0.23%,118.2MiB / 15.62GiB
15:11:09,courseregistrationplatform-db-1,1.29%,437MiB / 15.62GiB
15:11:09,courseregistrationplatform-rabbitmq-1,0.95%,161.5MiB / 15.62GiB
15:11:09,courseregistrationplatform-redis-1,10.74%,10.48MiB / 15.62GiB
15:11:09,courseregistrationplatform-grafana-1,0.13%,59.47MiB / 15.62GiB
15:11:09,courseregistrationplatform-prometheus-1,0.11%,56.27MiB / 15.62GiB
15:11:09,sugang-control-plane,13.24%,763.2MiB / 15.62GiB
15:11:09,sugang-worker,3.22%,938.4MiB / 15.62GiB
15:11:09,sugang-worker2,7.27%,1.24GiB / 15.62GiB
15:11:09,biostream_api,8.52%,217.1MiB / 15.62GiB
15:11:09,biostream_mcp,0.00%,0B / 0B
15:11:09,biostream_qdrant,0.11%,160.3MiB / 15.62GiB
15:11:09,biostream_db,3.58%,35.78MiB / 15.62GiB
15:11:17,courseregistrationplatform-k6-run-fcf3ac954823,145.35%,3.255GiB / 15.62GiB
15:11:17,courseregistrationplatform-backend_2-1,101.65%,269.7MiB / 15.62GiB
15:11:17,courseregistrationplatform-backend_1-1,103.54%,158.2MiB / 15.62GiB
15:11:17,courseregistrationplatform-frontend-1,0.00%,47.46MiB / 15.62GiB
15:11:17,courseregistrationplatform-worker_1-1,0.22%,34.68MiB / 15.62GiB
15:11:17,courseregistrationplatform-worker_2-1,0.01%,34.54MiB / 15.62GiB
15:11:17,courseregistrationplatform-nginx-1,22.65%,192.2MiB / 15.62GiB
15:11:17,courseregistrationplatform-ai-server-1,0.20%,118.2MiB / 15.62GiB
15:11:17,courseregistrationplatform-db-1,1.22%,437MiB / 15.62GiB
15:11:17,courseregistrationplatform-rabbitmq-1,0.64%,161.2MiB / 15.62GiB
15:11:17,courseregistrationplatform-redis-1,12.72%,10.48MiB / 15.62GiB
15:11:17,courseregistrationplatform-grafana-1,0.58%,59.47MiB / 15.62GiB
15:11:17,courseregistrationplatform-prometheus-1,0.12%,56.27MiB / 15.62GiB
15:11:17,sugang-control-plane,15.72%,764MiB / 15.62GiB
15:11:17,sugang-worker,5.13%,938.2MiB / 15.62GiB
15:11:17,sugang-worker2,3.55%,1.239GiB / 15.62GiB
15:11:17,biostream_api,8.45%,217.4MiB / 15.62GiB
15:11:17,biostream_mcp,0.00%,0B / 0B
15:11:17,biostream_qdrant,0.12%,160.3MiB / 15.62GiB
15:11:17,biostream_db,0.00%,35.78MiB / 15.62GiB
15:11:23,courseregistrationplatform-k6-run-fcf3ac954823,152.67%,3.253GiB / 15.62GiB
15:11:23,courseregistrationplatform-backend_2-1,95.94%,270.7MiB / 15.62GiB
15:11:23,courseregistrationplatform-backend_1-1,98.60%,165.6MiB / 15.62GiB
15:11:23,courseregistrationplatform-frontend-1,0.00%,47.46MiB / 15.62GiB
15:11:23,courseregistrationplatform-worker_1-1,0.01%,34.11MiB / 15.62GiB
15:11:23,courseregistrationplatform-worker_2-1,0.23%,34.05MiB / 15.62GiB
15:11:23,courseregistrationplatform-nginx-1,35.45%,188.1MiB / 15.62GiB
15:11:23,courseregistrationplatform-ai-server-1,0.23%,118.2MiB / 15.62GiB
15:11:23,courseregistrationplatform-db-1,1.23%,437MiB / 15.62GiB
15:11:23,courseregistrationplatform-rabbitmq-1,0.80%,161.7MiB / 15.62GiB
15:11:23,courseregistrationplatform-redis-1,11.27%,10.48MiB / 15.62GiB
15:11:23,courseregistrationplatform-grafana-1,0.05%,59.47MiB / 15.62GiB
15:11:23,courseregistrationplatform-prometheus-1,0.12%,56.28MiB / 15.62GiB
15:11:23,sugang-control-plane,10.13%,763.2MiB / 15.62GiB
15:11:23,sugang-worker,4.78%,938.5MiB / 15.62GiB
15:11:23,sugang-worker2,4.31%,1.241GiB / 15.62GiB
15:11:23,biostream_api,8.22%,217.4MiB / 15.62GiB
15:11:23,biostream_mcp,0.00%,0B / 0B
15:11:23,biostream_qdrant,0.13%,160.3MiB / 15.62GiB
15:11:23,biostream_db,0.00%,35.78MiB / 15.62GiB
15:11:30,courseregistrationplatform-k6-run-fcf3ac954823,165.91%,3.252GiB / 15.62GiB
15:11:30,courseregistrationplatform-backend_2-1,96.26%,267.4MiB / 15.62GiB
15:11:30,courseregistrationplatform-backend_1-1,95.16%,176.8MiB / 15.62GiB
15:11:30,courseregistrationplatform-frontend-1,0.00%,47.37MiB / 15.62GiB
15:11:30,courseregistrationplatform-worker_1-1,0.01%,34.26MiB / 15.62GiB
15:11:30,courseregistrationplatform-worker_2-1,0.01%,34.2MiB / 15.62GiB
15:11:30,courseregistrationplatform-nginx-1,38.06%,183.3MiB / 15.62GiB
15:11:30,courseregistrationplatform-ai-server-1,0.21%,118.3MiB / 15.62GiB
15:11:30,courseregistrationplatform-db-1,0.78%,437.3MiB / 15.62GiB
15:11:30,courseregistrationplatform-rabbitmq-1,0.28%,161.4MiB / 15.62GiB
15:11:30,courseregistrationplatform-redis-1,10.27%,9.996MiB / 15.62GiB
15:11:30,courseregistrationplatform-grafana-1,0.05%,59.39MiB / 15.62GiB
15:11:30,courseregistrationplatform-prometheus-1,0.12%,56.23MiB / 15.62GiB
15:11:30,sugang-control-plane,15.69%,764.3MiB / 15.62GiB
15:11:30,sugang-worker,6.36%,937.8MiB / 15.62GiB
15:11:30,sugang-worker2,5.58%,1.239GiB / 15.62GiB
15:11:30,biostream_api,8.48%,216.3MiB / 15.62GiB
15:11:30,biostream_mcp,0.00%,0B / 0B
15:11:30,biostream_qdrant,0.38%,161.4MiB / 15.62GiB
15:11:30,biostream_db,0.00%,35.75MiB / 15.62GiB
15:11:37,courseregistrationplatform-k6-run-fcf3ac954823,154.45%,3.255GiB / 15.62GiB
15:11:37,courseregistrationplatform-backend_2-1,79.01%,209MiB / 15.62GiB
15:11:37,courseregistrationplatform-backend_1-1,99.62%,192.4MiB / 15.62GiB
15:11:37,courseregistrationplatform-frontend-1,0.00%,47.37MiB / 15.62GiB
15:11:37,courseregistrationplatform-worker_1-1,2.07%,34.5MiB / 15.62GiB
15:11:37,courseregistrationplatform-worker_2-1,1.25%,33.97MiB / 15.62GiB
15:11:37,courseregistrationplatform-nginx-1,31.61%,190.6MiB / 15.62GiB
15:11:37,courseregistrationplatform-ai-server-1,0.21%,118.3MiB / 15.62GiB
15:11:37,courseregistrationplatform-db-1,4.71%,437.7MiB / 15.62GiB
15:11:37,courseregistrationplatform-rabbitmq-1,0.95%,162.2MiB / 15.62GiB
15:11:37,courseregistrationplatform-redis-1,9.96%,10MiB / 15.62GiB
15:11:37,courseregistrationplatform-grafana-1,0.32%,59.39MiB / 15.62GiB
15:11:37,courseregistrationplatform-prometheus-1,0.20%,56.23MiB / 15.62GiB
15:11:37,sugang-control-plane,17.77%,764.6MiB / 15.62GiB
15:11:37,sugang-worker,4.43%,938.1MiB / 15.62GiB
15:11:37,sugang-worker2,4.55%,1.238GiB / 15.62GiB
15:11:37,biostream_api,9.00%,217.3MiB / 15.62GiB
15:11:37,biostream_mcp,0.00%,0B / 0B
15:11:37,biostream_qdrant,0.11%,161.4MiB / 15.62GiB
15:11:37,biostream_db,0.00%,35.78MiB / 15.62GiB
15:11:45,courseregistrationplatform-k6-run-fcf3ac954823,150.84%,3.28GiB / 15.62GiB
15:11:45,courseregistrationplatform-backend_2-1,99.51%,192.2MiB / 15.62GiB
15:11:45,courseregistrationplatform-backend_1-1,103.04%,233.2MiB / 15.62GiB
15:11:45,courseregistrationplatform-frontend-1,0.00%,47.37MiB / 15.62GiB
15:11:45,courseregistrationplatform-worker_1-1,0.01%,34.02MiB / 15.62GiB
15:11:45,courseregistrationplatform-worker_2-1,0.01%,34.43MiB / 15.62GiB
15:11:45,courseregistrationplatform-nginx-1,31.34%,188.3MiB / 15.62GiB
15:11:45,courseregistrationplatform-ai-server-1,0.19%,118.3MiB / 15.62GiB
15:11:45,courseregistrationplatform-db-1,0.90%,437.7MiB / 15.62GiB
15:11:45,courseregistrationplatform-rabbitmq-1,0.34%,161.9MiB / 15.62GiB
15:11:45,courseregistrationplatform-redis-1,12.51%,9.996MiB / 15.62GiB
15:11:45,courseregistrationplatform-grafana-1,0.08%,59.39MiB / 15.62GiB
15:11:45,courseregistrationplatform-prometheus-1,0.18%,56.87MiB / 15.62GiB
15:11:45,sugang-control-plane,16.26%,764.6MiB / 15.62GiB
15:11:45,sugang-worker,5.03%,939.3MiB / 15.62GiB
15:11:45,sugang-worker2,3.76%,1.24GiB / 15.62GiB
15:11:45,biostream_api,8.58%,216.6MiB / 15.62GiB
15:11:45,biostream_mcp,0.00%,0B / 0B
15:11:45,biostream_qdrant,0.39%,161.4MiB / 15.62GiB
15:11:45,biostream_db,0.00%,35.78MiB / 15.62GiB
15:11:52,courseregistrationplatform-k6-run-fcf3ac954823,151.61%,3.279GiB / 15.62GiB
15:11:52,courseregistrationplatform-backend_2-1,101.46%,212.5MiB / 15.62GiB
15:11:52,courseregistrationplatform-backend_1-1,90.62%,213.5MiB / 15.62GiB
15:11:52,courseregistrationplatform-frontend-1,0.00%,47.37MiB / 15.62GiB
15:11:52,courseregistrationplatform-worker_1-1,2.08%,34.04MiB / 15.62GiB
15:11:52,courseregistrationplatform-worker_2-1,2.14%,34.42MiB / 15.62GiB
15:11:52,courseregistrationplatform-nginx-1,34.02%,181.4MiB / 15.62GiB
15:11:52,courseregistrationplatform-ai-server-1,0.19%,118.3MiB / 15.62GiB
15:11:52,courseregistrationplatform-db-1,3.97%,437.7MiB / 15.62GiB
15:11:52,courseregistrationplatform-rabbitmq-1,1.93%,161.9MiB / 15.62GiB
15:11:52,courseregistrationplatform-redis-1,11.19%,10.24MiB / 15.62GiB
15:11:52,courseregistrationplatform-grafana-1,0.05%,59.4MiB / 15.62GiB
15:11:52,courseregistrationplatform-prometheus-1,0.11%,56.88MiB / 15.62GiB
15:11:52,sugang-control-plane,14.17%,765MiB / 15.62GiB
15:11:52,sugang-worker,3.40%,946.1MiB / 15.62GiB
15:11:52,sugang-worker2,9.27%,1.247GiB / 15.62GiB
15:11:52,biostream_api,8.82%,217MiB / 15.62GiB
15:11:52,biostream_mcp,0.00%,0B / 0B
15:11:52,biostream_qdrant,0.14%,161.4MiB / 15.62GiB
15:11:52,biostream_db,0.00%,35.78MiB / 15.62GiB
15:11:59,courseregistrationplatform-k6-run-fcf3ac954823,125.00%,3.28GiB / 15.62GiB
15:11:59,courseregistrationplatform-backend_2-1,106.58%,230.4MiB / 15.62GiB
15:11:59,courseregistrationplatform-backend_1-1,68.16%,274MiB / 15.62GiB
15:11:59,courseregistrationplatform-frontend-1,0.00%,47.16MiB / 15.62GiB
15:11:59,courseregistrationplatform-worker_1-1,0.45%,34.42MiB / 15.62GiB
15:11:59,courseregistrationplatform-worker_2-1,0.45%,34.79MiB / 15.62GiB
15:11:59,courseregistrationplatform-nginx-1,12.68%,188.6MiB / 15.62GiB
15:11:59,courseregistrationplatform-ai-server-1,0.23%,118.3MiB / 15.62GiB
15:11:59,courseregistrationplatform-db-1,1.82%,437.9MiB / 15.62GiB
15:11:59,courseregistrationplatform-rabbitmq-1,0.49%,161.6MiB / 15.62GiB
15:11:59,courseregistrationplatform-redis-1,11.08%,9.934MiB / 15.62GiB
15:11:59,courseregistrationplatform-grafana-1,0.18%,59.32MiB / 15.62GiB
15:11:59,courseregistrationplatform-prometheus-1,0.12%,56.69MiB / 15.62GiB
15:11:59,sugang-control-plane,18.15%,755.9MiB / 15.62GiB
15:11:59,sugang-worker,4.01%,944.6MiB / 15.62GiB
15:11:59,sugang-worker2,6.09%,1.247GiB / 15.62GiB
15:11:59,biostream_api,8.44%,217.1MiB / 15.62GiB
15:11:59,biostream_mcp,0.00%,0B / 0B
15:11:59,biostream_qdrant,0.14%,161.4MiB / 15.62GiB
15:11:59,biostream_db,0.00%,35.66MiB / 15.62GiB
15:12:06,courseregistrationplatform-k6-run-fcf3ac954823,143.66%,3.292GiB / 15.62GiB
15:12:06,courseregistrationplatform-backend_2-1,102.54%,236.9MiB / 15.62GiB
15:12:06,courseregistrationplatform-backend_1-1,100.26%,195.4MiB / 15.62GiB
15:12:06,courseregistrationplatform-frontend-1,0.00%,47.15MiB / 15.62GiB
15:12:06,courseregistrationplatform-worker_1-1,0.34%,34.83MiB / 15.62GiB
15:12:06,courseregistrationplatform-worker_2-1,0.30%,34.07MiB / 15.62GiB
15:12:06,courseregistrationplatform-nginx-1,21.07%,191.1MiB / 15.62GiB
15:12:06,courseregistrationplatform-ai-server-1,0.21%,118.8MiB / 15.62GiB
15:12:06,courseregistrationplatform-db-1,1.48%,438MiB / 15.62GiB
15:12:06,courseregistrationplatform-rabbitmq-1,0.66%,162.1MiB / 15.62GiB
15:12:06,courseregistrationplatform-redis-1,13.28%,10.24MiB / 15.62GiB
15:12:06,courseregistrationplatform-grafana-1,0.06%,59.32MiB / 15.62GiB
15:12:06,courseregistrationplatform-prometheus-1,0.86%,56.84MiB / 15.62GiB
15:12:06,sugang-control-plane,16.78%,757.2MiB / 15.62GiB
15:12:06,sugang-worker,3.55%,945MiB / 15.62GiB
15:12:06,sugang-worker2,3.01%,1.248GiB / 15.62GiB
15:12:06,biostream_api,8.41%,216.9MiB / 15.62GiB
15:12:06,biostream_mcp,0.00%,0B / 0B
15:12:06,biostream_qdrant,0.22%,162.4MiB / 15.62GiB
15:12:06,biostream_db,0.00%,35.74MiB / 15.62GiB
15:12:12,courseregistrationplatform-k6-run-fcf3ac954823,143.70%,3.304GiB / 15.62GiB
15:12:12,courseregistrationplatform-backend_2-1,113.40%,288.9MiB / 15.62GiB
15:12:12,courseregistrationplatform-backend_1-1,101.91%,169.3MiB / 15.62GiB
15:12:12,courseregistrationplatform-frontend-1,0.00%,47.15MiB / 15.62GiB
15:12:12,courseregistrationplatform-worker_1-1,0.20%,34.36MiB / 15.62GiB
15:12:12,courseregistrationplatform-worker_2-1,0.20%,34.08MiB / 15.62GiB
15:12:12,courseregistrationplatform-nginx-1,23.07%,195.5MiB / 15.62GiB
15:12:12,courseregistrationplatform-ai-server-1,0.21%,118.8MiB / 15.62GiB
15:12:12,courseregistrationplatform-db-1,1.24%,438MiB / 15.62GiB
15:12:12,courseregistrationplatform-rabbitmq-1,0.85%,162MiB / 15.62GiB
15:12:12,courseregistrationplatform-redis-1,11.48%,10.48MiB / 15.62GiB
15:12:12,courseregistrationplatform-grafana-1,0.07%,59.32MiB / 15.62GiB
15:12:12,courseregistrationplatform-prometheus-1,0.12%,56.83MiB / 15.62GiB
15:12:12,sugang-control-plane,14.93%,757MiB / 15.62GiB
15:12:12,sugang-worker,3.10%,945.6MiB / 15.62GiB
15:12:12,sugang-worker2,5.24%,1.249GiB / 15.62GiB
15:12:12,biostream_api,7.73%,216.3MiB / 15.62GiB
15:12:12,biostream_mcp,0.00%,0B / 0B
15:12:12,biostream_qdrant,0.14%,162.4MiB / 15.62GiB
15:12:12,biostream_db,0.01%,35.74MiB / 15.62GiB
15:12:20,courseregistrationplatform-k6-run-fcf3ac954823,116.57%,3.304GiB / 15.62GiB
15:12:20,courseregistrationplatform-backend_2-1,103.83%,289.2MiB / 15.62GiB
15:12:20,courseregistrationplatform-backend_1-1,100.87%,167.2MiB / 15.62GiB
15:12:20,courseregistrationplatform-frontend-1,0.00%,47.15MiB / 15.62GiB
15:12:20,courseregistrationplatform-worker_1-1,0.20%,34.05MiB / 15.62GiB
15:12:20,courseregistrationplatform-worker_2-1,0.01%,34.46MiB / 15.62GiB
15:12:20,courseregistrationplatform-nginx-1,17.11%,193.3MiB / 15.62GiB
15:12:20,courseregistrationplatform-ai-server-1,0.19%,118.8MiB / 15.62GiB
15:12:20,courseregistrationplatform-db-1,1.24%,438MiB / 15.62GiB
15:12:20,courseregistrationplatform-rabbitmq-1,0.45%,161.7MiB / 15.62GiB
15:12:20,courseregistrationplatform-redis-1,13.42%,10.48MiB / 15.62GiB
15:12:20,courseregistrationplatform-grafana-1,0.07%,59.32MiB / 15.62GiB
15:12:20,courseregistrationplatform-prometheus-1,0.78%,56.84MiB / 15.62GiB
15:12:20,sugang-control-plane,10.27%,758.6MiB / 15.62GiB
15:12:20,sugang-worker,4.58%,948.4MiB / 15.62GiB
15:12:20,sugang-worker2,4.56%,1.249GiB / 15.62GiB
15:12:20,biostream_api,8.81%,217.3MiB / 15.62GiB
15:12:20,biostream_mcp,0.00%,0B / 0B
15:12:20,biostream_qdrant,0.41%,162.4MiB / 15.62GiB
15:12:20,biostream_db,3.97%,35.74MiB / 15.62GiB
15:12:28,courseregistrationplatform-k6-run-fcf3ac954823,135.98%,3.303GiB / 15.62GiB
15:12:28,courseregistrationplatform-backend_2-1,102.16%,354.9MiB / 15.62GiB
15:12:28,courseregistrationplatform-backend_1-1,96.30%,163.4MiB / 15.62GiB
15:12:28,courseregistrationplatform-frontend-1,0.00%,46.86MiB / 15.62GiB
15:12:28,courseregistrationplatform-worker_1-1,0.01%,34.52MiB / 15.62GiB
15:12:28,courseregistrationplatform-worker_2-1,0.03%,33.88MiB / 15.62GiB
15:12:28,courseregistrationplatform-nginx-1,17.57%,192.5MiB / 15.62GiB
15:12:28,courseregistrationplatform-ai-server-1,0.21%,119.7MiB / 15.62GiB
15:12:28,courseregistrationplatform-db-1,0.79%,438.1MiB / 15.62GiB
15:12:28,courseregistrationplatform-rabbitmq-1,0.71%,161.7MiB / 15.62GiB
15:12:28,courseregistrationplatform-redis-1,12.69%,10.25MiB / 15.62GiB
15:12:28,courseregistrationplatform-grafana-1,0.19%,59.3MiB / 15.62GiB
15:12:28,courseregistrationplatform-prometheus-1,1.92%,56.82MiB / 15.62GiB
15:12:28,sugang-control-plane,14.86%,759.1MiB / 15.62GiB
15:12:28,sugang-worker,4.13%,957.2MiB / 15.62GiB
15:12:28,sugang-worker2,4.89%,1.251GiB / 15.62GiB
15:12:28,biostream_api,8.67%,216.6MiB / 15.62GiB
15:12:28,biostream_qdrant,0.13%,165.2MiB / 15.62GiB
15:12:28,biostream_db,0.00%,35.54MiB / 15.62GiB
15:12:36,courseregistrationplatform-k6-run-fcf3ac954823,151.83%,3.304GiB / 15.62GiB
15:12:36,courseregistrationplatform-backend_2-1,100.54%,307.5MiB / 15.62GiB
15:12:36,courseregistrationplatform-backend_1-1,100.68%,165.3MiB / 15.62GiB
15:12:36,courseregistrationplatform-frontend-1,0.00%,47.11MiB / 15.62GiB
15:12:36,courseregistrationplatform-worker_1-1,0.01%,34.19MiB / 15.62GiB
15:12:36,courseregistrationplatform-worker_2-1,0.01%,34.72MiB / 15.62GiB
15:12:36,courseregistrationplatform-nginx-1,23.40%,195.5MiB / 15.62GiB
15:12:36,courseregistrationplatform-ai-server-1,0.22%,119.7MiB / 15.62GiB
15:12:36,courseregistrationplatform-db-1,0.71%,438.6MiB / 15.62GiB
15:12:36,courseregistrationplatform-rabbitmq-1,0.44%,162.2MiB / 15.62GiB
15:12:36,courseregistrationplatform-redis-1,13.29%,10.48MiB / 15.62GiB
15:12:36,courseregistrationplatform-grafana-1,0.66%,59.3MiB / 15.62GiB
15:12:36,courseregistrationplatform-prometheus-1,0.12%,56.83MiB / 15.62GiB
15:12:36,sugang-control-plane,10.51%,759.6MiB / 15.62GiB
15:12:36,sugang-worker,5.15%,955.8MiB / 15.62GiB
15:12:36,sugang-worker2,4.01%,1.251GiB / 15.62GiB
15:12:36,biostream_api,9.01%,216.8MiB / 15.62GiB
15:12:36,biostream_mcp,0.00%,0B / 0B
15:12:36,biostream_qdrant,0.11%,165.2MiB / 15.62GiB
15:12:36,biostream_db,0.00%,35.74MiB / 15.62GiB
15:12:43,courseregistrationplatform-k6-run-fcf3ac954823,137.82%,3.303GiB / 15.62GiB
15:12:43,courseregistrationplatform-backend_2-1,96.73%,308.2MiB / 15.62GiB
15:12:43,courseregistrationplatform-backend_1-1,97.77%,169MiB / 15.62GiB
15:12:43,courseregistrationplatform-frontend-1,0.00%,47.11MiB / 15.62GiB
15:12:43,courseregistrationplatform-worker_1-1,0.01%,34.57MiB / 15.62GiB
15:12:43,courseregistrationplatform-worker_2-1,0.01%,34.26MiB / 15.62GiB
15:12:43,courseregistrationplatform-nginx-1,21.01%,195.5MiB / 15.62GiB
15:12:43,courseregistrationplatform-ai-server-1,0.21%,119.7MiB / 15.62GiB
15:12:43,courseregistrationplatform-db-1,5.02%,438.6MiB / 15.62GiB
15:12:43,courseregistrationplatform-rabbitmq-1,0.68%,162.2MiB / 15.62GiB
15:12:43,courseregistrationplatform-redis-1,11.53%,9.996MiB / 15.62GiB
15:12:43,courseregistrationplatform-grafana-1,0.08%,59.3MiB / 15.62GiB
15:12:43,courseregistrationplatform-prometheus-1,0.07%,57.07MiB / 15.62GiB
15:12:43,sugang-control-plane,13.85%,760.2MiB / 15.62GiB
15:12:43,sugang-worker,2.43%,956.9MiB / 15.62GiB
15:12:43,sugang-worker2,3.08%,1.251GiB / 15.62GiB
15:12:43,biostream_api,6.12%,217.1MiB / 15.62GiB
15:12:43,biostream_mcp,0.00%,0B / 0B
15:12:43,biostream_qdrant,0.11%,165.2MiB / 15.62GiB
15:12:43,biostream_db,0.00%,35.74MiB / 15.62GiB
15:12:50,courseregistrationplatform-k6-run-fcf3ac954823,134.81%,3.303GiB / 15.62GiB
15:12:50,courseregistrationplatform-backend_2-1,102.53%,265.4MiB / 15.62GiB
15:12:50,courseregistrationplatform-backend_1-1,85.71%,168.3MiB / 15.62GiB
15:12:50,courseregistrationplatform-frontend-1,0.00%,47.11MiB / 15.62GiB
15:12:50,courseregistrationplatform-worker_1-1,0.01%,34.28MiB / 15.62GiB
15:12:50,courseregistrationplatform-worker_2-1,0.01%,33.9MiB / 15.62GiB
15:12:50,courseregistrationplatform-nginx-1,18.01%,191.6MiB / 15.62GiB
15:12:50,courseregistrationplatform-ai-server-1,0.20%,119.7MiB / 15.62GiB
15:12:50,courseregistrationplatform-db-1,1.69%,438.6MiB / 15.62GiB
15:12:50,courseregistrationplatform-rabbitmq-1,0.57%,162.3MiB / 15.62GiB
15:12:50,courseregistrationplatform-redis-1,12.04%,10.24MiB / 15.62GiB
15:12:50,courseregistrationplatform-grafana-1,0.07%,59.3MiB / 15.62GiB
15:12:50,courseregistrationplatform-prometheus-1,0.22%,56.82MiB / 15.62GiB
15:12:50,sugang-control-plane,13.82%,759.9MiB / 15.62GiB
15:12:50,sugang-worker,6.18%,956.8MiB / 15.62GiB
15:12:50,sugang-worker2,4.84%,1.251GiB / 15.62GiB
15:12:50,biostream_api,8.20%,216.1MiB / 15.62GiB
15:12:50,biostream_mcp,0.00%,0B / 0B
15:12:50,biostream_qdrant,0.34%,165.2MiB / 15.62GiB
15:12:50,biostream_db,3.16%,35.74MiB / 15.62GiB
15:12:58,courseregistrationplatform-k6-run-fcf3ac954823,120.75%,3.303GiB / 15.62GiB
15:12:58,courseregistrationplatform-backend_2-1,100.47%,275.2MiB / 15.62GiB
15:12:58,courseregistrationplatform-backend_1-1,39.25%,166.1MiB / 15.62GiB
15:12:58,courseregistrationplatform-frontend-1,0.00%,47.11MiB / 15.62GiB
15:12:58,courseregistrationplatform-worker_1-1,0.19%,34.51MiB / 15.62GiB
15:12:58,courseregistrationplatform-worker_2-1,0.01%,34.06MiB / 15.62GiB
15:12:58,courseregistrationplatform-nginx-1,8.85%,188.3MiB / 15.62GiB
15:12:58,courseregistrationplatform-ai-server-1,0.16%,119.7MiB / 15.62GiB
15:12:58,courseregistrationplatform-db-1,1.07%,438.6MiB / 15.62GiB
15:12:58,courseregistrationplatform-rabbitmq-1,0.76%,162.5MiB / 15.62GiB
15:12:58,courseregistrationplatform-redis-1,9.73%,9.996MiB / 15.62GiB
15:12:58,courseregistrationplatform-grafana-1,0.17%,59.3MiB / 15.62GiB
15:12:58,courseregistrationplatform-prometheus-1,0.10%,56.88MiB / 15.62GiB
15:12:58,sugang-control-plane,9.55%,759.2MiB / 15.62GiB
15:12:58,sugang-worker,4.91%,955.9MiB / 15.62GiB
15:12:58,sugang-worker2,3.62%,1.251GiB / 15.62GiB
15:12:58,biostream_api,7.79%,217.1MiB / 15.62GiB
15:12:58,biostream_mcp,0.00%,0B / 0B
15:12:58,biostream_qdrant,0.12%,165.2MiB / 15.62GiB
15:12:58,biostream_db,0.00%,35.74MiB / 15.62GiB
15:13:05,courseregistrationplatform-k6-run-fcf3ac954823,171.04%,3.303GiB / 15.62GiB
15:13:05,courseregistrationplatform-backend_2-1,99.44%,293MiB / 15.62GiB
15:13:05,courseregistrationplatform-backend_1-1,105.54%,148.5MiB / 15.62GiB
15:13:05,courseregistrationplatform-frontend-1,0.00%,47.11MiB / 15.62GiB
15:13:05,courseregistrationplatform-worker_1-1,0.26%,33.93MiB / 15.62GiB
15:13:05,courseregistrationplatform-worker_2-1,0.01%,34.45MiB / 15.62GiB
15:13:05,courseregistrationplatform-nginx-1,41.27%,187.2MiB / 15.62GiB
15:13:05,courseregistrationplatform-ai-server-1,0.22%,119.7MiB / 15.62GiB
15:13:05,courseregistrationplatform-db-1,1.05%,438.6MiB / 15.62GiB
15:13:05,courseregistrationplatform-rabbitmq-1,0.76%,162.2MiB / 15.62GiB
15:13:05,courseregistrationplatform-redis-1,11.99%,10.48MiB / 15.62GiB
15:13:05,courseregistrationplatform-grafana-1,0.08%,59.3MiB / 15.62GiB
15:13:05,courseregistrationplatform-prometheus-1,0.16%,56.88MiB / 15.62GiB
15:13:05,sugang-control-plane,12.76%,759.2MiB / 15.62GiB
15:13:05,sugang-worker,5.72%,955MiB / 15.62GiB
15:13:05,sugang-worker2,6.03%,1.25GiB / 15.62GiB
15:13:05,biostream_api,8.59%,217MiB / 15.62GiB
15:13:05,biostream_mcp,0.00%,0B / 0B
15:13:05,biostream_qdrant,0.25%,165.2MiB / 15.62GiB
15:13:05,biostream_db,0.01%,35.74MiB / 15.62GiB
15:13:12,courseregistrationplatform-k6-run-fcf3ac954823,136.40%,3.303GiB / 15.62GiB
15:13:12,courseregistrationplatform-backend_2-1,102.48%,341.3MiB / 15.62GiB
15:13:12,courseregistrationplatform-backend_1-1,96.15%,154.7MiB / 15.62GiB
15:13:12,courseregistrationplatform-frontend-1,0.00%,47.11MiB / 15.62GiB
15:13:12,courseregistrationplatform-worker_1-1,0.53%,34.24MiB / 15.62GiB
15:13:12,courseregistrationplatform-worker_2-1,0.29%,34.75MiB / 15.62GiB
15:13:12,courseregistrationplatform-nginx-1,17.26%,187.9MiB / 15.62GiB
15:13:12,courseregistrationplatform-ai-server-1,0.19%,119.7MiB / 15.62GiB
15:13:12,courseregistrationplatform-db-1,1.42%,438.6MiB / 15.62GiB
15:13:12,courseregistrationplatform-rabbitmq-1,0.44%,162.2MiB / 15.62GiB
15:13:12,courseregistrationplatform-redis-1,12.75%,10MiB / 15.62GiB
15:13:12,courseregistrationplatform-grafana-1,0.07%,59.3MiB / 15.62GiB
15:13:12,courseregistrationplatform-prometheus-1,0.11%,56.88MiB / 15.62GiB
15:13:12,sugang-control-plane,21.11%,758.9MiB / 15.62GiB
15:13:12,sugang-worker,4.35%,955.9MiB / 15.62GiB
15:13:12,sugang-worker2,4.39%,1.251GiB / 15.62GiB
15:13:12,biostream_api,7.64%,216.3MiB / 15.62GiB
15:13:12,biostream_mcp,0.00%,0B / 0B
15:13:12,biostream_qdrant,2.79%,165.2MiB / 15.62GiB
15:13:12,biostream_db,0.00%,35.74MiB / 15.62GiB
15:13:19,courseregistrationplatform-k6-run-fcf3ac954823,149.64%,3.303GiB / 15.62GiB
15:13:19,courseregistrationplatform-backend_2-1,106.99%,273.1MiB / 15.62GiB
15:13:19,courseregistrationplatform-backend_1-1,95.66%,167.5MiB / 15.62GiB
15:13:19,courseregistrationplatform-frontend-1,0.01%,47.09MiB / 15.62GiB
15:13:19,courseregistrationplatform-worker_1-1,8.16%,34.36MiB / 15.62GiB
15:13:19,courseregistrationplatform-worker_2-1,7.61%,34.56MiB / 15.62GiB
15:13:19,courseregistrationplatform-nginx-1,34.64%,180.2MiB / 15.62GiB
15:13:19,courseregistrationplatform-ai-server-1,0.21%,119.7MiB / 15.62GiB
15:13:19,courseregistrationplatform-db-1,8.86%,438.6MiB / 15.62GiB
15:13:19,courseregistrationplatform-rabbitmq-1,4.10%,162.4MiB / 15.62GiB
15:13:19,courseregistrationplatform-redis-1,11.23%,10.24MiB / 15.62GiB
15:13:19,courseregistrationplatform-grafana-1,0.07%,59.3MiB / 15.62GiB
15:13:19,courseregistrationplatform-prometheus-1,0.11%,56.88MiB / 15.62GiB
15:13:19,sugang-control-plane,21.13%,760MiB / 15.62GiB
15:13:19,sugang-worker,6.59%,964.2MiB / 15.62GiB
15:13:19,sugang-worker2,7.84%,1.252GiB / 15.62GiB
15:13:19,biostream_api,8.63%,217MiB / 15.62GiB
15:13:19,biostream_mcp,0.00%,0B / 0B
15:13:19,biostream_qdrant,0.28%,165.6MiB / 15.62GiB
15:13:19,biostream_db,0.00%,35.74MiB / 15.62GiB
15:13:26,courseregistrationplatform-k6-run-fcf3ac954823,156.35%,3.302GiB / 15.62GiB
15:13:26,courseregistrationplatform-backend_2-1,101.55%,265.6MiB / 15.62GiB
15:13:26,courseregistrationplatform-backend_1-1,101.60%,209.8MiB / 15.62GiB
15:13:26,courseregistrationplatform-frontend-1,0.00%,47.09MiB / 15.62GiB
15:13:26,courseregistrationplatform-worker_1-1,0.01%,34.81MiB / 15.62GiB
15:13:26,courseregistrationplatform-worker_2-1,0.01%,34.08MiB / 15.62GiB
15:13:26,courseregistrationplatform-nginx-1,28.92%,172.7MiB / 15.62GiB
15:13:26,courseregistrationplatform-ai-server-1,0.20%,119.7MiB / 15.62GiB
15:13:26,courseregistrationplatform-db-1,0.64%,438.6MiB / 15.62GiB
15:13:26,courseregistrationplatform-rabbitmq-1,0.46%,162.4MiB / 15.62GiB
15:13:26,courseregistrationplatform-redis-1,12.32%,9.992MiB / 15.62GiB
15:13:26,courseregistrationplatform-grafana-1,0.49%,59.3MiB / 15.62GiB
15:13:26,courseregistrationplatform-prometheus-1,0.08%,55.32MiB / 15.62GiB
15:13:26,sugang-control-plane,10.12%,759.8MiB / 15.62GiB
15:13:26,sugang-worker,4.29%,964.5MiB / 15.62GiB
15:13:26,sugang-worker2,3.88%,1.252GiB / 15.62GiB
15:13:26,biostream_api,8.30%,216.8MiB / 15.62GiB
15:13:26,biostream_mcp,0.00%,0B / 0B
15:13:26,biostream_qdrant,0.14%,165.2MiB / 15.62GiB
15:13:26,biostream_db,0.00%,35.74MiB / 15.62GiB
15:13:33,courseregistrationplatform-k6-run-fcf3ac954823,150.94%,3.327GiB / 15.62GiB
15:13:33,courseregistrationplatform-backend_2-1,101.56%,269.1MiB / 15.62GiB
15:13:33,courseregistrationplatform-backend_1-1,103.39%,214.2MiB / 15.62GiB
15:13:33,courseregistrationplatform-frontend-1,0.00%,47.07MiB / 15.62GiB
15:13:33,courseregistrationplatform-worker_1-1,0.02%,34.24MiB / 15.62GiB
15:13:33,courseregistrationplatform-worker_2-1,0.01%,34.46MiB / 15.62GiB
15:13:33,courseregistrationplatform-nginx-1,22.74%,178.3MiB / 15.62GiB
15:13:33,courseregistrationplatform-ai-server-1,0.19%,119.7MiB / 15.62GiB
15:13:33,courseregistrationplatform-db-1,1.16%,438.5MiB / 15.62GiB
15:13:33,courseregistrationplatform-rabbitmq-1,0.64%,162.5MiB / 15.62GiB
15:13:33,courseregistrationplatform-redis-1,12.79%,10MiB / 15.62GiB
15:13:33,courseregistrationplatform-grafana-1,0.14%,59.29MiB / 15.62GiB
15:13:33,courseregistrationplatform-prometheus-1,0.09%,55.32MiB / 15.62GiB
15:13:33,sugang-control-plane,14.53%,758.2MiB / 15.62GiB
15:13:33,sugang-worker,8.27%,963.8MiB / 15.62GiB
15:13:33,sugang-worker2,8.14%,1.251GiB / 15.62GiB
15:13:33,biostream_api,8.69%,216.5MiB / 15.62GiB
15:13:33,biostream_mcp,0.00%,0B / 0B
15:13:33,biostream_qdrant,0.12%,165.2MiB / 15.62GiB
15:13:33,biostream_db,0.00%,35.74MiB / 15.62GiB
15:13:41,courseregistrationplatform-k6-run-fcf3ac954823,130.08%,3.327GiB / 15.62GiB
15:13:41,courseregistrationplatform-backend_2-1,91.05%,214.6MiB / 15.62GiB
15:13:41,courseregistrationplatform-backend_1-1,97.80%,266.6MiB / 15.62GiB
15:13:41,courseregistrationplatform-frontend-1,0.00%,47.07MiB / 15.62GiB
15:13:41,courseregistrationplatform-worker_1-1,0.01%,34.83MiB / 15.62GiB
15:13:41,courseregistrationplatform-worker_2-1,0.01%,34.18MiB / 15.62GiB
15:13:41,courseregistrationplatform-nginx-1,23.47%,177.9MiB / 15.62GiB
15:13:41,courseregistrationplatform-ai-server-1,0.21%,119.7MiB / 15.62GiB
15:13:41,courseregistrationplatform-db-1,1.91%,438.6MiB / 15.62GiB
15:13:41,courseregistrationplatform-rabbitmq-1,0.47%,163.2MiB / 15.62GiB
15:13:41,courseregistrationplatform-redis-1,11.65%,10.23MiB / 15.62GiB
15:13:41,courseregistrationplatform-grafana-1,0.04%,61.53MiB / 15.62GiB
15:13:41,courseregistrationplatform-prometheus-1,0.84%,55.32MiB / 15.62GiB
15:13:41,sugang-control-plane,11.11%,759MiB / 15.62GiB
15:13:41,sugang-worker,2.95%,964.2MiB / 15.62GiB
15:13:41,sugang-worker2,3.36%,1.252GiB / 15.62GiB
15:13:41,biostream_api,6.89%,215.8MiB / 15.62GiB
15:13:41,biostream_mcp,0.00%,0B / 0B
15:13:41,biostream_qdrant,0.12%,165.2MiB / 15.62GiB
15:13:41,biostream_db,3.38%,35.89MiB / 15.62GiB
15:13:49,courseregistrationplatform-k6-run-fcf3ac954823,136.11%,3.327GiB / 15.62GiB
15:13:49,courseregistrationplatform-backend_2-1,79.65%,121.8MiB / 15.62GiB
15:13:49,courseregistrationplatform-backend_1-1,101.47%,278.4MiB / 15.62GiB
15:13:49,courseregistrationplatform-frontend-1,0.01%,47.07MiB / 15.62GiB
15:13:49,courseregistrationplatform-worker_1-1,0.26%,34.86MiB / 15.62GiB
15:13:49,courseregistrationplatform-worker_2-1,0.01%,34.38MiB / 15.62GiB
15:13:49,courseregistrationplatform-nginx-1,16.49%,185.2MiB / 15.62GiB
15:13:49,courseregistrationplatform-ai-server-1,0.23%,119.7MiB / 15.62GiB
15:13:49,courseregistrationplatform-db-1,1.60%,438.6MiB / 15.62GiB
15:13:49,courseregistrationplatform-rabbitmq-1,0.51%,162.8MiB / 15.62GiB
15:13:49,courseregistrationplatform-redis-1,11.87%,9.996MiB / 15.62GiB
15:13:49,courseregistrationplatform-grafana-1,0.07%,61.54MiB / 15.62GiB
15:13:49,courseregistrationplatform-prometheus-1,0.12%,55.32MiB / 15.62GiB
15:13:49,sugang-control-plane,15.79%,759.6MiB / 15.62GiB
15:13:49,sugang-worker,3.01%,972.3MiB / 15.62GiB
15:13:49,sugang-worker2,4.84%,1.251GiB / 15.62GiB
15:13:49,biostream_api,8.34%,216.8MiB / 15.62GiB
15:13:49,biostream_mcp,0.00%,0B / 0B
15:13:49,biostream_qdrant,0.12%,165.2MiB / 15.62GiB
15:13:49,biostream_db,0.00%,35.74MiB / 15.62GiB
15:13:56,courseregistrationplatform-k6-run-fcf3ac954823,177.71%,3.327GiB / 15.62GiB
15:13:56,courseregistrationplatform-backend_2-1,96.28%,131MiB / 15.62GiB
15:13:56,courseregistrationplatform-backend_1-1,95.31%,293.3MiB / 15.62GiB
15:13:56,courseregistrationplatform-frontend-1,0.00%,47.07MiB / 15.62GiB
15:13:56,courseregistrationplatform-worker_1-1,0.01%,34.35MiB / 15.62GiB
15:13:56,courseregistrationplatform-worker_2-1,0.20%,33.98MiB / 15.62GiB
15:13:56,courseregistrationplatform-nginx-1,41.74%,185.9MiB / 15.62GiB
15:13:56,courseregistrationplatform-ai-server-1,0.22%,119.7MiB / 15.62GiB
15:13:56,courseregistrationplatform-db-1,1.24%,438.6MiB / 15.62GiB
15:13:56,courseregistrationplatform-rabbitmq-1,0.63%,162.6MiB / 15.62GiB
15:13:56,courseregistrationplatform-redis-1,9.43%,10.49MiB / 15.62GiB
15:13:56,courseregistrationplatform-grafana-1,0.10%,61.54MiB / 15.62GiB
15:13:56,courseregistrationplatform-prometheus-1,0.67%,55.66MiB / 15.62GiB
15:13:56,sugang-control-plane,13.12%,758.4MiB / 15.62GiB
15:13:56,sugang-worker,3.59%,972.9MiB / 15.62GiB
15:13:56,sugang-worker2,4.02%,1.253GiB / 15.62GiB
15:13:56,biostream_api,8.62%,216.5MiB / 15.62GiB
15:13:56,biostream_mcp,0.00%,0B / 0B
15:13:56,biostream_qdrant,0.10%,165.2MiB / 15.62GiB
15:13:56,biostream_db,3.30%,35.74MiB / 15.62GiB
15:14:03,courseregistrationplatform-k6-run-fcf3ac954823,180.90%,3.327GiB / 15.62GiB
15:14:03,courseregistrationplatform-backend_2-1,96.52%,140.4MiB / 15.62GiB
15:14:03,courseregistrationplatform-backend_1-1,94.59%,294.3MiB / 15.62GiB
15:14:03,courseregistrationplatform-frontend-1,0.00%,47.07MiB / 15.62GiB
15:14:03,courseregistrationplatform-worker_1-1,0.37%,34.41MiB / 15.62GiB
15:14:03,courseregistrationplatform-worker_2-1,0.21%,34.84MiB / 15.62GiB
15:14:03,courseregistrationplatform-nginx-1,42.89%,184.9MiB / 15.62GiB
15:14:03,courseregistrationplatform-ai-server-1,0.17%,119.7MiB / 15.62GiB
15:14:03,courseregistrationplatform-db-1,0.95%,439.3MiB / 15.62GiB
15:14:03,courseregistrationplatform-rabbitmq-1,0.81%,163MiB / 15.62GiB
15:14:03,courseregistrationplatform-redis-1,9.40%,10MiB / 15.62GiB
15:14:03,courseregistrationplatform-grafana-1,0.04%,61.54MiB / 15.62GiB
15:14:03,courseregistrationplatform-prometheus-1,0.09%,55.6MiB / 15.62GiB
15:14:03,sugang-control-plane,8.01%,758.5MiB / 15.62GiB
15:14:03,sugang-worker,9.67%,972.3MiB / 15.62GiB
15:14:03,sugang-worker2,8.23%,1.255GiB / 15.62GiB
15:14:03,biostream_api,8.53%,216.3MiB / 15.62GiB
15:14:03,biostream_mcp,0.00%,0B / 0B
15:14:03,biostream_qdrant,0.12%,165.2MiB / 15.62GiB
15:14:03,biostream_db,0.00%,35.74MiB / 15.62GiB
15:14:10,courseregistrationplatform-k6-run-fcf3ac954823,153.56%,3.327GiB / 15.62GiB
15:14:10,courseregistrationplatform-backend_2-1,81.21%,168.5MiB / 15.62GiB
15:14:10,courseregistrationplatform-backend_1-1,98.32%,352.8MiB / 15.62GiB
15:14:10,courseregistrationplatform-frontend-1,0.00%,47.04MiB / 15.62GiB
15:14:10,courseregistrationplatform-worker_1-1,0.01%,34.11MiB / 15.62GiB
15:14:10,courseregistrationplatform-worker_2-1,0.26%,34.67MiB / 15.62GiB
15:14:10,courseregistrationplatform-nginx-1,28.32%,181.3MiB / 15.62GiB
15:14:10,courseregistrationplatform-ai-server-1,0.19%,119.5MiB / 15.62GiB
15:14:10,courseregistrationplatform-db-1,1.43%,438.4MiB / 15.62GiB
15:14:10,courseregistrationplatform-rabbitmq-1,0.44%,162.8MiB / 15.62GiB
15:14:10,courseregistrationplatform-redis-1,10.48%,10.23MiB / 15.62GiB
15:14:10,courseregistrationplatform-grafana-1,0.05%,61.54MiB / 15.62GiB
15:14:10,courseregistrationplatform-prometheus-1,0.16%,55.57MiB / 15.62GiB
15:14:10,sugang-control-plane,20.29%,759.9MiB / 15.62GiB
15:14:10,sugang-worker,6.47%,971.9MiB / 15.62GiB
15:14:10,sugang-worker2,8.28%,1.255GiB / 15.62GiB
15:14:10,biostream_api,8.23%,216.1MiB / 15.62GiB
15:14:10,biostream_mcp,0.00%,0B / 0B
15:14:10,biostream_qdrant,0.14%,165.3MiB / 15.62GiB
15:14:10,biostream_db,0.00%,35.72MiB / 15.62GiB
15:14:16,courseregistrationplatform-k6-run-fcf3ac954823,143.09%,3.327GiB / 15.62GiB
15:14:16,courseregistrationplatform-backend_2-1,89.41%,156.2MiB / 15.62GiB
15:14:16,courseregistrationplatform-backend_1-1,99.91%,321.9MiB / 15.62GiB
15:14:16,courseregistrationplatform-frontend-1,0.00%,47.03MiB / 15.62GiB
15:14:16,courseregistrationplatform-worker_1-1,0.41%,34.59MiB / 15.62GiB
15:14:16,courseregistrationplatform-worker_2-1,0.25%,34.35MiB / 15.62GiB
15:14:16,courseregistrationplatform-nginx-1,21.29%,182.1MiB / 15.62GiB
15:14:16,courseregistrationplatform-ai-server-1,0.20%,119.6MiB / 15.62GiB
15:14:16,courseregistrationplatform-db-1,2.08%,438.6MiB / 15.62GiB
15:14:16,courseregistrationplatform-rabbitmq-1,0.80%,162.8MiB / 15.62GiB
15:14:16,courseregistrationplatform-redis-1,11.72%,10MiB / 15.62GiB
15:14:16,courseregistrationplatform-grafana-1,0.66%,61.76MiB / 15.62GiB
15:14:16,courseregistrationplatform-prometheus-1,0.14%,55.59MiB / 15.62GiB
15:14:16,sugang-control-plane,13.08%,758.9MiB / 15.62GiB
15:14:16,sugang-worker,4.81%,972.5MiB / 15.62GiB
15:14:16,sugang-worker2,4.85%,1.256GiB / 15.62GiB
15:14:16,biostream_api,6.08%,217.2MiB / 15.62GiB
15:14:16,biostream_mcp,0.00%,0B / 0B
15:14:16,biostream_qdrant,0.12%,165.3MiB / 15.62GiB
15:14:16,biostream_db,3.44%,35.74MiB / 15.62GiB
15:14:23,courseregistrationplatform-k6-run-fcf3ac954823,168.44%,3.326GiB / 15.62GiB
15:14:23,courseregistrationplatform-backend_2-1,82.66%,150.2MiB / 15.62GiB
15:14:23,courseregistrationplatform-backend_1-1,91.56%,322.9MiB / 15.62GiB
15:14:23,courseregistrationplatform-frontend-1,0.00%,47.03MiB / 15.62GiB
15:14:23,courseregistrationplatform-worker_1-1,0.49%,34.8MiB / 15.62GiB
15:14:23,courseregistrationplatform-worker_2-1,0.49%,34MiB / 15.62GiB
15:14:23,courseregistrationplatform-nginx-1,34.95%,181.8MiB / 15.62GiB
15:14:23,courseregistrationplatform-ai-server-1,0.19%,119.6MiB / 15.62GiB
15:14:23,courseregistrationplatform-db-1,6.39%,438.7MiB / 15.62GiB
15:14:23,courseregistrationplatform-rabbitmq-1,1.17%,163MiB / 15.62GiB
15:14:23,courseregistrationplatform-redis-1,9.80%,10.01MiB / 15.62GiB
15:14:23,courseregistrationplatform-grafana-1,0.07%,61.52MiB / 15.62GiB
15:14:23,courseregistrationplatform-prometheus-1,0.13%,56.22MiB / 15.62GiB
15:14:23,sugang-control-plane,13.86%,759.2MiB / 15.62GiB
15:14:23,sugang-worker,3.85%,972.6MiB / 15.62GiB
15:14:23,sugang-worker2,3.43%,1.256GiB / 15.62GiB
15:14:23,biostream_api,8.67%,217MiB / 15.62GiB
15:14:23,biostream_mcp,0.00%,0B / 0B
15:14:23,biostream_qdrant,0.15%,165.3MiB / 15.62GiB
15:14:23,biostream_db,0.00%,35.74MiB / 15.62GiB
15:14:30,courseregistrationplatform-k6-run-fcf3ac954823,177.29%,3.327GiB / 15.62GiB
15:14:30,courseregistrationplatform-backend_2-1,97.17%,140.9MiB / 15.62GiB
15:14:30,courseregistrationplatform-backend_1-1,91.98%,311.6MiB / 15.62GiB
15:14:30,courseregistrationplatform-frontend-1,0.00%,47.03MiB / 15.62GiB
15:14:30,courseregistrationplatform-worker_1-1,0.25%,33.94MiB / 15.62GiB
15:14:30,courseregistrationplatform-worker_2-1,0.01%,34.38MiB / 15.62GiB
15:14:30,courseregistrationplatform-nginx-1,42.92%,184.7MiB / 15.62GiB
15:14:30,courseregistrationplatform-ai-server-1,0.21%,119.6MiB / 15.62GiB
15:14:30,courseregistrationplatform-db-1,1.20%,438.6MiB / 15.62GiB
15:14:30,courseregistrationplatform-rabbitmq-1,0.35%,162.8MiB / 15.62GiB
15:14:30,courseregistrationplatform-redis-1,9.56%,10.01MiB / 15.62GiB
15:14:30,courseregistrationplatform-grafana-1,0.05%,61.52MiB / 15.62GiB
15:14:30,courseregistrationplatform-prometheus-1,0.11%,56.23MiB / 15.62GiB
15:14:30,sugang-control-plane,17.84%,759.2MiB / 15.62GiB
15:14:30,sugang-worker,8.86%,980.4MiB / 15.62GiB
15:14:30,sugang-worker2,10.19%,1.257GiB / 15.62GiB
15:14:30,biostream_api,8.36%,217.2MiB / 15.62GiB
15:14:30,biostream_mcp,0.00%,0B / 0B
15:14:30,biostream_qdrant,0.27%,165.3MiB / 15.62GiB
15:14:30,biostream_db,0.00%,35.74MiB / 15.62GiB
15:14:37,courseregistrationplatform-k6-run-fcf3ac954823,111.18%,3.326GiB / 15.62GiB
15:14:37,courseregistrationplatform-backend_2-1,36.81%,140.7MiB / 15.62GiB
15:14:37,courseregistrationplatform-backend_1-1,101.70%,305MiB / 15.62GiB
15:14:37,courseregistrationplatform-frontend-1,0.00%,47.01MiB / 15.62GiB
15:14:37,courseregistrationplatform-worker_1-1,0.25%,34.32MiB / 15.62GiB
15:14:37,courseregistrationplatform-worker_2-1,0.18%,34.77MiB / 15.62GiB
15:14:37,courseregistrationplatform-nginx-1,7.63%,187.1MiB / 15.62GiB
15:14:37,courseregistrationplatform-ai-server-1,0.17%,119.6MiB / 15.62GiB
15:14:37,courseregistrationplatform-db-1,1.68%,438.5MiB / 15.62GiB
15:14:37,courseregistrationplatform-rabbitmq-1,0.58%,162.8MiB / 15.62GiB
15:14:37,courseregistrationplatform-redis-1,10.01%,9.766MiB / 15.62GiB
15:14:37,courseregistrationplatform-grafana-1,0.52%,61.53MiB / 15.62GiB
15:14:37,courseregistrationplatform-prometheus-1,0.10%,56.85MiB / 15.62GiB
15:14:37,sugang-control-plane,12.32%,760.1MiB / 15.62GiB
15:14:37,sugang-worker,4.40%,980.1MiB / 15.62GiB
15:14:37,sugang-worker2,6.07%,1.256GiB / 15.62GiB
15:14:37,biostream_api,8.05%,216.9MiB / 15.62GiB
15:14:37,biostream_mcp,0.00%,0B / 0B
15:14:37,biostream_qdrant,0.12%,166MiB / 15.62GiB
15:14:37,biostream_db,3.77%,35.74MiB / 15.62GiB
15:14:44,courseregistrationplatform-k6-run-fcf3ac954823,148.43%,3.325GiB / 15.62GiB
15:14:44,courseregistrationplatform-backend_2-1,101.12%,171.7MiB / 15.62GiB
15:14:44,courseregistrationplatform-backend_1-1,104.88%,345.5MiB / 15.62GiB
15:14:44,courseregistrationplatform-frontend-1,0.00%,47.01MiB / 15.62GiB
15:14:44,courseregistrationplatform-worker_1-1,0.02%,34.78MiB / 15.62GiB
15:14:44,courseregistrationplatform-worker_2-1,0.02%,34.34MiB / 15.62GiB
15:14:44,courseregistrationplatform-nginx-1,22.73%,179.4MiB / 15.62GiB
15:14:44,courseregistrationplatform-ai-server-1,0.24%,119.6MiB / 15.62GiB
15:14:44,courseregistrationplatform-db-1,5.08%,438.5MiB / 15.62GiB
15:14:44,courseregistrationplatform-rabbitmq-1,0.75%,162.7MiB / 15.62GiB
15:14:44,courseregistrationplatform-redis-1,13.44%,9.773MiB / 15.62GiB
15:14:44,courseregistrationplatform-grafana-1,0.07%,61.53MiB / 15.62GiB
15:14:44,courseregistrationplatform-prometheus-1,0.23%,57.48MiB / 15.62GiB
15:14:44,sugang-control-plane,12.58%,760.2MiB / 15.62GiB
15:14:44,sugang-worker,2.96%,980.2MiB / 15.62GiB
15:14:44,sugang-worker2,4.03%,1.256GiB / 15.62GiB
15:14:44,biostream_api,8.84%,216.7MiB / 15.62GiB
15:14:44,biostream_mcp,0.00%,0B / 0B
15:14:44,biostream_qdrant,0.14%,166MiB / 15.62GiB
15:14:44,biostream_db,0.00%,35.74MiB / 15.62GiB
15:14:51,courseregistrationplatform-k6-run-fcf3ac954823,132.20%,3.326GiB / 15.62GiB
15:14:51,courseregistrationplatform-backend_2-1,98.66%,157MiB / 15.62GiB
15:14:51,courseregistrationplatform-backend_1-1,101.29%,305MiB / 15.62GiB
15:14:51,courseregistrationplatform-frontend-1,0.00%,47.01MiB / 15.62GiB
15:14:51,courseregistrationplatform-worker_1-1,0.56%,34.2MiB / 15.62GiB
15:14:51,courseregistrationplatform-worker_2-1,0.41%,34.57MiB / 15.62GiB
15:14:51,courseregistrationplatform-nginx-1,16.67%,177.4MiB / 15.62GiB
15:14:51,courseregistrationplatform-ai-server-1,0.20%,119.6MiB / 15.62GiB
15:14:51,courseregistrationplatform-db-1,1.42%,438.8MiB / 15.62GiB
15:14:51,courseregistrationplatform-rabbitmq-1,0.73%,162.8MiB / 15.62GiB
15:14:51,courseregistrationplatform-redis-1,13.10%,10.26MiB / 15.62GiB
15:14:51,courseregistrationplatform-grafana-1,0.06%,61.52MiB / 15.62GiB
15:14:51,courseregistrationplatform-prometheus-1,1.04%,57.77MiB / 15.62GiB
15:14:51,sugang-control-plane,15.74%,761.9MiB / 15.62GiB
15:14:51,sugang-worker,6.27%,980.3MiB / 15.62GiB
15:14:51,sugang-worker2,5.90%,1.257GiB / 15.62GiB
15:14:51,biostream_api,8.69%,216.2MiB / 15.62GiB
15:14:51,biostream_mcp,0.00%,0B / 0B
15:14:51,biostream_qdrant,0.14%,166MiB / 15.62GiB
15:14:51,biostream_db,0.00%,35.74MiB / 15.62GiB
15:14:58,courseregistrationplatform-k6-run-fcf3ac954823,145.26%,3.327GiB / 15.62GiB
15:14:58,courseregistrationplatform-backend_2-1,96.65%,160.6MiB / 15.62GiB
15:14:58,courseregistrationplatform-backend_1-1,101.69%,313.3MiB / 15.62GiB
15:14:58,courseregistrationplatform-frontend-1,0.00%,47.01MiB / 15.62GiB
15:14:58,courseregistrationplatform-worker_1-1,0.01%,34.43MiB / 15.62GiB
15:14:58,courseregistrationplatform-worker_2-1,0.26%,34.17MiB / 15.62GiB
15:14:58,courseregistrationplatform-nginx-1,17.10%,175.6MiB / 15.62GiB
15:14:58,courseregistrationplatform-ai-server-1,0.18%,119.6MiB / 15.62GiB
15:14:58,courseregistrationplatform-db-1,1.16%,438.5MiB / 15.62GiB
15:14:58,courseregistrationplatform-rabbitmq-1,0.44%,162.8MiB / 15.62GiB
15:14:58,courseregistrationplatform-redis-1,12.77%,10.02MiB / 15.62GiB
15:14:58,courseregistrationplatform-grafana-1,0.06%,61.52MiB / 15.62GiB
15:14:58,courseregistrationplatform-prometheus-1,0.16%,57.52MiB / 15.62GiB
15:14:58,sugang-control-plane,14.88%,759.8MiB / 15.62GiB
15:14:58,sugang-worker,2.46%,980.3MiB / 15.62GiB
15:14:58,sugang-worker2,4.34%,1.257GiB / 15.62GiB
15:14:58,biostream_api,8.28%,216.4MiB / 15.62GiB
15:14:58,biostream_mcp,0.00%,0B / 0B
15:14:58,biostream_qdrant,0.12%,166MiB / 15.62GiB
15:14:58,biostream_db,0.00%,35.74MiB / 15.62GiB
15:15:05,courseregistrationplatform-k6-run-fcf3ac954823,140.32%,3.326GiB / 15.62GiB
15:15:05,courseregistrationplatform-backend_2-1,97.62%,157.5MiB / 15.62GiB
15:15:05,courseregistrationplatform-backend_1-1,100.29%,288.3MiB / 15.62GiB
15:15:05,courseregistrationplatform-frontend-1,0.00%,47.01MiB / 15.62GiB
15:15:05,courseregistrationplatform-worker_1-1,0.22%,34.01MiB / 15.62GiB
15:15:05,courseregistrationplatform-worker_2-1,0.32%,33.89MiB / 15.62GiB
15:15:05,courseregistrationplatform-nginx-1,18.61%,174.3MiB / 15.62GiB
15:15:05,courseregistrationplatform-ai-server-1,0.22%,119.6MiB / 15.62GiB
15:15:05,courseregistrationplatform-db-1,1.31%,438.5MiB / 15.62GiB
15:15:05,courseregistrationplatform-rabbitmq-1,0.42%,162.8MiB / 15.62GiB
15:15:05,courseregistrationplatform-redis-1,12.02%,10.5MiB / 15.62GiB
15:15:05,courseregistrationplatform-grafana-1,0.05%,61.52MiB / 15.62GiB
15:15:05,courseregistrationplatform-prometheus-1,0.77%,57.54MiB / 15.62GiB
15:15:05,sugang-control-plane,15.30%,760.1MiB / 15.62GiB
15:15:05,sugang-worker,2.80%,980.6MiB / 15.62GiB
15:15:05,sugang-worker2,3.78%,1.256GiB / 15.62GiB
15:15:05,biostream_api,6.14%,216.7MiB / 15.62GiB
15:15:05,biostream_mcp,0.00%,0B / 0B
15:15:05,biostream_qdrant,0.29%,166MiB / 15.62GiB
15:15:05,biostream_db,0.00%,35.74MiB / 15.62GiB
15:15:13,courseregistrationplatform-k6-run-fcf3ac954823,166.30%,3.326GiB / 15.62GiB
15:15:13,courseregistrationplatform-backend_2-1,89.13%,162.5MiB / 15.62GiB
15:15:13,courseregistrationplatform-backend_1-1,107.46%,290.9MiB / 15.62GiB
15:15:13,courseregistrationplatform-frontend-1,0.00%,47.01MiB / 15.62GiB
15:15:13,courseregistrationplatform-worker_1-1,0.28%,34.62MiB / 15.62GiB
15:15:13,courseregistrationplatform-worker_2-1,0.24%,34.5MiB / 15.62GiB
15:15:13,courseregistrationplatform-nginx-1,37.00%,173.1MiB / 15.62GiB
15:15:13,courseregistrationplatform-ai-server-1,0.20%,119.6MiB / 15.62GiB
15:15:13,courseregistrationplatform-db-1,5.30%,439.1MiB / 15.62GiB
15:15:13,courseregistrationplatform-rabbitmq-1,1.25%,162.8MiB / 15.62GiB
15:15:13,courseregistrationplatform-redis-1,10.12%,10.02MiB / 15.62GiB
15:15:13,courseregistrationplatform-grafana-1,0.10%,61.52MiB / 15.62GiB
15:15:13,courseregistrationplatform-prometheus-1,0.00%,57.53MiB / 15.62GiB
15:15:13,sugang-control-plane,12.28%,760.6MiB / 15.62GiB
15:15:13,sugang-worker,2.71%,980.3MiB / 15.62GiB
15:15:13,sugang-worker2,5.18%,1.264GiB / 15.62GiB
15:15:13,biostream_api,8.85%,216MiB / 15.62GiB
15:15:13,biostream_mcp,0.00%,0B / 0B
15:15:13,biostream_qdrant,0.18%,166MiB / 15.62GiB
15:15:13,biostream_db,0.00%,35.74MiB / 15.62GiB
15:15:20,courseregistrationplatform-k6-run-fcf3ac954823,159.44%,3.326GiB / 15.62GiB
15:15:20,courseregistrationplatform-backend_2-1,100.63%,169MiB / 15.62GiB
15:15:20,courseregistrationplatform-backend_1-1,94.01%,275.5MiB / 15.62GiB
15:15:20,courseregistrationplatform-frontend-1,0.00%,47.02MiB / 15.62GiB
15:15:20,courseregistrationplatform-worker_1-1,0.02%,34.33MiB / 15.62GiB
15:15:20,courseregistrationplatform-worker_2-1,0.01%,33.95MiB / 15.62GiB
15:15:20,courseregistrationplatform-nginx-1,31.03%,166.2MiB / 15.62GiB
15:15:20,courseregistrationplatform-ai-server-1,0.22%,119.6MiB / 15.62GiB
15:15:20,courseregistrationplatform-db-1,0.91%,438.8MiB / 15.62GiB
15:15:20,courseregistrationplatform-rabbitmq-1,0.27%,162.8MiB / 15.62GiB
15:15:20,courseregistrationplatform-redis-1,10.97%,9.77MiB / 15.62GiB
15:15:20,courseregistrationplatform-grafana-1,0.07%,61.52MiB / 15.62GiB
15:15:20,courseregistrationplatform-prometheus-1,0.76%,57.54MiB / 15.62GiB
15:15:20,sugang-control-plane,15.92%,761.5MiB / 15.62GiB
15:15:20,sugang-worker,7.84%,980.6MiB / 15.62GiB
15:15:20,sugang-worker2,7.90%,1.264GiB / 15.62GiB
15:15:20,biostream_api,9.16%,216.5MiB / 15.62GiB
15:15:20,biostream_mcp,0.00%,0B / 0B
15:15:20,biostream_qdrant,0.36%,166MiB / 15.62GiB
15:15:20,biostream_db,0.00%,35.74MiB / 15.62GiB
15:15:27,courseregistrationplatform-k6-run-fcf3ac954823,169.02%,3.326GiB / 15.62GiB
15:15:27,courseregistrationplatform-backend_2-1,97.84%,174.5MiB / 15.62GiB
15:15:27,courseregistrationplatform-backend_1-1,102.70%,326.1MiB / 15.62GiB
15:15:27,courseregistrationplatform-frontend-1,0.00%,47.02MiB / 15.62GiB
15:15:27,courseregistrationplatform-worker_1-1,0.01%,34.41MiB / 15.62GiB
15:15:27,courseregistrationplatform-worker_2-1,0.20%,34.02MiB / 15.62GiB
15:15:27,courseregistrationplatform-nginx-1,37.32%,163.9MiB / 15.62GiB
15:15:27,courseregistrationplatform-ai-server-1,0.23%,119.6MiB / 15.62GiB
15:15:27,courseregistrationplatform-db-1,1.20%,438.5MiB / 15.62GiB
15:15:27,courseregistrationplatform-rabbitmq-1,0.39%,163MiB / 15.62GiB
15:15:27,courseregistrationplatform-redis-1,11.09%,10.51MiB / 15.62GiB
15:15:27,courseregistrationplatform-grafana-1,0.16%,61.52MiB / 15.62GiB
15:15:27,courseregistrationplatform-prometheus-1,0.12%,57.53MiB / 15.62GiB
15:15:27,sugang-control-plane,13.90%,760.4MiB / 15.62GiB
15:15:27,sugang-worker,3.13%,980.6MiB / 15.62GiB
15:15:27,sugang-worker2,3.74%,1.264GiB / 15.62GiB
15:15:27,biostream_api,8.64%,217.2MiB / 15.62GiB
15:15:27,biostream_mcp,0.00%,0B / 0B
15:15:27,biostream_qdrant,0.14%,166MiB / 15.62GiB
15:15:27,biostream_db,0.01%,35.74MiB / 15.62GiB
15:15:35,courseregistrationplatform-k6-run-fcf3ac954823,135.50%,3.325GiB / 15.62GiB
15:15:35,courseregistrationplatform-backend_2-1,98.23%,178.6MiB / 15.62GiB
15:15:35,courseregistrationplatform-backend_1-1,101.44%,278.9MiB / 15.62GiB
15:15:35,courseregistrationplatform-frontend-1,0.00%,46.92MiB / 15.62GiB
15:15:35,courseregistrationplatform-worker_1-1,1.51%,34.38MiB / 15.62GiB
15:15:35,courseregistrationplatform-worker_2-1,0.72%,34.7MiB / 15.62GiB
15:15:35,courseregistrationplatform-nginx-1,20.41%,167.2MiB / 15.62GiB
15:15:35,courseregistrationplatform-ai-server-1,0.23%,119.6MiB / 15.62GiB
15:15:35,courseregistrationplatform-db-1,1.43%,438.5MiB / 15.62GiB
15:15:35,courseregistrationplatform-rabbitmq-1,0.63%,162.8MiB / 15.62GiB
15:15:35,courseregistrationplatform-redis-1,12.43%,10.02MiB / 15.62GiB
15:15:35,courseregistrationplatform-grafana-1,0.09%,61.46MiB / 15.62GiB
15:15:35,courseregistrationplatform-prometheus-1,0.95%,57.5MiB / 15.62GiB
15:15:35,sugang-control-plane,13.00%,760.1MiB / 15.62GiB
15:15:35,sugang-worker,3.56%,979.8MiB / 15.62GiB
15:15:35,sugang-worker2,4.65%,1.263GiB / 15.62GiB
15:15:35,biostream_api,7.99%,216.9MiB / 15.62GiB
15:15:35,biostream_qdrant,0.12%,165.4MiB / 15.62GiB
15:15:35,biostream_db,0.00%,35.69MiB / 15.62GiB
15:15:43,courseregistrationplatform-k6-run-fcf3ac954823,151.63%,3.325GiB / 15.62GiB
15:15:43,courseregistrationplatform-backend_2-1,106.33%,173.4MiB / 15.62GiB
15:15:43,courseregistrationplatform-backend_1-1,102.13%,263.8MiB / 15.62GiB
15:15:43,courseregistrationplatform-frontend-1,0.00%,46.92MiB / 15.62GiB
15:15:43,courseregistrationplatform-worker_1-1,0.19%,34.29MiB / 15.62GiB
15:15:43,courseregistrationplatform-worker_2-1,0.01%,34.24MiB / 15.62GiB
15:15:43,courseregistrationplatform-nginx-1,25.06%,169MiB / 15.62GiB
15:15:43,courseregistrationplatform-ai-server-1,0.21%,119.6MiB / 15.62GiB
15:15:43,courseregistrationplatform-db-1,1.23%,438.6MiB / 15.62GiB
15:15:43,courseregistrationplatform-rabbitmq-1,0.84%,163MiB / 15.62GiB
15:15:43,courseregistrationplatform-redis-1,12.91%,10.52MiB / 15.62GiB
15:15:43,courseregistrationplatform-grafana-1,0.06%,61.46MiB / 15.62GiB
15:15:43,courseregistrationplatform-prometheus-1,0.10%,57.74MiB / 15.62GiB
15:15:43,sugang-control-plane,8.96%,761.4MiB / 15.62GiB
15:15:43,sugang-worker,2.55%,979.2MiB / 15.62GiB
15:15:43,sugang-worker2,4.78%,1.264GiB / 15.62GiB
15:15:43,biostream_api,8.59%,217.1MiB / 15.62GiB
15:15:43,biostream_mcp,0.00%,0B / 0B
15:15:43,biostream_qdrant,3.18%,165.7MiB / 15.62GiB
15:15:43,biostream_db,3.01%,35.74MiB / 15.62GiB
15:15:50,courseregistrationplatform-k6-run-fcf3ac954823,165.15%,3.325GiB / 15.62GiB
15:15:50,courseregistrationplatform-backend_2-1,100.32%,171.2MiB / 15.62GiB
15:15:50,courseregistrationplatform-backend_1-1,93.40%,262.8MiB / 15.62GiB
15:15:50,courseregistrationplatform-frontend-1,0.01%,46.92MiB / 15.62GiB
15:15:50,courseregistrationplatform-worker_1-1,0.21%,34.9MiB / 15.62GiB
15:15:50,courseregistrationplatform-worker_2-1,0.02%,34.13MiB / 15.62GiB
15:15:50,courseregistrationplatform-nginx-1,35.95%,165.3MiB / 15.62GiB
15:15:50,courseregistrationplatform-ai-server-1,0.20%,119.6MiB / 15.62GiB
15:15:50,courseregistrationplatform-db-1,1.56%,438.6MiB / 15.62GiB
15:15:50,courseregistrationplatform-rabbitmq-1,0.57%,163MiB / 15.62GiB
15:15:50,courseregistrationplatform-redis-1,10.73%,10.26MiB / 15.62GiB
15:15:50,courseregistrationplatform-grafana-1,2.62%,61.46MiB / 15.62GiB
15:15:50,courseregistrationplatform-prometheus-1,0.15%,57.5MiB / 15.62GiB
15:15:50,sugang-control-plane,13.22%,760.4MiB / 15.62GiB
15:15:50,sugang-worker,6.39%,979.3MiB / 15.62GiB
15:15:50,sugang-worker2,7.02%,1.264GiB / 15.62GiB
15:15:50,biostream_api,8.35%,216.8MiB / 15.62GiB
15:15:50,biostream_mcp,0.00%,0B / 0B
15:15:50,biostream_qdrant,0.28%,165.7MiB / 15.62GiB
15:15:50,biostream_db,0.00%,35.74MiB / 15.62GiB
15:15:57,courseregistrationplatform-k6-run-fcf3ac954823,142.99%,3.325GiB / 15.62GiB
15:15:57,courseregistrationplatform-backend_2-1,100.63%,156.1MiB / 15.62GiB
15:15:57,courseregistrationplatform-backend_1-1,100.25%,265.9MiB / 15.62GiB
15:15:57,courseregistrationplatform-frontend-1,0.00%,46.92MiB / 15.62GiB
15:15:57,courseregistrationplatform-worker_1-1,0.97%,34.94MiB / 15.62GiB
15:15:57,courseregistrationplatform-worker_2-1,0.35%,34.81MiB / 15.62GiB
15:15:57,courseregistrationplatform-nginx-1,21.11%,164.1MiB / 15.62GiB
15:15:57,courseregistrationplatform-ai-server-1,0.19%,119.6MiB / 15.62GiB
15:15:57,courseregistrationplatform-db-1,2.17%,438.8MiB / 15.62GiB
15:15:57,courseregistrationplatform-rabbitmq-1,0.69%,163.2MiB / 15.62GiB
15:15:57,courseregistrationplatform-redis-1,12.54%,10.03MiB / 15.62GiB
15:15:57,courseregistrationplatform-grafana-1,0.06%,61.46MiB / 15.62GiB
15:15:57,courseregistrationplatform-prometheus-1,0.09%,57.55MiB / 15.62GiB
15:15:57,sugang-control-plane,10.51%,760.8MiB / 15.62GiB
15:15:57,sugang-worker,2.76%,987.1MiB / 15.62GiB
15:15:57,sugang-worker2,3.67%,1.265GiB / 15.62GiB
15:15:57,biostream_api,5.84%,216.1MiB / 15.62GiB
15:15:57,biostream_mcp,0.00%,0B / 0B
15:15:57,biostream_qdrant,0.13%,165.7MiB / 15.62GiB
15:15:57,biostream_db,1.28%,37.59MiB / 15.62GiB
15:16:04,courseregistrationplatform-k6-run-fcf3ac954823,164.52%,3.325GiB / 15.62GiB
15:16:04,courseregistrationplatform-backend_2-1,103.82%,158.7MiB / 15.62GiB
15:16:04,courseregistrationplatform-backend_1-1,100.09%,267.5MiB / 15.62GiB
15:16:04,courseregistrationplatform-frontend-1,0.00%,46.92MiB / 15.62GiB
15:16:04,courseregistrationplatform-worker_1-1,0.40%,34.32MiB / 15.62GiB
15:16:04,courseregistrationplatform-worker_2-1,0.35%,34.46MiB / 15.62GiB
15:16:04,courseregistrationplatform-nginx-1,31.60%,164.4MiB / 15.62GiB
15:16:04,courseregistrationplatform-ai-server-1,0.19%,119.6MiB / 15.62GiB
15:16:04,courseregistrationplatform-db-1,0.81%,438.6MiB / 15.62GiB
15:16:04,courseregistrationplatform-rabbitmq-1,1.05%,163.3MiB / 15.62GiB
15:16:04,courseregistrationplatform-redis-1,12.60%,10.27MiB / 15.62GiB
15:16:04,courseregistrationplatform-grafana-1,0.10%,61.46MiB / 15.62GiB
15:16:04,courseregistrationplatform-prometheus-1,0.20%,57.55MiB / 15.62GiB
15:16:04,sugang-control-plane,14.53%,760.7MiB / 15.62GiB
15:16:04,sugang-worker,4.07%,986.7MiB / 15.62GiB
15:16:04,sugang-worker2,8.78%,1.264GiB / 15.62GiB
15:16:04,biostream_api,8.35%,217.1MiB / 15.62GiB
15:16:04,biostream_mcp,0.00%,0B / 0B
15:16:04,biostream_qdrant,0.35%,165.7MiB / 15.62GiB
15:16:04,biostream_db,0.00%,35.74MiB / 15.62GiB
15:16:12,courseregistrationplatform-k6-run-fcf3ac954823,165.81%,3.324GiB / 15.62GiB
15:16:12,courseregistrationplatform-backend_2-1,101.42%,150.2MiB / 15.62GiB
15:16:12,courseregistrationplatform-backend_1-1,100.18%,274MiB / 15.62GiB
15:16:12,courseregistrationplatform-frontend-1,0.00%,46.92MiB / 15.62GiB
15:16:12,courseregistrationplatform-worker_1-1,0.19%,34.08MiB / 15.62GiB
15:16:12,courseregistrationplatform-worker_2-1,0.07%,34.18MiB / 15.62GiB
15:16:12,courseregistrationplatform-nginx-1,34.47%,164.1MiB / 15.62GiB
15:16:12,courseregistrationplatform-ai-server-1,0.23%,119.6MiB / 15.62GiB
15:16:12,courseregistrationplatform-db-1,1.52%,438.6MiB / 15.62GiB
15:16:12,courseregistrationplatform-rabbitmq-1,0.55%,163.3MiB / 15.62GiB
15:16:12,courseregistrationplatform-redis-1,12.04%,10.02MiB / 15.62GiB
15:16:12,courseregistrationplatform-grafana-1,0.09%,61.46MiB / 15.62GiB
15:16:12,courseregistrationplatform-prometheus-1,0.13%,57.55MiB / 15.62GiB
15:16:12,sugang-control-plane,14.90%,761.8MiB / 15.62GiB
15:16:12,sugang-worker,5.93%,987MiB / 15.62GiB
15:16:12,sugang-worker2,5.72%,1.264GiB / 15.62GiB
15:16:12,biostream_api,8.95%,217.3MiB / 15.62GiB
15:16:12,biostream_mcp,0.00%,0B / 0B
15:16:12,biostream_qdrant,0.11%,165.7MiB / 15.62GiB
15:16:12,biostream_db,4.12%,35.74MiB / 15.62GiB
15:16:20,courseregistrationplatform-k6-run-fcf3ac954823,160.46%,3.325GiB / 15.62GiB
15:16:20,courseregistrationplatform-backend_2-1,98.32%,153.7MiB / 15.62GiB
15:16:20,courseregistrationplatform-backend_1-1,111.91%,292.6MiB / 15.62GiB
15:16:20,courseregistrationplatform-frontend-1,0.00%,46.92MiB / 15.62GiB
15:16:20,courseregistrationplatform-worker_1-1,1.05%,34.04MiB / 15.62GiB
15:16:20,courseregistrationplatform-worker_2-1,0.72%,34.39MiB / 15.62GiB
15:16:20,courseregistrationplatform-nginx-1,32.36%,162.4MiB / 15.62GiB
15:16:20,courseregistrationplatform-ai-server-1,0.18%,119.6MiB / 15.62GiB
15:16:20,courseregistrationplatform-db-1,2.26%,438.9MiB / 15.62GiB
15:16:20,courseregistrationplatform-rabbitmq-1,0.92%,163.5MiB / 15.62GiB
15:16:20,courseregistrationplatform-redis-1,11.74%,10.04MiB / 15.62GiB
15:16:20,courseregistrationplatform-grafana-1,0.05%,61.47MiB / 15.62GiB
15:16:20,courseregistrationplatform-prometheus-1,0.62%,57.56MiB / 15.62GiB
15:16:20,sugang-control-plane,17.76%,763.1MiB / 15.62GiB
15:16:20,sugang-worker,7.02%,987.4MiB / 15.62GiB
15:16:20,sugang-worker2,8.57%,1.273GiB / 15.62GiB
15:16:20,biostream_api,8.60%,216.8MiB / 15.62GiB
15:16:20,biostream_mcp,0.00%,0B / 0B
15:16:20,biostream_qdrant,0.33%,165.7MiB / 15.62GiB
15:16:20,biostream_db,0.00%,35.74MiB / 15.62GiB
15:16:27,courseregistrationplatform-k6-run-fcf3ac954823,139.47%,3.324GiB / 15.62GiB
15:16:27,courseregistrationplatform-backend_2-1,96.95%,152.5MiB / 15.62GiB
15:16:27,courseregistrationplatform-backend_1-1,103.18%,287.5MiB / 15.62GiB
15:16:27,courseregistrationplatform-frontend-1,0.00%,46.92MiB / 15.62GiB
15:16:27,courseregistrationplatform-worker_1-1,0.19%,34.64MiB / 15.62GiB
15:16:27,courseregistrationplatform-worker_2-1,0.24%,35.09MiB / 15.62GiB
15:16:27,courseregistrationplatform-nginx-1,19.80%,163.8MiB / 15.62GiB
15:16:27,courseregistrationplatform-ai-server-1,0.20%,119.6MiB / 15.62GiB
15:16:27,courseregistrationplatform-db-1,1.27%,438.9MiB / 15.62GiB
15:16:27,courseregistrationplatform-rabbitmq-1,0.47%,164.1MiB / 15.62GiB
15:16:27,courseregistrationplatform-redis-1,12.78%,10.51MiB / 15.62GiB
15:16:27,courseregistrationplatform-grafana-1,0.08%,61.47MiB / 15.62GiB
15:16:27,courseregistrationplatform-prometheus-1,0.11%,57.55MiB / 15.62GiB
15:16:27,sugang-control-plane,13.67%,761.9MiB / 15.62GiB
15:16:27,sugang-worker,5.38%,987.5MiB / 15.62GiB
15:16:27,sugang-worker2,4.63%,1.273GiB / 15.62GiB
15:16:27,biostream_api,6.14%,216.8MiB / 15.62GiB
15:16:27,biostream_mcp,0.00%,0B / 0B
15:16:27,biostream_qdrant,0.14%,165.7MiB / 15.62GiB
15:16:27,biostream_db,0.00%,35.74MiB / 15.62GiB
15:16:35,courseregistrationplatform-k6-run-fcf3ac954823,158.94%,3.325GiB / 15.62GiB
15:16:35,courseregistrationplatform-backend_2-1,92.78%,176.7MiB / 15.62GiB
15:16:35,courseregistrationplatform-backend_1-1,96.02%,251.8MiB / 15.62GiB
15:16:35,courseregistrationplatform-frontend-1,0.00%,46.92MiB / 15.62GiB
15:16:35,courseregistrationplatform-worker_1-1,0.71%,35.01MiB / 15.62GiB
15:16:35,courseregistrationplatform-worker_2-1,0.65%,34.49MiB / 15.62GiB
15:16:35,courseregistrationplatform-nginx-1,32.62%,157.4MiB / 15.62GiB
15:16:35,courseregistrationplatform-ai-server-1,0.22%,119.6MiB / 15.62GiB
15:16:35,courseregistrationplatform-db-1,8.64%,438.6MiB / 15.62GiB
15:16:35,courseregistrationplatform-rabbitmq-1,0.77%,163.5MiB / 15.62GiB
15:16:35,courseregistrationplatform-redis-1,10.89%,10.76MiB / 15.62GiB
15:16:35,courseregistrationplatform-grafana-1,0.10%,61.47MiB / 15.62GiB
15:16:35,courseregistrationplatform-prometheus-1,0.14%,57.56MiB / 15.62GiB
15:16:35,sugang-control-plane,13.52%,759.8MiB / 15.62GiB
15:16:35,sugang-worker,2.25%,987.3MiB / 15.62GiB
15:16:35,sugang-worker2,3.23%,1.271GiB / 15.62GiB
15:16:35,biostream_api,8.47%,217.3MiB / 15.62GiB
15:16:35,biostream_mcp,0.00%,0B / 0B
15:16:35,biostream_qdrant,0.37%,165.7MiB / 15.62GiB
15:16:35,biostream_db,0.00%,35.74MiB / 15.62GiB
15:16:42,courseregistrationplatform-k6-run-fcf3ac954823,130.57%,3.324GiB / 15.62GiB
15:16:42,courseregistrationplatform-backend_2-1,95.81%,196.6MiB / 15.62GiB
15:16:42,courseregistrationplatform-backend_1-1,99.49%,246.2MiB / 15.62GiB
15:16:42,courseregistrationplatform-frontend-1,0.00%,46.81MiB / 15.62GiB
15:16:42,courseregistrationplatform-worker_1-1,0.01%,34.44MiB / 15.62GiB
15:16:42,courseregistrationplatform-worker_2-1,0.01%,34.23MiB / 15.62GiB
15:16:42,courseregistrationplatform-nginx-1,21.09%,160.1MiB / 15.62GiB
15:16:42,courseregistrationplatform-ai-server-1,0.21%,119.5MiB / 15.62GiB
15:16:42,courseregistrationplatform-db-1,0.76%,438.6MiB / 15.62GiB
15:16:42,courseregistrationplatform-rabbitmq-1,1.15%,163.5MiB / 15.62GiB
15:16:42,courseregistrationplatform-redis-1,11.30%,10.28MiB / 15.62GiB
15:16:42,courseregistrationplatform-grafana-1,0.05%,61.43MiB / 15.62GiB
15:16:42,courseregistrationplatform-prometheus-1,0.11%,57.79MiB / 15.62GiB
15:16:42,sugang-control-plane,15.57%,761MiB / 15.62GiB
15:16:42,sugang-worker,3.11%,987MiB / 15.62GiB
15:16:42,sugang-worker2,6.03%,1.272GiB / 15.62GiB
15:16:42,biostream_api,7.84%,217.5MiB / 15.62GiB
15:16:42,biostream_mcp,0.00%,0B / 0B
15:16:42,biostream_qdrant,0.12%,165.2MiB / 15.62GiB
15:16:42,biostream_db,0.00%,35.74MiB / 15.62GiB
15:16:50,courseregistrationplatform-k6-run-fcf3ac954823,126.35%,3.37GiB / 15.62GiB
15:16:50,courseregistrationplatform-backend_2-1,98.71%,229.9MiB / 15.62GiB
15:16:50,courseregistrationplatform-backend_1-1,54.94%,203.2MiB / 15.62GiB
15:16:50,courseregistrationplatform-frontend-1,0.00%,46.81MiB / 15.62GiB
15:16:50,courseregistrationplatform-worker_1-1,0.64%,34.61MiB / 15.62GiB
15:16:50,courseregistrationplatform-worker_2-1,0.63%,34.37MiB / 15.62GiB
15:16:50,courseregistrationplatform-nginx-1,22.00%,157.4MiB / 15.62GiB
15:16:50,courseregistrationplatform-ai-server-1,0.23%,119.5MiB / 15.62GiB
15:16:50,courseregistrationplatform-db-1,1.96%,438.7MiB / 15.62GiB
15:16:50,courseregistrationplatform-rabbitmq-1,0.96%,163.6MiB / 15.62GiB
15:16:50,courseregistrationplatform-redis-1,12.21%,10.04MiB / 15.62GiB
15:16:50,courseregistrationplatform-grafana-1,0.05%,61.43MiB / 15.62GiB
15:16:50,courseregistrationplatform-prometheus-1,0.97%,57.56MiB / 15.62GiB
15:16:50,sugang-control-plane,19.06%,762.8MiB / 15.62GiB
15:16:50,sugang-worker,8.84%,987.3MiB / 15.62GiB
15:16:50,sugang-worker2,3.16%,1.273GiB / 15.62GiB
15:16:50,biostream_api,8.70%,217MiB / 15.62GiB
15:16:50,biostream_mcp,0.00%,0B / 0B
15:16:50,biostream_qdrant,0.14%,165.2MiB / 15.62GiB
15:16:50,biostream_db,0.00%,35.74MiB / 15.62GiB
15:16:58,courseregistrationplatform-k6-run-fcf3ac954823,145.40%,3.37GiB / 15.62GiB
15:16:58,courseregistrationplatform-backend_2-1,101.17%,232.3MiB / 15.62GiB
15:16:58,courseregistrationplatform-backend_1-1,98.90%,168MiB / 15.62GiB
15:16:58,courseregistrationplatform-frontend-1,0.00%,46.81MiB / 15.62GiB
15:16:58,courseregistrationplatform-worker_1-1,0.37%,34.75MiB / 15.62GiB
15:16:58,courseregistrationplatform-worker_2-1,0.44%,34.54MiB / 15.62GiB
15:16:58,courseregistrationplatform-nginx-1,33.17%,158.1MiB / 15.62GiB
15:16:58,courseregistrationplatform-ai-server-1,0.23%,119.5MiB / 15.62GiB
15:16:58,courseregistrationplatform-db-1,2.06%,438.7MiB / 15.62GiB
15:16:58,courseregistrationplatform-rabbitmq-1,0.64%,163.5MiB / 15.62GiB
15:16:58,courseregistrationplatform-redis-1,13.12%,10.28MiB / 15.62GiB
15:16:58,courseregistrationplatform-grafana-1,0.06%,61.43MiB / 15.62GiB
15:16:58,courseregistrationplatform-prometheus-1,0.11%,57.56MiB / 15.62GiB
15:16:58,sugang-control-plane,12.41%,762.4MiB / 15.62GiB
15:16:58,sugang-worker,4.14%,986.5MiB / 15.62GiB
15:16:58,sugang-worker2,3.27%,1.273GiB / 15.62GiB
15:16:58,biostream_api,8.62%,217.3MiB / 15.62GiB
15:16:58,biostream_mcp,0.00%,0B / 0B
15:16:58,biostream_qdrant,0.14%,165.2MiB / 15.62GiB
15:16:58,biostream_db,0.00%,35.74MiB / 15.62GiB
15:17:05,courseregistrationplatform-k6-run-fcf3ac954823,159.92%,3.37GiB / 15.62GiB
15:17:05,courseregistrationplatform-backend_2-1,101.21%,244.2MiB / 15.62GiB
15:17:05,courseregistrationplatform-backend_1-1,100.44%,163.7MiB / 15.62GiB
15:17:05,courseregistrationplatform-frontend-1,0.00%,46.81MiB / 15.62GiB
15:17:05,courseregistrationplatform-worker_1-1,0.21%,34.62MiB / 15.62GiB
15:17:05,courseregistrationplatform-worker_2-1,0.40%,34.45MiB / 15.62GiB
15:17:05,courseregistrationplatform-nginx-1,30.65%,156.7MiB / 15.62GiB
15:17:05,courseregistrationplatform-ai-server-1,0.19%,119.5MiB / 15.62GiB
15:17:05,courseregistrationplatform-db-1,1.64%,438.7MiB / 15.62GiB
15:17:05,courseregistrationplatform-rabbitmq-1,0.68%,164.1MiB / 15.62GiB
15:17:05,courseregistrationplatform-redis-1,11.71%,10.27MiB / 15.62GiB
15:17:05,courseregistrationplatform-grafana-1,0.08%,61.43MiB / 15.62GiB
15:17:05,courseregistrationplatform-prometheus-1,0.68%,57.8MiB / 15.62GiB
15:17:05,sugang-control-plane,13.96%,760.7MiB / 15.62GiB
15:17:05,sugang-worker,3.04%,986.1MiB / 15.62GiB
15:17:05,sugang-worker2,3.10%,1.272GiB / 15.62GiB
15:17:05,biostream_api,8.48%,217.5MiB / 15.62GiB
15:17:05,biostream_mcp,0.00%,0B / 0B
15:17:05,biostream_qdrant,0.22%,165.2MiB / 15.62GiB
15:17:05,biostream_db,0.00%,35.74MiB / 15.62GiB
15:17:12,courseregistrationplatform-k6-run-fcf3ac954823,159.50%,3.4GiB / 15.62GiB
15:17:12,courseregistrationplatform-backend_2-1,101.24%,243.9MiB / 15.62GiB
15:17:12,courseregistrationplatform-backend_1-1,99.86%,163.5MiB / 15.62GiB
15:17:12,courseregistrationplatform-frontend-1,0.00%,46.81MiB / 15.62GiB
15:17:12,courseregistrationplatform-worker_1-1,0.45%,34.81MiB / 15.62GiB
15:17:12,courseregistrationplatform-worker_2-1,0.44%,34.32MiB / 15.62GiB
15:17:12,courseregistrationplatform-nginx-1,29.46%,156.8MiB / 15.62GiB
15:17:12,courseregistrationplatform-ai-server-1,0.18%,119.5MiB / 15.62GiB
15:17:12,courseregistrationplatform-db-1,2.23%,438.7MiB / 15.62GiB
15:17:12,courseregistrationplatform-rabbitmq-1,0.72%,163.8MiB / 15.62GiB
15:17:12,courseregistrationplatform-redis-1,12.22%,9.785MiB / 15.62GiB
15:17:12,courseregistrationplatform-grafana-1,0.04%,61.43MiB / 15.62GiB
15:17:12,courseregistrationplatform-prometheus-1,0.12%,57.56MiB / 15.62GiB
15:17:12,sugang-control-plane,13.89%,762.4MiB / 15.62GiB
15:17:12,sugang-worker,3.47%,986.6MiB / 15.62GiB
15:17:12,sugang-worker2,3.51%,1.272GiB / 15.62GiB
15:17:12,biostream_api,8.86%,217.8MiB / 15.62GiB
15:17:12,biostream_mcp,0.00%,0B / 0B
15:17:12,biostream_qdrant,0.11%,165.2MiB / 15.62GiB
15:17:12,biostream_db,0.00%,35.74MiB / 15.62GiB
15:17:19,courseregistrationplatform-k6-run-fcf3ac954823,194.36%,3.4GiB / 15.62GiB
15:17:19,courseregistrationplatform-backend_2-1,101.69%,247.6MiB / 15.62GiB
15:17:19,courseregistrationplatform-backend_1-1,97.44%,162.4MiB / 15.62GiB
15:17:19,courseregistrationplatform-frontend-1,0.02%,46.76MiB / 15.62GiB
15:17:19,courseregistrationplatform-worker_1-1,0.30%,34.62MiB / 15.62GiB
15:17:19,courseregistrationplatform-worker_2-1,0.34%,34.27MiB / 15.62GiB
15:17:19,courseregistrationplatform-nginx-1,21.35%,156.3MiB / 15.62GiB
15:17:19,courseregistrationplatform-ai-server-1,0.17%,119.6MiB / 15.62GiB
15:17:19,courseregistrationplatform-db-1,1.60%,438.8MiB / 15.62GiB
15:17:19,courseregistrationplatform-rabbitmq-1,0.63%,163.6MiB / 15.62GiB
15:17:19,courseregistrationplatform-redis-1,12.83%,9.789MiB / 15.62GiB
15:17:19,courseregistrationplatform-grafana-1,0.08%,61.41MiB / 15.62GiB
15:17:19,courseregistrationplatform-prometheus-1,0.16%,57.55MiB / 15.62GiB
15:17:19,sugang-control-plane,12.01%,761.9MiB / 15.62GiB
15:17:19,sugang-worker,2.56%,985.8MiB / 15.62GiB
15:17:19,sugang-worker2,3.27%,1.273GiB / 15.62GiB
15:17:19,biostream_api,7.86%,217MiB / 15.62GiB
15:17:19,biostream_mcp,0.00%,0B / 0B
15:17:19,biostream_qdrant,0.14%,165.2MiB / 15.62GiB
15:17:19,biostream_db,3.67%,35.74MiB / 15.62GiB
15:17:26,courseregistrationplatform-k6-run-fcf3ac954823,164.42%,3.4GiB / 15.62GiB
15:17:26,courseregistrationplatform-backend_2-1,101.33%,255.2MiB / 15.62GiB
15:17:26,courseregistrationplatform-backend_1-1,97.92%,162.2MiB / 15.62GiB
15:17:26,courseregistrationplatform-frontend-1,0.00%,46.76MiB / 15.62GiB
15:17:26,courseregistrationplatform-worker_1-1,0.61%,34.84MiB / 15.62GiB
15:17:26,courseregistrationplatform-worker_2-1,1.02%,34.3MiB / 15.62GiB
15:17:26,courseregistrationplatform-nginx-1,35.10%,155.6MiB / 15.62GiB
15:17:26,courseregistrationplatform-ai-server-1,0.19%,119.6MiB / 15.62GiB
15:17:26,courseregistrationplatform-db-1,2.69%,438.8MiB / 15.62GiB
15:17:26,courseregistrationplatform-rabbitmq-1,1.25%,164MiB / 15.62GiB
15:17:26,courseregistrationplatform-redis-1,10.71%,10.05MiB / 15.62GiB
15:17:26,courseregistrationplatform-grafana-1,0.43%,61.41MiB / 15.62GiB
15:17:26,courseregistrationplatform-prometheus-1,0.68%,57.56MiB / 15.62GiB
15:17:26,sugang-control-plane,16.69%,761.7MiB / 15.62GiB
15:17:26,sugang-worker,3.35%,994.4MiB / 15.62GiB
15:17:26,sugang-worker2,3.60%,1.273GiB / 15.62GiB
15:17:26,biostream_api,6.07%,217.2MiB / 15.62GiB
15:17:26,biostream_mcp,0.00%,0B / 0B
15:17:26,biostream_qdrant,0.11%,165.2MiB / 15.62GiB
15:17:26,biostream_db,0.00%,35.74MiB / 15.62GiB
15:17:34,courseregistrationplatform-k6-run-fcf3ac954823,146.70%,3.4GiB / 15.62GiB
15:17:34,courseregistrationplatform-backend_2-1,102.87%,254.3MiB / 15.62GiB
15:17:34,courseregistrationplatform-backend_1-1,98.27%,159MiB / 15.62GiB
15:17:34,courseregistrationplatform-frontend-1,0.00%,46.76MiB / 15.62GiB
15:17:34,courseregistrationplatform-worker_1-1,0.31%,34.69MiB / 15.62GiB
15:17:34,courseregistrationplatform-worker_2-1,0.42%,34.17MiB / 15.62GiB
15:17:34,courseregistrationplatform-nginx-1,21.94%,157MiB / 15.62GiB
15:17:34,courseregistrationplatform-ai-server-1,0.26%,120.8MiB / 15.62GiB
15:17:34,courseregistrationplatform-db-1,1.41%,440.1MiB / 15.62GiB
15:17:34,courseregistrationplatform-rabbitmq-1,0.98%,163.6MiB / 15.62GiB
15:17:34,courseregistrationplatform-redis-1,13.55%,10.52MiB / 15.62GiB
15:17:34,courseregistrationplatform-grafana-1,0.09%,61.41MiB / 15.62GiB
15:17:34,courseregistrationplatform-prometheus-1,0.07%,57.55MiB / 15.62GiB
15:17:34,sugang-control-plane,13.90%,762.5MiB / 15.62GiB
15:17:34,sugang-worker,9.48%,994.3MiB / 15.62GiB
15:17:34,sugang-worker2,7.88%,1.275GiB / 15.62GiB
15:17:34,biostream_api,9.20%,217.9MiB / 15.62GiB
15:17:34,biostream_mcp,0.00%,0B / 0B
15:17:34,biostream_qdrant,2.89%,166.8MiB / 15.62GiB
15:17:34,biostream_db,0.00%,35.74MiB / 15.62GiB
15:17:41,courseregistrationplatform-k6-run-fcf3ac954823,116.78%,3.4GiB / 15.62GiB
15:17:41,courseregistrationplatform-backend_2-1,91.08%,254.2MiB / 15.62GiB
15:17:41,courseregistrationplatform-backend_1-1,84.12%,158.5MiB / 15.62GiB
15:17:41,courseregistrationplatform-frontend-1,0.00%,46.4MiB / 15.62GiB
15:17:41,courseregistrationplatform-worker_1-1,1.40%,34.51MiB / 15.62GiB
15:17:41,courseregistrationplatform-worker_2-1,1.83%,34.17MiB / 15.62GiB
15:17:41,courseregistrationplatform-nginx-1,15.77%,156.8MiB / 15.62GiB
15:17:41,courseregistrationplatform-ai-server-1,0.20%,121.6MiB / 15.62GiB
15:17:41,courseregistrationplatform-db-1,1.99%,440.3MiB / 15.62GiB
15:17:41,courseregistrationplatform-rabbitmq-1,0.93%,163.5MiB / 15.62GiB
15:17:41,courseregistrationplatform-redis-1,10.89%,9.777MiB / 15.62GiB
15:17:41,courseregistrationplatform-grafana-1,0.08%,61.39MiB / 15.62GiB
15:17:41,courseregistrationplatform-prometheus-1,0.77%,57.55MiB / 15.62GiB
15:17:41,sugang-control-plane,15.47%,764.6MiB / 15.62GiB
15:17:41,sugang-worker,6.38%,995MiB / 15.62GiB
15:17:41,sugang-worker2,9.60%,1.283GiB / 15.62GiB
15:17:41,biostream_api,7.14%,218.2MiB / 15.62GiB
15:17:41,biostream_mcp,118.07%,95.39MiB / 15.62GiB
15:17:41,biostream_qdrant,0.13%,166.6MiB / 15.62GiB
15:17:41,biostream_db,0.00%,35.72MiB / 15.62GiB
15:17:48,courseregistrationplatform-k6-run-fcf3ac954823,173.69%,3.4GiB / 15.62GiB
15:17:48,courseregistrationplatform-backend_2-1,96.77%,265.8MiB / 15.62GiB
15:17:48,courseregistrationplatform-backend_1-1,96.33%,162MiB / 15.62GiB
15:17:48,courseregistrationplatform-frontend-1,0.00%,46.71MiB / 15.62GiB
15:17:48,courseregistrationplatform-worker_1-1,0.02%,34.17MiB / 15.62GiB
15:17:48,courseregistrationplatform-worker_2-1,0.02%,35.12MiB / 15.62GiB
15:17:48,courseregistrationplatform-nginx-1,37.49%,159.9MiB / 15.62GiB
15:17:48,courseregistrationplatform-ai-server-1,0.20%,121.6MiB / 15.62GiB
15:17:48,courseregistrationplatform-db-1,0.77%,440.3MiB / 15.62GiB
15:17:48,courseregistrationplatform-rabbitmq-1,0.28%,163.6MiB / 15.62GiB
15:17:48,courseregistrationplatform-redis-1,10.16%,10.27MiB / 15.62GiB
15:17:48,courseregistrationplatform-grafana-1,0.05%,61.39MiB / 15.62GiB
15:17:48,courseregistrationplatform-prometheus-1,0.10%,57.8MiB / 15.62GiB
15:17:48,sugang-control-plane,10.65%,763.5MiB / 15.62GiB
15:17:48,sugang-worker,5.36%,1019MiB / 15.62GiB
15:17:48,sugang-worker2,4.16%,1.282GiB / 15.62GiB
15:17:48,biostream_api,8.50%,219MiB / 15.62GiB
15:17:48,biostream_mcp,0.00%,0B / 0B
15:17:48,biostream_qdrant,0.10%,166.6MiB / 15.62GiB
15:17:48,biostream_db,0.71%,35.79MiB / 15.62GiB
15:17:54,courseregistrationplatform-k6-run-fcf3ac954823,149.97%,3.4GiB / 15.62GiB
15:17:54,courseregistrationplatform-backend_2-1,105.24%,265.5MiB / 15.62GiB
15:17:54,courseregistrationplatform-backend_1-1,102.90%,172.3MiB / 15.62GiB
15:17:54,courseregistrationplatform-frontend-1,0.00%,46.71MiB / 15.62GiB
15:17:54,courseregistrationplatform-worker_1-1,1.90%,35.25MiB / 15.62GiB
15:17:54,courseregistrationplatform-worker_2-1,0.38%,34.88MiB / 15.62GiB
15:17:54,courseregistrationplatform-nginx-1,21.04%,153.7MiB / 15.62GiB
15:17:54,courseregistrationplatform-ai-server-1,0.21%,121.6MiB / 15.62GiB
15:17:54,courseregistrationplatform-db-1,3.70%,441.8MiB / 15.62GiB
15:17:54,courseregistrationplatform-rabbitmq-1,1.20%,164MiB / 15.62GiB
15:17:54,courseregistrationplatform-redis-1,13.46%,10.51MiB / 15.62GiB
15:17:54,courseregistrationplatform-grafana-1,0.08%,61.39MiB / 15.62GiB
15:17:54,courseregistrationplatform-prometheus-1,0.15%,57.58MiB / 15.62GiB
15:17:54,sugang-control-plane,15.15%,765.1MiB / 15.62GiB
15:17:54,sugang-worker,3.25%,1019MiB / 15.62GiB
15:17:54,sugang-worker2,5.98%,1.282GiB / 15.62GiB
15:17:54,biostream_api,8.68%,218.5MiB / 15.62GiB
15:17:54,biostream_mcp,0.00%,0B / 0B
15:17:54,biostream_qdrant,0.21%,166.6MiB / 15.62GiB
15:17:54,biostream_db,3.97%,35.74MiB / 15.62GiB
15:18:01,courseregistrationplatform-k6-run-fcf3ac954823,145.32%,3.399GiB / 15.62GiB
15:18:01,courseregistrationplatform-backend_2-1,102.23%,266.3MiB / 15.62GiB
15:18:01,courseregistrationplatform-backend_1-1,97.74%,162.8MiB / 15.62GiB
15:18:01,courseregistrationplatform-frontend-1,0.00%,46.67MiB / 15.62GiB
15:18:01,courseregistrationplatform-worker_1-1,0.85%,34.43MiB / 15.62GiB
15:18:01,courseregistrationplatform-worker_2-1,0.79%,35.56MiB / 15.62GiB
15:18:01,courseregistrationplatform-nginx-1,19.69%,152.7MiB / 15.62GiB
15:18:01,courseregistrationplatform-ai-server-1,0.23%,121.5MiB / 15.62GiB
15:18:01,courseregistrationplatform-db-1,2.84%,440.6MiB / 15.62GiB
15:18:01,courseregistrationplatform-rabbitmq-1,1.26%,163.7MiB / 15.62GiB
15:18:01,courseregistrationplatform-redis-1,12.76%,10.04MiB / 15.62GiB
15:18:01,courseregistrationplatform-grafana-1,0.08%,61.37MiB / 15.62GiB
15:18:01,courseregistrationplatform-prometheus-1,0.12%,57.57MiB / 15.62GiB
15:18:01,sugang-control-plane,16.55%,762.8MiB / 15.62GiB
15:18:01,sugang-worker,4.33%,1.003GiB / 15.62GiB
15:18:01,sugang-worker2,5.10%,1.281GiB / 15.62GiB
15:18:01,biostream_api,6.45%,218.9MiB / 15.62GiB
15:18:01,biostream_mcp,0.00%,0B / 0B
15:18:01,biostream_qdrant,0.13%,166.1MiB / 15.62GiB
15:18:01,biostream_db,0.00%,35.72MiB / 15.62GiB
15:18:08,courseregistrationplatform-k6-run-fcf3ac954823,161.04%,3.4GiB / 15.62GiB
15:18:08,courseregistrationplatform-backend_2-1,97.94%,266.7MiB / 15.62GiB
15:18:08,courseregistrationplatform-backend_1-1,94.33%,159.5MiB / 15.62GiB
15:18:08,courseregistrationplatform-frontend-1,0.00%,46.67MiB / 15.62GiB
15:18:08,courseregistrationplatform-worker_1-1,0.82%,34.71MiB / 15.62GiB
15:18:08,courseregistrationplatform-worker_2-1,0.66%,35.02MiB / 15.62GiB
15:18:08,courseregistrationplatform-nginx-1,30.52%,151.3MiB / 15.62GiB
15:18:08,courseregistrationplatform-ai-server-1,0.18%,121.5MiB / 15.62GiB
15:18:08,courseregistrationplatform-db-1,3.26%,440.2MiB / 15.62GiB
15:18:08,courseregistrationplatform-rabbitmq-1,1.33%,163.6MiB / 15.62GiB
15:18:08,courseregistrationplatform-redis-1,10.83%,10.28MiB / 15.62GiB
15:18:08,courseregistrationplatform-grafana-1,0.14%,61.37MiB / 15.62GiB
15:18:08,courseregistrationplatform-prometheus-1,0.10%,57.57MiB / 15.62GiB
15:18:08,sugang-control-plane,10.40%,762.7MiB / 15.62GiB
15:18:08,sugang-worker,4.64%,1.003GiB / 15.62GiB
15:18:08,sugang-worker2,5.51%,1.281GiB / 15.62GiB
15:18:08,biostream_api,6.22%,218.4MiB / 15.62GiB
15:18:08,biostream_mcp,0.00%,0B / 0B
15:18:08,biostream_qdrant,0.11%,166.1MiB / 15.62GiB
15:18:08,biostream_db,0.00%,35.74MiB / 15.62GiB
15:18:15,courseregistrationplatform-k6-run-fcf3ac954823,158.35%,3.399GiB / 15.62GiB
15:18:15,courseregistrationplatform-backend_2-1,100.12%,262.8MiB / 15.62GiB
15:18:15,courseregistrationplatform-backend_1-1,99.79%,161.3MiB / 15.62GiB
15:18:15,courseregistrationplatform-frontend-1,0.00%,46.67MiB / 15.62GiB
15:18:15,courseregistrationplatform-worker_1-1,0.46%,34.88MiB / 15.62GiB
15:18:15,courseregistrationplatform-worker_2-1,0.59%,34.89MiB / 15.62GiB
15:18:15,courseregistrationplatform-nginx-1,28.82%,150.2MiB / 15.62GiB
15:18:15,courseregistrationplatform-ai-server-1,0.21%,121.5MiB / 15.62GiB
15:18:15,courseregistrationplatform-db-1,6.42%,440.2MiB / 15.62GiB
15:18:15,courseregistrationplatform-rabbitmq-1,1.03%,163.9MiB / 15.62GiB
15:18:15,courseregistrationplatform-redis-1,12.01%,10.03MiB / 15.62GiB
15:18:15,courseregistrationplatform-grafana-1,0.07%,61.37MiB / 15.62GiB
15:18:15,courseregistrationplatform-prometheus-1,0.15%,57.58MiB / 15.62GiB
15:18:15,sugang-control-plane,9.97%,763.7MiB / 15.62GiB
15:18:15,sugang-worker,3.24%,1.003GiB / 15.62GiB
15:18:15,sugang-worker2,3.51%,1.282GiB / 15.62GiB
15:18:15,biostream_api,8.96%,219.7MiB / 15.62GiB
15:18:15,biostream_mcp,0.00%,0B / 0B
15:18:15,biostream_qdrant,0.34%,166.1MiB / 15.62GiB
15:18:15,biostream_db,3.65%,35.75MiB / 15.62GiB
15:18:23,courseregistrationplatform-k6-run-fcf3ac954823,141.95%,3.399GiB / 15.62GiB
15:18:23,courseregistrationplatform-backend_2-1,92.17%,247.4MiB / 15.62GiB
15:18:23,courseregistrationplatform-backend_1-1,103.61%,178.8MiB / 15.62GiB
15:18:23,courseregistrationplatform-frontend-1,0.00%,46.67MiB / 15.62GiB
15:18:23,courseregistrationplatform-worker_1-1,0.21%,36.24MiB / 15.62GiB
15:18:23,courseregistrationplatform-worker_2-1,0.34%,36.2MiB / 15.62GiB
15:18:23,courseregistrationplatform-nginx-1,21.74%,148.1MiB / 15.62GiB
15:18:23,courseregistrationplatform-ai-server-1,0.18%,121.5MiB / 15.62GiB
15:18:23,courseregistrationplatform-db-1,2.15%,440.2MiB / 15.62GiB
15:18:23,courseregistrationplatform-rabbitmq-1,1.25%,163.8MiB / 15.62GiB
15:18:23,courseregistrationplatform-redis-1,12.46%,10.27MiB / 15.62GiB
15:18:23,courseregistrationplatform-grafana-1,0.07%,61.37MiB / 15.62GiB
15:18:23,courseregistrationplatform-prometheus-1,0.11%,57.58MiB / 15.62GiB
15:18:23,sugang-control-plane,15.71%,764.5MiB / 15.62GiB
15:18:23,sugang-worker,2.34%,1.003GiB / 15.62GiB
15:18:23,sugang-worker2,4.57%,1.291GiB / 15.62GiB
15:18:23,biostream_api,8.68%,219.2MiB / 15.62GiB
15:18:23,biostream_mcp,0.00%,0B / 0B
15:18:23,biostream_qdrant,0.11%,166.1MiB / 15.62GiB
15:18:23,biostream_db,0.00%,35.74MiB / 15.62GiB
15:18:30,courseregistrationplatform-k6-run-fcf3ac954823,290.57%,3.398GiB / 15.62GiB
15:18:30,courseregistrationplatform-backend_2-1,91.07%,187.6MiB / 15.62GiB
15:18:30,courseregistrationplatform-backend_1-1,98.64%,183.7MiB / 15.62GiB
15:18:30,courseregistrationplatform-frontend-1,0.00%,46.67MiB / 15.62GiB
15:18:30,courseregistrationplatform-worker_1-1,0.32%,35.27MiB / 15.62GiB
15:18:30,courseregistrationplatform-worker_2-1,0.44%,35.2MiB / 15.62GiB
15:18:30,courseregistrationplatform-nginx-1,16.25%,146.7MiB / 15.62GiB
15:18:30,courseregistrationplatform-ai-server-1,0.21%,121.5MiB / 15.62GiB
15:18:30,courseregistrationplatform-db-1,2.60%,440.2MiB / 15.62GiB
15:18:30,courseregistrationplatform-rabbitmq-1,0.77%,164.2MiB / 15.62GiB
15:18:30,courseregistrationplatform-redis-1,11.52%,10.52MiB / 15.62GiB
15:18:30,courseregistrationplatform-grafana-1,0.04%,61.37MiB / 15.62GiB
15:18:30,courseregistrationplatform-prometheus-1,0.02%,57.58MiB / 15.62GiB
15:18:30,sugang-control-plane,12.41%,763.5MiB / 15.62GiB
15:18:30,sugang-worker,6.86%,1.003GiB / 15.62GiB
15:18:30,sugang-worker2,7.00%,1.291GiB / 15.62GiB
15:18:30,biostream_api,5.46%,218.9MiB / 15.62GiB
15:18:30,biostream_mcp,0.00%,0B / 0B
15:18:30,biostream_qdrant,0.30%,166.3MiB / 15.62GiB
15:18:30,biostream_db,4.02%,35.74MiB / 15.62GiB
15:18:38,courseregistrationplatform-k6-run-fcf3ac954823,148.76%,3.381GiB / 15.62GiB
15:18:38,courseregistrationplatform-backend_2-1,98.44%,164.4MiB / 15.62GiB
15:18:38,courseregistrationplatform-backend_1-1,96.83%,209.4MiB / 15.62GiB
15:18:38,courseregistrationplatform-frontend-1,0.00%,46.67MiB / 15.62GiB
15:18:38,courseregistrationplatform-worker_1-1,1.70%,35.05MiB / 15.62GiB
15:18:38,courseregistrationplatform-worker_2-1,2.10%,34.64MiB / 15.62GiB
15:18:38,courseregistrationplatform-nginx-1,25.95%,140.4MiB / 15.62GiB
15:18:38,courseregistrationplatform-ai-server-1,0.20%,121.5MiB / 15.62GiB
15:18:38,courseregistrationplatform-db-1,5.71%,440.2MiB / 15.62GiB
15:18:38,courseregistrationplatform-rabbitmq-1,1.53%,164.1MiB / 15.62GiB
15:18:38,courseregistrationplatform-redis-1,12.64%,9.793MiB / 15.62GiB
15:18:38,courseregistrationplatform-grafana-1,0.07%,61.37MiB / 15.62GiB
15:18:38,courseregistrationplatform-prometheus-1,0.11%,57.62MiB / 15.62GiB
15:18:38,sugang-control-plane,10.12%,763.1MiB / 15.62GiB
15:18:38,sugang-worker,5.23%,1.003GiB / 15.62GiB
15:18:38,sugang-worker2,3.14%,1.288GiB / 15.62GiB
15:18:38,biostream_api,9.09%,218.2MiB / 15.62GiB
15:18:38,biostream_mcp,0.00%,0B / 0B
15:18:38,biostream_qdrant,0.15%,166.1MiB / 15.62GiB
15:18:38,biostream_db,0.00%,35.74MiB / 15.62GiB
15:18:45,courseregistrationplatform-k6-run-fcf3ac954823,165.68%,3.385GiB / 15.62GiB
15:18:45,courseregistrationplatform-backend_2-1,103.71%,197.4MiB / 15.62GiB
15:18:45,courseregistrationplatform-backend_1-1,94.08%,224.4MiB / 15.62GiB
15:18:45,courseregistrationplatform-frontend-1,0.00%,46.62MiB / 15.62GiB
15:18:45,courseregistrationplatform-worker_1-1,0.33%,35.1MiB / 15.62GiB
15:18:45,courseregistrationplatform-worker_2-1,0.75%,34.65MiB / 15.62GiB
15:18:45,courseregistrationplatform-nginx-1,38.71%,146.8MiB / 15.62GiB
15:18:45,courseregistrationplatform-ai-server-1,0.20%,121.2MiB / 15.62GiB
15:18:45,courseregistrationplatform-db-1,1.88%,440.1MiB / 15.62GiB
15:18:45,courseregistrationplatform-rabbitmq-1,1.16%,164.3MiB / 15.62GiB
15:18:45,courseregistrationplatform-redis-1,10.23%,10.04MiB / 15.62GiB
15:18:45,courseregistrationplatform-grafana-1,0.09%,61.37MiB / 15.62GiB
15:18:45,courseregistrationplatform-prometheus-1,0.14%,57.5MiB / 15.62GiB
15:18:45,sugang-control-plane,15.17%,764MiB / 15.62GiB
15:18:45,sugang-worker,6.34%,1.002GiB / 15.62GiB
15:18:45,sugang-worker2,5.90%,1.288GiB / 15.62GiB
15:18:45,biostream_api,8.88%,219.1MiB / 15.62GiB
15:18:45,biostream_qdrant,4.43%,165.7MiB / 15.62GiB
15:18:45,biostream_db,0.00%,35.74MiB / 15.62GiB
15:18:51,courseregistrationplatform-k6-run-fcf3ac954823,145.91%,3.385GiB / 15.62GiB
15:18:51,courseregistrationplatform-backend_2-1,95.54%,213.3MiB / 15.62GiB
15:18:51,courseregistrationplatform-backend_1-1,97.25%,189.3MiB / 15.62GiB
15:18:51,courseregistrationplatform-frontend-1,0.00%,46.62MiB / 15.62GiB
15:18:51,courseregistrationplatform-worker_1-1,2.87%,34.41MiB / 15.62GiB
15:18:51,courseregistrationplatform-worker_2-1,3.68%,35.64MiB / 15.62GiB
15:18:51,courseregistrationplatform-nginx-1,22.83%,138.3MiB / 15.62GiB
15:18:51,courseregistrationplatform-ai-server-1,0.20%,121.5MiB / 15.62GiB
15:18:51,courseregistrationplatform-db-1,4.95%,440.7MiB / 15.62GiB
15:18:51,courseregistrationplatform-rabbitmq-1,2.26%,164.1MiB / 15.62GiB
15:18:51,courseregistrationplatform-redis-1,11.46%,10.29MiB / 15.62GiB
15:18:51,courseregistrationplatform-grafana-1,0.06%,61.36MiB / 15.62GiB
15:18:51,courseregistrationplatform-prometheus-1,0.11%,57.65MiB / 15.62GiB
15:18:51,sugang-control-plane,19.72%,763.7MiB / 15.62GiB
15:18:51,sugang-worker,3.26%,1.002GiB / 15.62GiB
15:18:51,sugang-worker2,3.26%,1.29GiB / 15.62GiB
15:18:51,biostream_api,8.50%,218.4MiB / 15.62GiB
15:18:51,biostream_mcp,0.00%,0B / 0B
15:18:51,biostream_qdrant,0.13%,165.7MiB / 15.62GiB
15:18:51,biostream_db,0.01%,35.74MiB / 15.62GiB
15:18:58,courseregistrationplatform-k6-run-fcf3ac954823,150.55%,3.385GiB / 15.62GiB
15:18:58,courseregistrationplatform-backend_2-1,43.68%,194.2MiB / 15.62GiB
15:18:58,courseregistrationplatform-backend_1-1,99.30%,166.2MiB / 15.62GiB
15:18:58,courseregistrationplatform-frontend-1,0.00%,46.62MiB / 15.62GiB
15:18:58,courseregistrationplatform-worker_1-1,0.90%,35.05MiB / 15.62GiB
15:18:58,courseregistrationplatform-worker_2-1,0.88%,34.45MiB / 15.62GiB
15:18:58,courseregistrationplatform-nginx-1,28.82%,142.4MiB / 15.62GiB
15:18:58,courseregistrationplatform-ai-server-1,0.23%,121.5MiB / 15.62GiB
15:18:58,courseregistrationplatform-db-1,2.04%,440.2MiB / 15.62GiB
15:18:58,courseregistrationplatform-rabbitmq-1,1.34%,163.8MiB / 15.62GiB
15:18:58,courseregistrationplatform-redis-1,9.01%,10.05MiB / 15.62GiB
15:18:58,courseregistrationplatform-grafana-1,0.24%,61.36MiB / 15.62GiB
15:18:58,courseregistrationplatform-prometheus-1,0.09%,57.64MiB / 15.62GiB
15:18:58,sugang-control-plane,9.92%,763.1MiB / 15.62GiB
15:18:58,sugang-worker,3.90%,1.002GiB / 15.62GiB
15:18:58,sugang-worker2,5.05%,1.289GiB / 15.62GiB
15:18:58,biostream_api,8.43%,218.6MiB / 15.62GiB
15:18:58,biostream_mcp,0.00%,0B / 0B
15:18:58,biostream_qdrant,0.13%,165.7MiB / 15.62GiB
15:18:58,biostream_db,0.00%,35.74MiB / 15.62GiB
15:19:05,courseregistrationplatform-k6-run-fcf3ac954823,151.54%,3.385GiB / 15.62GiB
15:19:05,courseregistrationplatform-backend_2-1,97.31%,186.7MiB / 15.62GiB
15:19:05,courseregistrationplatform-backend_1-1,98.98%,190MiB / 15.62GiB
15:19:05,courseregistrationplatform-frontend-1,0.00%,46.62MiB / 15.62GiB
15:19:05,courseregistrationplatform-worker_1-1,0.20%,35.69MiB / 15.62GiB
15:19:05,courseregistrationplatform-worker_2-1,0.22%,34.75MiB / 15.62GiB
15:19:05,courseregistrationplatform-nginx-1,25.42%,140.2MiB / 15.62GiB
15:19:05,courseregistrationplatform-ai-server-1,0.24%,121.5MiB / 15.62GiB
15:19:05,courseregistrationplatform-db-1,5.19%,440.4MiB / 15.62GiB
15:19:05,courseregistrationplatform-rabbitmq-1,0.71%,163.7MiB / 15.62GiB
15:19:05,courseregistrationplatform-redis-1,12.12%,10.04MiB / 15.62GiB
15:19:05,courseregistrationplatform-grafana-1,0.06%,61.36MiB / 15.62GiB
15:19:05,courseregistrationplatform-prometheus-1,0.85%,57.65MiB / 15.62GiB
15:19:05,sugang-control-plane,20.97%,763.9MiB / 15.62GiB
15:19:05,sugang-worker,3.39%,1.002GiB / 15.62GiB
15:19:05,sugang-worker2,4.36%,1.288GiB / 15.62GiB
15:19:05,biostream_api,8.42%,218.4MiB / 15.62GiB
15:19:05,biostream_mcp,0.00%,0B / 0B
15:19:05,biostream_qdrant,0.29%,165.7MiB / 15.62GiB
15:19:05,biostream_db,0.00%,35.74MiB / 15.62GiB
15:19:12,courseregistrationplatform-k6-run-fcf3ac954823,143.69%,3.385GiB / 15.62GiB
15:19:12,courseregistrationplatform-backend_2-1,100.80%,159.4MiB / 15.62GiB
15:19:12,courseregistrationplatform-backend_1-1,100.68%,195.1MiB / 15.62GiB
15:19:12,courseregistrationplatform-frontend-1,0.00%,46.62MiB / 15.62GiB
15:19:12,courseregistrationplatform-worker_1-1,0.56%,34.92MiB / 15.62GiB
15:19:12,courseregistrationplatform-worker_2-1,0.42%,34.58MiB / 15.62GiB
15:19:12,courseregistrationplatform-nginx-1,21.24%,134.3MiB / 15.62GiB
15:19:12,courseregistrationplatform-ai-server-1,0.17%,121.5MiB / 15.62GiB
15:19:12,courseregistrationplatform-db-1,2.04%,440.3MiB / 15.62GiB
15:19:12,courseregistrationplatform-rabbitmq-1,0.73%,163.6MiB / 15.62GiB
15:19:12,courseregistrationplatform-redis-1,13.48%,10.03MiB / 15.62GiB
15:19:12,courseregistrationplatform-grafana-1,0.06%,61.36MiB / 15.62GiB
15:19:12,courseregistrationplatform-prometheus-1,0.15%,57.64MiB / 15.62GiB
15:19:12,sugang-control-plane,18.92%,765.1MiB / 15.62GiB
15:19:12,sugang-worker,3.85%,1.004GiB / 15.62GiB
15:19:12,sugang-worker2,6.29%,1.288GiB / 15.62GiB
15:19:12,biostream_api,7.97%,218.1MiB / 15.62GiB
15:19:12,biostream_mcp,0.00%,0B / 0B
15:19:12,biostream_qdrant,0.11%,165.7MiB / 15.62GiB
15:19:12,biostream_db,0.01%,35.74MiB / 15.62GiB
15:19:20,courseregistrationplatform-k6-run-fcf3ac954823,152.52%,3.384GiB / 15.62GiB
15:19:20,courseregistrationplatform-backend_2-1,98.75%,169.7MiB / 15.62GiB
15:19:20,courseregistrationplatform-backend_1-1,104.53%,168MiB / 15.62GiB
15:19:20,courseregistrationplatform-frontend-1,0.00%,46.62MiB / 15.62GiB
15:19:20,courseregistrationplatform-worker_1-1,0.67%,35.05MiB / 15.62GiB
15:19:20,courseregistrationplatform-worker_2-1,1.30%,34.39MiB / 15.62GiB
15:19:20,courseregistrationplatform-nginx-1,32.09%,131.1MiB / 15.62GiB
15:19:20,courseregistrationplatform-ai-server-1,0.21%,121.5MiB / 15.62GiB
15:19:20,courseregistrationplatform-db-1,2.82%,440.3MiB / 15.62GiB
15:19:20,courseregistrationplatform-rabbitmq-1,1.30%,164.5MiB / 15.62GiB
15:19:20,courseregistrationplatform-redis-1,11.83%,10.53MiB / 15.62GiB
15:19:20,courseregistrationplatform-grafana-1,0.04%,61.36MiB / 15.62GiB
15:19:20,courseregistrationplatform-prometheus-1,0.11%,57.64MiB / 15.62GiB
15:19:20,sugang-control-plane,14.45%,764.5MiB / 15.62GiB
15:19:20,sugang-worker,8.37%,1.005GiB / 15.62GiB
15:19:20,sugang-worker2,6.21%,1.289GiB / 15.62GiB
15:19:20,biostream_api,8.51%,218.8MiB / 15.62GiB
15:19:20,biostream_mcp,0.00%,0B / 0B
15:19:20,biostream_qdrant,0.12%,165.7MiB / 15.62GiB
15:19:20,biostream_db,0.00%,35.74MiB / 15.62GiB
15:19:28,courseregistrationplatform-k6-run-fcf3ac954823,146.73%,3.384GiB / 15.62GiB
15:19:28,courseregistrationplatform-backend_2-1,101.45%,181.8MiB / 15.62GiB
15:19:28,courseregistrationplatform-backend_1-1,92.41%,166.2MiB / 15.62GiB
15:19:28,courseregistrationplatform-frontend-1,0.00%,46.62MiB / 15.62GiB
15:19:28,courseregistrationplatform-worker_1-1,3.47%,35.21MiB / 15.62GiB
15:19:28,courseregistrationplatform-worker_2-1,3.11%,34.64MiB / 15.62GiB
15:19:28,courseregistrationplatform-nginx-1,21.95%,133.1MiB / 15.62GiB
15:19:28,courseregistrationplatform-ai-server-1,0.28%,121.5MiB / 15.62GiB
15:19:28,courseregistrationplatform-db-1,4.38%,440.8MiB / 15.62GiB
15:19:28,courseregistrationplatform-rabbitmq-1,2.05%,164.3MiB / 15.62GiB
15:19:28,courseregistrationplatform-redis-1,12.27%,10.28MiB / 15.62GiB
15:19:28,courseregistrationplatform-grafana-1,0.05%,61.36MiB / 15.62GiB
15:19:28,courseregistrationplatform-prometheus-1,0.00%,57.64MiB / 15.62GiB
15:19:28,sugang-control-plane,12.03%,764MiB / 15.62GiB
15:19:28,sugang-worker,3.75%,1.012GiB / 15.62GiB
15:19:28,sugang-worker2,5.67%,1.29GiB / 15.62GiB
15:19:28,biostream_api,8.93%,218.6MiB / 15.62GiB
15:19:28,biostream_mcp,0.00%,0B / 0B
15:19:28,biostream_qdrant,0.12%,165.7MiB / 15.62GiB
15:19:28,biostream_db,0.00%,35.74MiB / 15.62GiB
15:19:34,courseregistrationplatform-k6-run-fcf3ac954823,158.32%,3.384GiB / 15.62GiB
15:19:34,courseregistrationplatform-backend_2-1,99.66%,185.8MiB / 15.62GiB
15:19:34,courseregistrationplatform-backend_1-1,96.90%,155.9MiB / 15.62GiB
15:19:34,courseregistrationplatform-frontend-1,0.00%,46.62MiB / 15.62GiB
15:19:34,courseregistrationplatform-worker_1-1,1.56%,34.73MiB / 15.62GiB
15:19:34,courseregistrationplatform-worker_2-1,1.04%,34.9MiB / 15.62GiB
15:19:34,courseregistrationplatform-nginx-1,32.89%,127MiB / 15.62GiB
15:19:34,courseregistrationplatform-ai-server-1,0.19%,121.5MiB / 15.62GiB
15:19:34,courseregistrationplatform-db-1,3.10%,440.3MiB / 15.62GiB
15:19:34,courseregistrationplatform-rabbitmq-1,1.71%,164.3MiB / 15.62GiB
15:19:34,courseregistrationplatform-redis-1,11.54%,10.77MiB / 15.62GiB
15:19:34,courseregistrationplatform-grafana-1,0.08%,61.36MiB / 15.62GiB
15:19:34,courseregistrationplatform-prometheus-1,0.13%,57.64MiB / 15.62GiB
15:19:34,sugang-control-plane,13.73%,763.1MiB / 15.62GiB
15:19:34,sugang-worker,9.78%,1.012GiB / 15.62GiB
15:19:34,sugang-worker2,6.08%,1.297GiB / 15.62GiB
15:19:34,biostream_api,8.53%,218.4MiB / 15.62GiB
15:19:34,biostream_mcp,0.00%,0B / 0B
15:19:34,biostream_qdrant,2.51%,165.7MiB / 15.62GiB
15:19:34,biostream_db,0.00%,35.74MiB / 15.62GiB
15:19:41,courseregistrationplatform-k6-run-fcf3ac954823,126.07%,3.376GiB / 15.62GiB
15:19:41,courseregistrationplatform-backend_2-1,84.94%,168.5MiB / 15.62GiB
15:19:41,courseregistrationplatform-backend_1-1,79.53%,163.6MiB / 15.62GiB
15:19:41,courseregistrationplatform-frontend-1,0.00%,46.62MiB / 15.62GiB
15:19:41,courseregistrationplatform-worker_1-1,0.51%,35.18MiB / 15.62GiB
15:19:41,courseregistrationplatform-worker_2-1,0.91%,34.76MiB / 15.62GiB
15:19:41,courseregistrationplatform-nginx-1,27.23%,124.1MiB / 15.62GiB
15:19:41,courseregistrationplatform-ai-server-1,0.23%,121.5MiB / 15.62GiB
15:19:41,courseregistrationplatform-db-1,1.87%,440.3MiB / 15.62GiB
15:19:41,courseregistrationplatform-rabbitmq-1,1.02%,164.1MiB / 15.62GiB
15:19:41,courseregistrationplatform-redis-1,9.26%,9.801MiB / 15.62GiB
15:19:41,courseregistrationplatform-grafana-1,0.05%,61.37MiB / 15.62GiB
15:19:41,courseregistrationplatform-prometheus-1,0.00%,57.68MiB / 15.62GiB
15:19:41,sugang-control-plane,12.71%,763.9MiB / 15.62GiB
15:19:41,sugang-worker,3.75%,1.01GiB / 15.62GiB
15:19:41,sugang-worker2,3.94%,1.297GiB / 15.62GiB
15:19:41,biostream_api,4.87%,218.3MiB / 15.62GiB
15:19:41,biostream_mcp,0.00%,0B / 0B
15:19:41,biostream_qdrant,0.12%,165.7MiB / 15.62GiB
15:19:41,biostream_db,3.82%,35.74MiB / 15.62GiB
15:19:48,courseregistrationplatform-k6-run-fcf3ac954823,154.79%,3.375GiB / 15.62GiB
15:19:48,courseregistrationplatform-backend_2-1,98.74%,170.9MiB / 15.62GiB
15:19:48,courseregistrationplatform-backend_1-1,98.88%,166.9MiB / 15.62GiB
15:19:48,courseregistrationplatform-frontend-1,0.00%,46.62MiB / 15.62GiB
15:19:48,courseregistrationplatform-worker_1-1,0.76%,35.25MiB / 15.62GiB
15:19:48,courseregistrationplatform-worker_2-1,1.45%,35.29MiB / 15.62GiB
15:19:48,courseregistrationplatform-nginx-1,32.63%,131.2MiB / 15.62GiB
15:19:48,courseregistrationplatform-ai-server-1,0.21%,121.5MiB / 15.62GiB
15:19:48,courseregistrationplatform-db-1,3.81%,440.6MiB / 15.62GiB
15:19:48,courseregistrationplatform-rabbitmq-1,1.47%,164.3MiB / 15.62GiB
15:19:48,courseregistrationplatform-redis-1,11.69%,10.53MiB / 15.62GiB
15:19:48,courseregistrationplatform-grafana-1,0.18%,61.37MiB / 15.62GiB
15:19:48,courseregistrationplatform-prometheus-1,0.10%,58.31MiB / 15.62GiB
15:19:48,sugang-control-plane,11.40%,763.9MiB / 15.62GiB
15:19:48,sugang-worker,3.39%,1.011GiB / 15.62GiB
15:19:48,sugang-worker2,2.88%,1.297GiB / 15.62GiB
15:19:48,biostream_api,8.70%,218.4MiB / 15.62GiB
15:19:48,biostream_mcp,0.00%,0B / 0B
15:19:48,biostream_qdrant,0.12%,165.7MiB / 15.62GiB
15:19:48,biostream_db,0.00%,35.74MiB / 15.62GiB
15:19:55,courseregistrationplatform-k6-run-fcf3ac954823,150.90%,3.375GiB / 15.62GiB
15:19:55,courseregistrationplatform-backend_2-1,97.95%,178.9MiB / 15.62GiB
15:19:55,courseregistrationplatform-backend_1-1,99.47%,158.3MiB / 15.62GiB
15:19:55,courseregistrationplatform-frontend-1,0.00%,46.62MiB / 15.62GiB
15:19:55,courseregistrationplatform-worker_1-1,1.33%,34.61MiB / 15.62GiB
15:19:55,courseregistrationplatform-worker_2-1,1.58%,35.58MiB / 15.62GiB
15:19:55,courseregistrationplatform-nginx-1,28.64%,124.5MiB / 15.62GiB
15:19:55,courseregistrationplatform-ai-server-1,0.23%,121.5MiB / 15.62GiB
15:19:55,courseregistrationplatform-db-1,3.36%,440.3MiB / 15.62GiB
15:19:55,courseregistrationplatform-rabbitmq-1,1.32%,164.1MiB / 15.62GiB
15:19:55,courseregistrationplatform-redis-1,11.26%,9.793MiB / 15.62GiB
15:19:55,courseregistrationplatform-grafana-1,0.08%,61.37MiB / 15.62GiB
15:19:55,courseregistrationplatform-prometheus-1,0.82%,59.6MiB / 15.62GiB
15:19:55,sugang-control-plane,13.76%,763.6MiB / 15.62GiB
15:19:55,sugang-worker,4.24%,1.012GiB / 15.62GiB
15:19:55,sugang-worker2,3.12%,1.299GiB / 15.62GiB
15:19:55,biostream_api,8.43%,218.9MiB / 15.62GiB
15:19:55,biostream_mcp,0.00%,0B / 0B
15:19:55,biostream_qdrant,2.99%,165.7MiB / 15.62GiB
15:19:55,biostream_db,0.00%,35.74MiB / 15.62GiB
15:20:02,courseregistrationplatform-k6-run-fcf3ac954823,156.55%,3.375GiB / 15.62GiB
15:20:02,courseregistrationplatform-backend_2-1,100.72%,176.9MiB / 15.62GiB
15:20:02,courseregistrationplatform-backend_1-1,97.33%,158MiB / 15.62GiB
15:20:02,courseregistrationplatform-frontend-1,0.00%,46.62MiB / 15.62GiB
15:20:02,courseregistrationplatform-worker_1-1,0.87%,35.13MiB / 15.62GiB
15:20:02,courseregistrationplatform-worker_2-1,0.76%,34.52MiB / 15.62GiB
15:20:02,courseregistrationplatform-nginx-1,30.02%,125.6MiB / 15.62GiB
15:20:02,courseregistrationplatform-ai-server-1,0.19%,121.5MiB / 15.62GiB
15:20:02,courseregistrationplatform-db-1,2.22%,440.3MiB / 15.62GiB
15:20:02,courseregistrationplatform-rabbitmq-1,0.96%,163.7MiB / 15.62GiB
15:20:02,courseregistrationplatform-redis-1,12.03%,10.04MiB / 15.62GiB
15:20:02,courseregistrationplatform-grafana-1,0.05%,61.37MiB / 15.62GiB
15:20:02,courseregistrationplatform-prometheus-1,0.18%,59.61MiB / 15.62GiB
15:20:02,sugang-control-plane,11.44%,763.3MiB / 15.62GiB
15:20:02,sugang-worker,6.62%,1.011GiB / 15.62GiB
15:20:02,sugang-worker2,7.00%,1.297GiB / 15.62GiB
15:20:02,biostream_api,8.42%,219.1MiB / 15.62GiB
15:20:02,biostream_mcp,0.00%,0B / 0B
15:20:02,biostream_qdrant,0.12%,165.7MiB / 15.62GiB
15:20:02,biostream_db,3.89%,35.74MiB / 15.62GiB
15:20:09,courseregistrationplatform-k6-run-fcf3ac954823,152.28%,3.375GiB / 15.62GiB
15:20:09,courseregistrationplatform-backend_2-1,95.46%,174.7MiB / 15.62GiB
15:20:09,courseregistrationplatform-backend_1-1,102.10%,166.7MiB / 15.62GiB
15:20:09,courseregistrationplatform-frontend-1,0.00%,46.62MiB / 15.62GiB
15:20:09,courseregistrationplatform-worker_1-1,0.73%,34.78MiB / 15.62GiB
15:20:09,courseregistrationplatform-worker_2-1,0.96%,34.53MiB / 15.62GiB
15:20:09,courseregistrationplatform-nginx-1,27.87%,126.4MiB / 15.62GiB
15:20:09,courseregistrationplatform-ai-server-1,0.24%,121.5MiB / 15.62GiB
15:20:09,courseregistrationplatform-db-1,2.36%,440.3MiB / 15.62GiB
15:20:09,courseregistrationplatform-rabbitmq-1,0.99%,163.7MiB / 15.62GiB
15:20:09,courseregistrationplatform-redis-1,12.01%,10.29MiB / 15.62GiB
15:20:09,courseregistrationplatform-grafana-1,0.06%,61.37MiB / 15.62GiB
15:20:09,courseregistrationplatform-prometheus-1,0.12%,59.61MiB / 15.62GiB
15:20:09,sugang-control-plane,10.55%,763.9MiB / 15.62GiB
15:20:09,sugang-worker,4.34%,1.011GiB / 15.62GiB
15:20:09,sugang-worker2,2.89%,1.296GiB / 15.62GiB
15:20:09,biostream_api,8.71%,218.4MiB / 15.62GiB
15:20:09,biostream_mcp,0.00%,0B / 0B
15:20:09,biostream_qdrant,0.16%,165.7MiB / 15.62GiB
15:20:09,biostream_db,0.00%,35.74MiB / 15.62GiB
15:20:16,courseregistrationplatform-k6-run-fcf3ac954823,164.71%,3.374GiB / 15.62GiB
15:20:16,courseregistrationplatform-backend_2-1,101.54%,181.5MiB / 15.62GiB
15:20:16,courseregistrationplatform-backend_1-1,100.40%,164.6MiB / 15.62GiB
15:20:16,courseregistrationplatform-frontend-1,0.00%,46.62MiB / 15.62GiB
15:20:16,courseregistrationplatform-worker_1-1,2.23%,35.11MiB / 15.62GiB
15:20:16,courseregistrationplatform-worker_2-1,1.56%,34.61MiB / 15.62GiB
15:20:16,courseregistrationplatform-nginx-1,34.86%,125.6MiB / 15.62GiB
15:20:16,courseregistrationplatform-ai-server-1,0.21%,121.5MiB / 15.62GiB
15:20:16,courseregistrationplatform-db-1,7.06%,440.3MiB / 15.62GiB
15:20:16,courseregistrationplatform-rabbitmq-1,1.80%,163.8MiB / 15.62GiB
15:20:16,courseregistrationplatform-redis-1,12.33%,9.801MiB / 15.62GiB
15:20:16,courseregistrationplatform-grafana-1,0.62%,61.37MiB / 15.62GiB
15:20:16,courseregistrationplatform-prometheus-1,1.05%,60.24MiB / 15.62GiB
15:20:16,sugang-control-plane,11.27%,764.9MiB / 15.62GiB
15:20:16,sugang-worker,3.83%,1.011GiB / 15.62GiB
15:20:16,sugang-worker2,5.60%,1.297GiB / 15.62GiB
15:20:16,biostream_api,8.79%,218.9MiB / 15.62GiB
15:20:16,biostream_mcp,0.00%,0B / 0B
15:20:16,biostream_qdrant,0.12%,165.7MiB / 15.62GiB
15:20:16,biostream_db,0.00%,35.74MiB / 15.62GiB
15:20:23,courseregistrationplatform-k6-run-fcf3ac954823,150.83%,3.374GiB / 15.62GiB
15:20:23,courseregistrationplatform-backend_2-1,99.29%,188.8MiB / 15.62GiB
15:20:23,courseregistrationplatform-backend_1-1,98.79%,164.4MiB / 15.62GiB
15:20:23,courseregistrationplatform-frontend-1,0.00%,46.62MiB / 15.62GiB
15:20:23,courseregistrationplatform-worker_1-1,0.89%,35.35MiB / 15.62GiB
15:20:23,courseregistrationplatform-worker_2-1,1.66%,34.68MiB / 15.62GiB
15:20:23,courseregistrationplatform-nginx-1,26.10%,120.8MiB / 15.62GiB
15:20:23,courseregistrationplatform-ai-server-1,0.26%,121.5MiB / 15.62GiB
15:20:23,courseregistrationplatform-db-1,3.05%,440.4MiB / 15.62GiB
15:20:23,courseregistrationplatform-rabbitmq-1,1.18%,164.7MiB / 15.62GiB
15:20:23,courseregistrationplatform-redis-1,12.48%,10.29MiB / 15.62GiB
15:20:23,courseregistrationplatform-grafana-1,0.05%,61.37MiB / 15.62GiB
15:20:23,courseregistrationplatform-prometheus-1,0.15%,60.25MiB / 15.62GiB
15:20:23,sugang-control-plane,11.54%,764.9MiB / 15.62GiB
15:20:23,sugang-worker,2.59%,1.011GiB / 15.62GiB
15:20:23,sugang-worker2,3.71%,1.298GiB / 15.62GiB
15:20:23,biostream_api,8.71%,219.1MiB / 15.62GiB
15:20:23,biostream_mcp,0.00%,0B / 0B
15:20:23,biostream_qdrant,0.12%,165.7MiB / 15.62GiB
15:20:23,biostream_db,0.01%,35.74MiB / 15.62GiB
15:20:30,courseregistrationplatform-k6-run-fcf3ac954823,161.35%,3.374GiB / 15.62GiB
15:20:30,courseregistrationplatform-backend_2-1,105.22%,173.2MiB / 15.62GiB
15:20:30,courseregistrationplatform-backend_1-1,99.52%,162.3MiB / 15.62GiB
15:20:30,courseregistrationplatform-frontend-1,0.00%,46.62MiB / 15.62GiB
15:20:30,courseregistrationplatform-worker_1-1,0.86%,34.8MiB / 15.62GiB
15:20:30,courseregistrationplatform-worker_2-1,1.00%,34.7MiB / 15.62GiB
15:20:30,courseregistrationplatform-nginx-1,31.17%,114.1MiB / 15.62GiB
15:20:30,courseregistrationplatform-ai-server-1,0.20%,121.5MiB / 15.62GiB
15:20:30,courseregistrationplatform-db-1,2.86%,440.4MiB / 15.62GiB
15:20:30,courseregistrationplatform-rabbitmq-1,1.11%,163.9MiB / 15.62GiB
15:20:30,courseregistrationplatform-redis-1,11.74%,10.31MiB / 15.62GiB
15:20:30,courseregistrationplatform-grafana-1,0.06%,61.37MiB / 15.62GiB
15:20:30,courseregistrationplatform-prometheus-1,0.10%,60.5MiB / 15.62GiB
15:20:30,sugang-control-plane,14.98%,762.5MiB / 15.62GiB
15:20:30,sugang-worker,7.60%,1.011GiB / 15.62GiB
15:20:30,sugang-worker2,4.61%,1.297GiB / 15.62GiB
15:20:30,biostream_api,7.65%,218.1MiB / 15.62GiB
15:20:30,biostream_mcp,0.00%,0B / 0B
15:20:30,biostream_qdrant,0.24%,165.7MiB / 15.62GiB
15:20:30,biostream_db,0.00%,35.74MiB / 15.62GiB
15:20:37,courseregistrationplatform-k6-run-fcf3ac954823,155.68%,3.374GiB / 15.62GiB
15:20:37,courseregistrationplatform-backend_2-1,105.32%,164.3MiB / 15.62GiB
15:20:37,courseregistrationplatform-backend_1-1,97.47%,166.9MiB / 15.62GiB
15:20:37,courseregistrationplatform-frontend-1,0.00%,46.62MiB / 15.62GiB
15:20:37,courseregistrationplatform-worker_1-1,0.60%,34.82MiB / 15.62GiB
15:20:37,courseregistrationplatform-worker_2-1,0.65%,34.91MiB / 15.62GiB
15:20:37,courseregistrationplatform-nginx-1,25.79%,111.4MiB / 15.62GiB
15:20:37,courseregistrationplatform-ai-server-1,0.21%,121.5MiB / 15.62GiB
15:20:37,courseregistrationplatform-db-1,2.36%,440.3MiB / 15.62GiB
15:20:37,courseregistrationplatform-rabbitmq-1,1.00%,164.1MiB / 15.62GiB
15:20:37,courseregistrationplatform-redis-1,12.35%,10.06MiB / 15.62GiB
15:20:37,courseregistrationplatform-grafana-1,0.11%,61.37MiB / 15.62GiB
15:20:37,courseregistrationplatform-prometheus-1,0.13%,59.43MiB / 15.62GiB
15:20:37,sugang-control-plane,11.35%,762.6MiB / 15.62GiB
15:20:37,sugang-worker,3.08%,1.01GiB / 15.62GiB
15:20:37,sugang-worker2,4.64%,1.296GiB / 15.62GiB
15:20:37,biostream_api,8.34%,219.4MiB / 15.62GiB
15:20:37,biostream_mcp,0.00%,0B / 0B
15:20:37,biostream_qdrant,0.12%,165.7MiB / 15.62GiB
15:20:37,biostream_db,3.75%,35.95MiB / 15.62GiB
15:20:45,courseregistrationplatform-k6-run-fcf3ac954823,153.00%,3.374GiB / 15.62GiB
15:20:45,courseregistrationplatform-backend_2-1,102.57%,164.9MiB / 15.62GiB
15:20:45,courseregistrationplatform-backend_1-1,95.27%,167MiB / 15.62GiB
15:20:45,courseregistrationplatform-frontend-1,0.00%,46.62MiB / 15.62GiB
15:20:45,courseregistrationplatform-worker_1-1,1.15%,34.52MiB / 15.62GiB
15:20:45,courseregistrationplatform-worker_2-1,1.60%,35.01MiB / 15.62GiB
15:20:45,courseregistrationplatform-nginx-1,27.21%,114.6MiB / 15.62GiB
15:20:45,courseregistrationplatform-ai-server-1,0.19%,121.5MiB / 15.62GiB
15:20:45,courseregistrationplatform-db-1,3.18%,440.4MiB / 15.62GiB
15:20:45,courseregistrationplatform-rabbitmq-1,1.76%,164.2MiB / 15.62GiB
15:20:45,courseregistrationplatform-redis-1,11.65%,9.82MiB / 15.62GiB
15:20:45,courseregistrationplatform-grafana-1,0.44%,61.38MiB / 15.62GiB
15:20:45,courseregistrationplatform-prometheus-1,0.95%,59.45MiB / 15.62GiB
15:20:45,sugang-control-plane,15.22%,763.5MiB / 15.62GiB
15:20:45,sugang-worker,2.59%,1.01GiB / 15.62GiB
15:20:45,sugang-worker2,3.75%,1.297GiB / 15.62GiB
15:20:45,biostream_api,8.37%,218.6MiB / 15.62GiB
15:20:45,biostream_mcp,0.00%,0B / 0B
15:20:45,biostream_qdrant,3.10%,165.7MiB / 15.62GiB
15:20:45,biostream_db,0.00%,35.74MiB / 15.62GiB
15:20:52,courseregistrationplatform-k6-run-fcf3ac954823,159.21%,3.374GiB / 15.62GiB
15:20:52,courseregistrationplatform-backend_2-1,98.94%,170.9MiB / 15.62GiB
15:20:52,courseregistrationplatform-backend_1-1,93.72%,167.2MiB / 15.62GiB
15:20:52,courseregistrationplatform-frontend-1,0.00%,46.58MiB / 15.62GiB
15:20:52,courseregistrationplatform-worker_1-1,1.48%,35.06MiB / 15.62GiB
15:20:52,courseregistrationplatform-worker_2-1,1.79%,34.57MiB / 15.62GiB
15:20:52,courseregistrationplatform-nginx-1,29.07%,122MiB / 15.62GiB
15:20:52,courseregistrationplatform-ai-server-1,0.18%,121.5MiB / 15.62GiB
15:20:52,courseregistrationplatform-db-1,3.35%,441.4MiB / 15.62GiB
15:20:52,courseregistrationplatform-rabbitmq-1,1.60%,164.4MiB / 15.62GiB
15:20:52,courseregistrationplatform-redis-1,10.98%,9.832MiB / 15.62GiB
15:20:52,courseregistrationplatform-grafana-1,0.07%,61.36MiB / 15.62GiB
15:20:52,courseregistrationplatform-prometheus-1,0.00%,59.64MiB / 15.62GiB
15:20:52,sugang-control-plane,14.02%,764.1MiB / 15.62GiB
15:20:52,sugang-worker,3.75%,1.014GiB / 15.62GiB
15:20:52,sugang-worker2,4.19%,1.297GiB / 15.62GiB
15:20:52,biostream_api,8.55%,218.8MiB / 15.62GiB
15:20:52,biostream_mcp,0.00%,0B / 0B
15:20:52,biostream_qdrant,0.12%,165.2MiB / 15.62GiB
15:20:52,biostream_db,3.48%,35.74MiB / 15.62GiB
15:20:59,courseregistrationplatform-k6-run-fcf3ac954823,159.83%,3.373GiB / 15.62GiB
15:20:59,courseregistrationplatform-backend_2-1,96.74%,173.2MiB / 15.62GiB
15:20:59,courseregistrationplatform-backend_1-1,97.82%,157.8MiB / 15.62GiB
15:20:59,courseregistrationplatform-frontend-1,0.00%,46.58MiB / 15.62GiB
15:20:59,courseregistrationplatform-worker_1-1,0.74%,34.8MiB / 15.62GiB
15:20:59,courseregistrationplatform-worker_2-1,1.05%,34.58MiB / 15.62GiB
15:20:59,courseregistrationplatform-nginx-1,29.28%,116.4MiB / 15.62GiB
15:20:59,courseregistrationplatform-ai-server-1,0.19%,121.5MiB / 15.62GiB
15:20:59,courseregistrationplatform-db-1,3.05%,440.6MiB / 15.62GiB
15:20:59,courseregistrationplatform-rabbitmq-1,0.97%,164.1MiB / 15.62GiB
15:20:59,courseregistrationplatform-redis-1,11.25%,10.31MiB / 15.62GiB
15:20:59,courseregistrationplatform-grafana-1,0.05%,61.36MiB / 15.62GiB
15:20:59,courseregistrationplatform-prometheus-1,0.16%,59.64MiB / 15.62GiB
15:20:59,sugang-control-plane,10.59%,763.4MiB / 15.62GiB
15:20:59,sugang-worker,3.22%,1.014GiB / 15.62GiB
15:20:59,sugang-worker2,5.84%,1.297GiB / 15.62GiB
15:20:59,biostream_api,7.72%,218MiB / 15.62GiB
15:20:59,biostream_mcp,0.00%,0B / 0B
15:20:59,biostream_qdrant,0.13%,165.2MiB / 15.62GiB
15:20:59,biostream_db,0.00%,35.74MiB / 15.62GiB
15:21:06,courseregistrationplatform-k6-run-fcf3ac954823,152.48%,3.374GiB / 15.62GiB
15:21:06,courseregistrationplatform-backend_2-1,95.20%,174.8MiB / 15.62GiB
15:21:06,courseregistrationplatform-backend_1-1,98.69%,152.8MiB / 15.62GiB
15:21:06,courseregistrationplatform-frontend-1,0.00%,46.58MiB / 15.62GiB
15:21:06,courseregistrationplatform-worker_1-1,0.96%,35.19MiB / 15.62GiB
15:21:06,courseregistrationplatform-worker_2-1,0.83%,35.02MiB / 15.62GiB
15:21:06,courseregistrationplatform-nginx-1,27.90%,113.5MiB / 15.62GiB
15:21:06,courseregistrationplatform-ai-server-1,0.21%,121.5MiB / 15.62GiB
15:21:06,courseregistrationplatform-db-1,6.61%,441.6MiB / 15.62GiB
15:21:06,courseregistrationplatform-rabbitmq-1,1.07%,164.3MiB / 15.62GiB
15:21:06,courseregistrationplatform-redis-1,11.49%,10.56MiB / 15.62GiB
15:21:06,courseregistrationplatform-grafana-1,0.47%,61.36MiB / 15.62GiB
15:21:06,courseregistrationplatform-prometheus-1,0.77%,59.65MiB / 15.62GiB
15:21:06,sugang-control-plane,15.03%,762.7MiB / 15.62GiB
15:21:06,sugang-worker,3.68%,1.013GiB / 15.62GiB
15:21:06,sugang-worker2,5.04%,1.297GiB / 15.62GiB
15:21:06,biostream_api,6.09%,218.3MiB / 15.62GiB
15:21:06,biostream_mcp,0.00%,0B / 0B
15:21:06,biostream_qdrant,0.14%,165.2MiB / 15.62GiB
15:21:06,biostream_db,0.00%,35.74MiB / 15.62GiB
15:21:14,courseregistrationplatform-k6-run-fcf3ac954823,152.21%,3.373GiB / 15.62GiB
15:21:14,courseregistrationplatform-backend_2-1,99.02%,171.6MiB / 15.62GiB
15:21:14,courseregistrationplatform-backend_1-1,100.73%,156.3MiB / 15.62GiB
15:21:14,courseregistrationplatform-frontend-1,0.00%,46.58MiB / 15.62GiB
15:21:14,courseregistrationplatform-worker_1-1,0.83%,35.27MiB / 15.62GiB
15:21:14,courseregistrationplatform-worker_2-1,0.73%,35.27MiB / 15.62GiB
15:21:14,courseregistrationplatform-nginx-1,29.79%,111.4MiB / 15.62GiB
15:21:14,courseregistrationplatform-ai-server-1,0.22%,121.5MiB / 15.62GiB
15:21:14,courseregistrationplatform-db-1,2.26%,440.9MiB / 15.62GiB
15:21:14,courseregistrationplatform-rabbitmq-1,2.10%,163.8MiB / 15.62GiB
15:21:14,courseregistrationplatform-redis-1,11.89%,10.07MiB / 15.62GiB
15:21:14,courseregistrationplatform-grafana-1,0.11%,61.36MiB / 15.62GiB
15:21:14,courseregistrationplatform-prometheus-1,0.07%,59.64MiB / 15.62GiB
15:21:14,sugang-control-plane,11.52%,764MiB / 15.62GiB
15:21:14,sugang-worker,3.48%,1.013GiB / 15.62GiB
15:21:14,sugang-worker2,3.56%,1.297GiB / 15.62GiB
15:21:14,biostream_api,8.58%,219MiB / 15.62GiB
15:21:14,biostream_mcp,0.00%,0B / 0B
15:21:14,biostream_qdrant,2.78%,165.3MiB / 15.62GiB
15:21:14,biostream_db,0.00%,35.74MiB / 15.62GiB
15:21:22,courseregistrationplatform-k6-run-fcf3ac954823,155.84%,3.372GiB / 15.62GiB
15:21:22,courseregistrationplatform-backend_2-1,99.13%,165MiB / 15.62GiB
15:21:22,courseregistrationplatform-backend_1-1,94.01%,163.3MiB / 15.62GiB
15:21:22,courseregistrationplatform-frontend-1,0.00%,46.58MiB / 15.62GiB
15:21:22,courseregistrationplatform-worker_1-1,1.20%,35.12MiB / 15.62GiB
15:21:22,courseregistrationplatform-worker_2-1,1.03%,34.8MiB / 15.62GiB
15:21:22,courseregistrationplatform-nginx-1,29.42%,113.9MiB / 15.62GiB
15:21:22,courseregistrationplatform-ai-server-1,0.19%,121.5MiB / 15.62GiB
15:21:22,courseregistrationplatform-db-1,3.57%,440.4MiB / 15.62GiB
15:21:22,courseregistrationplatform-rabbitmq-1,1.21%,164.3MiB / 15.62GiB
15:21:22,courseregistrationplatform-redis-1,11.70%,10.32MiB / 15.62GiB
15:21:22,courseregistrationplatform-grafana-1,0.06%,61.36MiB / 15.62GiB
15:21:22,courseregistrationplatform-prometheus-1,0.00%,59.64MiB / 15.62GiB
15:21:22,sugang-control-plane,17.98%,765.6MiB / 15.62GiB
15:21:22,sugang-worker,4.62%,1.014GiB / 15.62GiB
15:21:22,sugang-worker2,4.71%,1.298GiB / 15.62GiB
15:21:22,biostream_api,9.04%,219MiB / 15.62GiB
15:21:22,biostream_mcp,0.00%,0B / 0B
15:21:22,biostream_qdrant,0.13%,165.2MiB / 15.62GiB
15:21:22,biostream_db,0.00%,35.74MiB / 15.62GiB
15:21:29,courseregistrationplatform-k6-run-fcf3ac954823,160.58%,3.373GiB / 15.62GiB
15:21:29,courseregistrationplatform-backend_2-1,98.55%,154.6MiB / 15.62GiB
15:21:29,courseregistrationplatform-backend_1-1,99.18%,168.3MiB / 15.62GiB
15:21:29,courseregistrationplatform-frontend-1,0.00%,46.58MiB / 15.62GiB
15:21:29,courseregistrationplatform-worker_1-1,0.97%,34.96MiB / 15.62GiB
15:21:29,courseregistrationplatform-worker_2-1,0.96%,35.13MiB / 15.62GiB
15:21:29,courseregistrationplatform-nginx-1,28.33%,110.4MiB / 15.62GiB
15:21:29,courseregistrationplatform-ai-server-1,0.22%,121.5MiB / 15.62GiB
15:21:29,courseregistrationplatform-db-1,2.54%,440.4MiB / 15.62GiB
15:21:29,courseregistrationplatform-rabbitmq-1,1.50%,163.9MiB / 15.62GiB
15:21:29,courseregistrationplatform-redis-1,12.04%,10.32MiB / 15.62GiB
15:21:29,courseregistrationplatform-grafana-1,0.18%,61.36MiB / 15.62GiB
15:21:29,courseregistrationplatform-prometheus-1,0.02%,59.7MiB / 15.62GiB
15:21:29,sugang-control-plane,15.84%,763.9MiB / 15.62GiB
15:21:29,sugang-worker,6.00%,1.021GiB / 15.62GiB
15:21:29,sugang-worker2,4.27%,1.297GiB / 15.62GiB
15:21:29,biostream_api,6.10%,218.5MiB / 15.62GiB
15:21:29,biostream_mcp,0.00%,0B / 0B
15:21:29,biostream_qdrant,0.26%,165.2MiB / 15.62GiB
15:21:29,biostream_db,0.00%,35.74MiB / 15.62GiB
15:21:36,courseregistrationplatform-k6-run-fcf3ac954823,153.67%,3.372GiB / 15.62GiB
15:21:36,courseregistrationplatform-backend_2-1,96.66%,151.2MiB / 15.62GiB
15:21:36,courseregistrationplatform-backend_1-1,98.16%,163.9MiB / 15.62GiB
15:21:36,courseregistrationplatform-frontend-1,0.00%,46.58MiB / 15.62GiB
15:21:36,courseregistrationplatform-worker_1-1,1.42%,34.63MiB / 15.62GiB
15:21:36,courseregistrationplatform-worker_2-1,1.43%,35.14MiB / 15.62GiB
15:21:36,courseregistrationplatform-nginx-1,26.02%,106.7MiB / 15.62GiB
15:21:36,courseregistrationplatform-ai-server-1,0.20%,121.5MiB / 15.62GiB
15:21:36,courseregistrationplatform-db-1,7.90%,440.7MiB / 15.62GiB
15:21:36,courseregistrationplatform-rabbitmq-1,1.75%,164.2MiB / 15.62GiB
15:21:36,courseregistrationplatform-redis-1,11.66%,10.08MiB / 15.62GiB
15:21:36,courseregistrationplatform-grafana-1,0.47%,61.36MiB / 15.62GiB
15:21:36,courseregistrationplatform-prometheus-1,0.00%,59.71MiB / 15.62GiB
15:21:36,sugang-control-plane,12.80%,762.9MiB / 15.62GiB
15:21:36,sugang-worker,5.36%,1.021GiB / 15.62GiB
15:21:36,sugang-worker2,4.25%,1.297GiB / 15.62GiB
15:21:36,biostream_api,7.77%,218.8MiB / 15.62GiB
15:21:36,biostream_mcp,0.00%,0B / 0B
15:21:36,biostream_qdrant,0.13%,165.2MiB / 15.62GiB
15:21:36,biostream_db,0.00%,35.74MiB / 15.62GiB
15:21:43,courseregistrationplatform-k6-run-fcf3ac954823,161.74%,3.372GiB / 15.62GiB
15:21:43,courseregistrationplatform-backend_2-1,100.50%,158.6MiB / 15.62GiB
15:21:43,courseregistrationplatform-backend_1-1,94.52%,159.3MiB / 15.62GiB
15:21:43,courseregistrationplatform-frontend-1,0.00%,46.58MiB / 15.62GiB
15:21:43,courseregistrationplatform-worker_1-1,0.32%,34.93MiB / 15.62GiB
15:21:43,courseregistrationplatform-worker_2-1,0.68%,35.02MiB / 15.62GiB
15:21:43,courseregistrationplatform-nginx-1,37.95%,118.6MiB / 15.62GiB
15:21:43,courseregistrationplatform-ai-server-1,0.25%,121.5MiB / 15.62GiB
15:21:43,courseregistrationplatform-db-1,2.40%,440.4MiB / 15.62GiB
15:21:43,courseregistrationplatform-rabbitmq-1,1.49%,163.7MiB / 15.62GiB
15:21:43,courseregistrationplatform-redis-1,12.93%,9.84MiB / 15.62GiB
15:21:43,courseregistrationplatform-grafana-1,0.12%,61.36MiB / 15.62GiB
15:21:43,courseregistrationplatform-prometheus-1,0.02%,59.7MiB / 15.62GiB
15:21:43,sugang-control-plane,20.94%,765MiB / 15.62GiB
15:21:43,sugang-worker,3.63%,1.021GiB / 15.62GiB
15:21:43,sugang-worker2,5.24%,1.298GiB / 15.62GiB
15:21:43,biostream_api,9.63%,218.8MiB / 15.62GiB
15:21:43,biostream_mcp,0.00%,0B / 0B
15:21:43,biostream_qdrant,0.34%,165.7MiB / 15.62GiB
15:21:43,biostream_db,0.01%,35.74MiB / 15.62GiB
15:21:51,courseregistrationplatform-k6-run-fcf3ac954823,154.47%,3.372GiB / 15.62GiB
15:21:51,courseregistrationplatform-backend_2-1,94.43%,144.1MiB / 15.62GiB
15:21:51,courseregistrationplatform-backend_1-1,93.36%,156.6MiB / 15.62GiB
15:21:51,courseregistrationplatform-frontend-1,0.00%,46.56MiB / 15.62GiB
15:21:51,courseregistrationplatform-worker_1-1,0.53%,34.95MiB / 15.62GiB
15:21:51,courseregistrationplatform-worker_2-1,1.13%,34.91MiB / 15.62GiB
15:21:51,courseregistrationplatform-nginx-1,32.51%,115.7MiB / 15.62GiB
15:21:51,courseregistrationplatform-ai-server-1,0.20%,121.3MiB / 15.62GiB
15:21:51,courseregistrationplatform-db-1,1.92%,440.6MiB / 15.62GiB
15:21:51,courseregistrationplatform-rabbitmq-1,0.89%,163.6MiB / 15.62GiB
15:21:51,courseregistrationplatform-redis-1,12.03%,10.09MiB / 15.62GiB
15:21:51,courseregistrationplatform-grafana-1,0.06%,61.36MiB / 15.62GiB
15:21:51,courseregistrationplatform-prometheus-1,0.09%,60.38MiB / 15.62GiB
15:21:51,sugang-control-plane,13.77%,764.1MiB / 15.62GiB
15:21:51,sugang-worker,3.09%,1.022GiB / 15.62GiB
15:21:51,sugang-worker2,5.17%,1.305GiB / 15.62GiB
15:21:51,biostream_api,8.62%,218.5MiB / 15.62GiB
15:21:51,biostream_qdrant,0.13%,165MiB / 15.62GiB
15:21:51,biostream_db,0.00%,35.74MiB / 15.62GiB
15:21:59,courseregistrationplatform-k6-run-fcf3ac954823,346.14%,3.371GiB / 15.62GiB
15:21:59,courseregistrationplatform-backend_2-1,97.26%,155MiB / 15.62GiB
15:21:59,courseregistrationplatform-backend_1-1,94.13%,157.7MiB / 15.62GiB
15:21:59,courseregistrationplatform-frontend-1,0.00%,46.56MiB / 15.62GiB
15:21:59,courseregistrationplatform-worker_1-1,0.63%,34.85MiB / 15.62GiB
15:21:59,courseregistrationplatform-worker_2-1,0.20%,34.95MiB / 15.62GiB
15:21:59,courseregistrationplatform-nginx-1,25.68%,105.9MiB / 15.62GiB
15:21:59,courseregistrationplatform-ai-server-1,0.21%,121.5MiB / 15.62GiB
15:21:59,courseregistrationplatform-db-1,2.12%,441MiB / 15.62GiB
15:21:59,courseregistrationplatform-rabbitmq-1,0.71%,164.3MiB / 15.62GiB
15:21:59,courseregistrationplatform-redis-1,10.52%,10.31MiB / 15.62GiB
15:21:59,courseregistrationplatform-grafana-1,0.07%,61.36MiB / 15.62GiB
15:21:59,courseregistrationplatform-prometheus-1,0.79%,60.48MiB / 15.62GiB
15:21:59,sugang-control-plane,13.24%,763.1MiB / 15.62GiB
15:21:59,sugang-worker,4.15%,1.021GiB / 15.62GiB
15:21:59,sugang-worker2,6.59%,1.305GiB / 15.62GiB
15:21:59,biostream_api,8.76%,219MiB / 15.62GiB
15:21:59,biostream_mcp,0.00%,0B / 0B
15:21:59,biostream_qdrant,0.34%,165MiB / 15.62GiB
15:21:59,biostream_db,0.00%,35.74MiB / 15.62GiB
15:22:07,courseregistrationplatform-k6-run-fcf3ac954823,156.17%,3.325GiB / 15.62GiB
15:22:07,courseregistrationplatform-backend_2-1,97.52%,120.6MiB / 15.62GiB
15:22:07,courseregistrationplatform-backend_1-1,106.06%,159.2MiB / 15.62GiB
15:22:07,courseregistrationplatform-frontend-1,0.00%,46.56MiB / 15.62GiB
15:22:07,courseregistrationplatform-worker_1-1,0.23%,34.74MiB / 15.62GiB
15:22:07,courseregistrationplatform-worker_2-1,0.43%,34.86MiB / 15.62GiB
15:22:07,courseregistrationplatform-nginx-1,28.66%,102.4MiB / 15.62GiB
15:22:07,courseregistrationplatform-ai-server-1,0.24%,121.5MiB / 15.62GiB
15:22:07,courseregistrationplatform-db-1,5.82%,440.5MiB / 15.62GiB
15:22:07,courseregistrationplatform-rabbitmq-1,1.59%,163.9MiB / 15.62GiB
15:22:07,courseregistrationplatform-redis-1,11.67%,10.33MiB / 15.62GiB
15:22:07,courseregistrationplatform-grafana-1,0.10%,61.36MiB / 15.62GiB
15:22:07,courseregistrationplatform-prometheus-1,0.10%,60.48MiB / 15.62GiB
15:22:07,sugang-control-plane,16.71%,763.4MiB / 15.62GiB
15:22:07,sugang-worker,9.32%,1.03GiB / 15.62GiB
15:22:07,sugang-worker2,4.69%,1.304GiB / 15.62GiB
15:22:07,biostream_api,8.78%,218.8MiB / 15.62GiB
15:22:07,biostream_mcp,0.00%,0B / 0B
15:22:07,biostream_qdrant,0.13%,165MiB / 15.62GiB
15:22:07,biostream_db,0.00%,35.74MiB / 15.62GiB
15:22:15,courseregistrationplatform-k6-run-fcf3ac954823,160.55%,3.325GiB / 15.62GiB
15:22:15,courseregistrationplatform-backend_2-1,100.86%,140.5MiB / 15.62GiB
15:22:15,courseregistrationplatform-backend_1-1,102.72%,167.6MiB / 15.62GiB
15:22:15,courseregistrationplatform-frontend-1,0.00%,46.56MiB / 15.62GiB
15:22:15,courseregistrationplatform-worker_1-1,0.62%,34.83MiB / 15.62GiB
15:22:15,courseregistrationplatform-worker_2-1,0.64%,35.36MiB / 15.62GiB
15:22:15,courseregistrationplatform-nginx-1,26.48%,102.9MiB / 15.62GiB
15:22:15,courseregistrationplatform-ai-server-1,0.23%,121.5MiB / 15.62GiB
15:22:15,courseregistrationplatform-db-1,2.55%,440.8MiB / 15.62GiB
15:22:15,courseregistrationplatform-rabbitmq-1,1.03%,163.9MiB / 15.62GiB
15:22:15,courseregistrationplatform-redis-1,12.60%,10.32MiB / 15.62GiB
15:22:15,courseregistrationplatform-grafana-1,0.10%,61.36MiB / 15.62GiB
15:22:15,courseregistrationplatform-prometheus-1,0.92%,60.48MiB / 15.62GiB
15:22:15,sugang-control-plane,12.48%,764.4MiB / 15.62GiB
15:22:15,sugang-worker,3.89%,1.03GiB / 15.62GiB
15:22:15,sugang-worker2,3.58%,1.305GiB / 15.62GiB
15:22:15,biostream_api,8.95%,219.3MiB / 15.62GiB
15:22:15,biostream_mcp,0.00%,0B / 0B
15:22:15,biostream_qdrant,3.12%,165MiB / 15.62GiB
15:22:15,biostream_db,0.01%,35.74MiB / 15.62GiB
15:22:22,courseregistrationplatform-k6-run-fcf3ac954823,162.28%,3.324GiB / 15.62GiB
15:22:22,courseregistrationplatform-backend_2-1,99.06%,133.6MiB / 15.62GiB
15:22:22,courseregistrationplatform-backend_1-1,98.69%,156.2MiB / 15.62GiB
15:22:22,courseregistrationplatform-frontend-1,0.00%,46.56MiB / 15.62GiB
15:22:22,courseregistrationplatform-worker_1-1,0.56%,34.77MiB / 15.62GiB
15:22:22,courseregistrationplatform-worker_2-1,1.02%,34.77MiB / 15.62GiB
15:22:22,courseregistrationplatform-nginx-1,30.39%,98.03MiB / 15.62GiB
15:22:22,courseregistrationplatform-ai-server-1,0.19%,121.5MiB / 15.62GiB
15:22:22,courseregistrationplatform-db-1,2.85%,440.5MiB / 15.62GiB
15:22:22,courseregistrationplatform-rabbitmq-1,0.86%,163.9MiB / 15.62GiB
15:22:22,courseregistrationplatform-redis-1,12.02%,9.844MiB / 15.62GiB
15:22:22,courseregistrationplatform-grafana-1,0.07%,61.36MiB / 15.62GiB
15:22:22,courseregistrationplatform-prometheus-1,1.47%,60.48MiB / 15.62GiB
15:22:22,sugang-control-plane,15.28%,765.1MiB / 15.62GiB
15:22:22,sugang-worker,3.64%,1.03GiB / 15.62GiB
15:22:22,sugang-worker2,4.38%,1.305GiB / 15.62GiB
15:22:22,biostream_api,8.87%,218.3MiB / 15.62GiB
15:22:22,biostream_mcp,0.00%,0B / 0B
15:22:22,biostream_qdrant,0.14%,165MiB / 15.62GiB
15:22:22,biostream_db,0.00%,35.74MiB / 15.62GiB
15:22:30,courseregistrationplatform-k6-run-fcf3ac954823,158.27%,3.324GiB / 15.62GiB
15:22:30,courseregistrationplatform-backend_2-1,97.37%,141.4MiB / 15.62GiB
15:22:30,courseregistrationplatform-backend_1-1,98.08%,155.4MiB / 15.62GiB
15:22:30,courseregistrationplatform-frontend-1,0.00%,46.56MiB / 15.62GiB
15:22:30,courseregistrationplatform-worker_1-1,1.21%,34.66MiB / 15.62GiB
15:22:30,courseregistrationplatform-worker_2-1,1.27%,35MiB / 15.62GiB
15:22:30,courseregistrationplatform-nginx-1,29.79%,101.6MiB / 15.62GiB
15:22:30,courseregistrationplatform-ai-server-1,0.25%,121.5MiB / 15.62GiB
15:22:30,courseregistrationplatform-db-1,3.39%,440.8MiB / 15.62GiB
15:22:30,courseregistrationplatform-rabbitmq-1,1.37%,164.7MiB / 15.62GiB
15:22:30,courseregistrationplatform-redis-1,11.81%,10.09MiB / 15.62GiB
15:22:30,courseregistrationplatform-grafana-1,0.07%,61.36MiB / 15.62GiB
15:22:30,courseregistrationplatform-prometheus-1,0.87%,60.48MiB / 15.62GiB
15:22:30,sugang-control-plane,17.31%,763.5MiB / 15.62GiB
15:22:30,sugang-worker,8.79%,1.031GiB / 15.62GiB
15:22:30,sugang-worker2,4.54%,1.305GiB / 15.62GiB
15:22:30,biostream_api,8.74%,218.3MiB / 15.62GiB
15:22:30,biostream_mcp,0.00%,0B / 0B
15:22:30,biostream_qdrant,0.35%,165MiB / 15.62GiB
15:22:30,biostream_db,0.00%,35.74MiB / 15.62GiB
15:22:38,courseregistrationplatform-k6-run-fcf3ac954823,159.50%,3.324GiB / 15.62GiB
15:22:38,courseregistrationplatform-backend_2-1,98.93%,145.4MiB / 15.62GiB
15:22:38,courseregistrationplatform-backend_1-1,100.21%,157.2MiB / 15.62GiB
15:22:38,courseregistrationplatform-frontend-1,0.00%,46.56MiB / 15.62GiB
15:22:38,courseregistrationplatform-worker_1-1,1.15%,35.21MiB / 15.62GiB
15:22:38,courseregistrationplatform-worker_2-1,1.30%,35.23MiB / 15.62GiB
15:22:38,courseregistrationplatform-nginx-1,29.61%,94.65MiB / 15.62GiB
15:22:38,courseregistrationplatform-ai-server-1,0.21%,121.5MiB / 15.62GiB
15:22:38,courseregistrationplatform-db-1,3.54%,440.6MiB / 15.62GiB
15:22:38,courseregistrationplatform-rabbitmq-1,1.37%,164.3MiB / 15.62GiB
15:22:38,courseregistrationplatform-redis-1,12.21%,9.855MiB / 15.62GiB
15:22:38,courseregistrationplatform-grafana-1,0.15%,61.36MiB / 15.62GiB
15:22:38,courseregistrationplatform-prometheus-1,0.11%,60.48MiB / 15.62GiB
15:22:38,sugang-control-plane,14.88%,763.8MiB / 15.62GiB
15:22:38,sugang-worker,3.71%,1.03GiB / 15.62GiB
15:22:38,sugang-worker2,6.41%,1.304GiB / 15.62GiB
15:22:38,biostream_api,8.59%,218.5MiB / 15.62GiB
15:22:38,biostream_mcp,0.00%,0B / 0B
15:22:38,biostream_qdrant,0.13%,165MiB / 15.62GiB
15:22:38,biostream_db,0.00%,35.74MiB / 15.62GiB
15:22:45,courseregistrationplatform-k6-run-fcf3ac954823,150.57%,3.324GiB / 15.62GiB
15:22:45,courseregistrationplatform-backend_2-1,96.59%,143.3MiB / 15.62GiB
15:22:45,courseregistrationplatform-backend_1-1,91.09%,153.1MiB / 15.62GiB
15:22:45,courseregistrationplatform-frontend-1,0.00%,46.56MiB / 15.62GiB
15:22:45,courseregistrationplatform-worker_1-1,1.01%,35.45MiB / 15.62GiB
15:22:45,courseregistrationplatform-worker_2-1,0.95%,35.32MiB / 15.62GiB
15:22:45,courseregistrationplatform-nginx-1,25.66%,92.29MiB / 15.62GiB
15:22:45,courseregistrationplatform-ai-server-1,0.21%,121.5MiB / 15.62GiB
15:22:45,courseregistrationplatform-db-1,3.41%,440.5MiB / 15.62GiB
15:22:45,courseregistrationplatform-rabbitmq-1,1.47%,164.3MiB / 15.62GiB
15:22:45,courseregistrationplatform-redis-1,10.88%,10.1MiB / 15.62GiB
15:22:45,courseregistrationplatform-grafana-1,0.05%,61.36MiB / 15.62GiB
15:22:45,courseregistrationplatform-prometheus-1,0.91%,60.98MiB / 15.62GiB
15:22:45,sugang-control-plane,13.38%,764.5MiB / 15.62GiB
15:22:45,sugang-worker,2.78%,1.03GiB / 15.62GiB
15:22:45,sugang-worker2,3.10%,1.305GiB / 15.62GiB
15:22:45,biostream_api,6.08%,218.5MiB / 15.62GiB
15:22:45,biostream_mcp,0.00%,0B / 0B
15:22:45,biostream_qdrant,0.32%,165MiB / 15.62GiB
15:22:45,biostream_db,1.91%,35.74MiB / 15.62GiB
15:22:52,courseregistrationplatform-k6-run-fcf3ac954823,156.83%,3.324GiB / 15.62GiB
15:22:52,courseregistrationplatform-backend_2-1,100.56%,152.2MiB / 15.62GiB
15:22:52,courseregistrationplatform-backend_1-1,97.90%,152.1MiB / 15.62GiB
15:22:52,courseregistrationplatform-frontend-1,0.00%,46.56MiB / 15.62GiB
15:22:52,courseregistrationplatform-worker_1-1,1.32%,34.84MiB / 15.62GiB
15:22:52,courseregistrationplatform-worker_2-1,1.31%,35.35MiB / 15.62GiB
15:22:52,courseregistrationplatform-nginx-1,28.71%,90.96MiB / 15.62GiB
15:22:52,courseregistrationplatform-ai-server-1,0.20%,121.5MiB / 15.62GiB
15:22:52,courseregistrationplatform-db-1,4.17%,440.8MiB / 15.62GiB
15:22:52,courseregistrationplatform-rabbitmq-1,1.41%,163.9MiB / 15.62GiB
15:22:52,courseregistrationplatform-redis-1,12.17%,10.36MiB / 15.62GiB
15:22:52,courseregistrationplatform-grafana-1,0.08%,61.36MiB / 15.62GiB
15:22:52,courseregistrationplatform-prometheus-1,0.11%,60.51MiB / 15.62GiB
15:22:52,sugang-control-plane,16.36%,765MiB / 15.62GiB
15:22:52,sugang-worker,6.48%,1.03GiB / 15.62GiB
15:22:52,sugang-worker2,9.66%,1.306GiB / 15.62GiB
15:22:52,biostream_api,8.77%,219MiB / 15.62GiB
15:22:52,biostream_mcp,0.00%,0B / 0B
15:22:52,biostream_qdrant,0.12%,165MiB / 15.62GiB
15:22:52,biostream_db,0.00%,35.74MiB / 15.62GiB
15:22:58,courseregistrationplatform-k6-run-fcf3ac954823,161.46%,3.324GiB / 15.62GiB
15:22:58,courseregistrationplatform-backend_2-1,98.64%,143MiB / 15.62GiB
15:22:58,courseregistrationplatform-backend_1-1,99.76%,148.4MiB / 15.62GiB
15:22:58,courseregistrationplatform-frontend-1,0.00%,46.56MiB / 15.62GiB
15:22:58,courseregistrationplatform-worker_1-1,0.99%,34.71MiB / 15.62GiB
15:22:58,courseregistrationplatform-worker_2-1,0.82%,35.38MiB / 15.62GiB
15:22:58,courseregistrationplatform-nginx-1,28.04%,92.03MiB / 15.62GiB
15:22:58,courseregistrationplatform-ai-server-1,0.24%,121.5MiB / 15.62GiB
15:22:58,courseregistrationplatform-db-1,2.84%,440.6MiB / 15.62GiB
15:22:58,courseregistrationplatform-rabbitmq-1,1.48%,164MiB / 15.62GiB
15:22:58,courseregistrationplatform-redis-1,12.58%,10.35MiB / 15.62GiB
15:22:58,courseregistrationplatform-grafana-1,0.16%,61.36MiB / 15.62GiB
15:22:58,courseregistrationplatform-prometheus-1,0.01%,60.51MiB / 15.62GiB
15:22:58,sugang-control-plane,17.33%,764.1MiB / 15.62GiB
15:22:58,sugang-worker,5.11%,1.037GiB / 15.62GiB
15:22:58,sugang-worker2,3.89%,1.306GiB / 15.62GiB
15:22:58,biostream_api,9.09%,219MiB / 15.62GiB
15:22:58,biostream_mcp,0.00%,0B / 0B
15:22:58,biostream_qdrant,0.11%,165MiB / 15.62GiB
15:22:58,biostream_db,0.00%,35.74MiB / 15.62GiB
15:23:06,courseregistrationplatform-k6-run-fcf3ac954823,147.94%,3.323GiB / 15.62GiB
15:23:06,courseregistrationplatform-backend_2-1,97.26%,145.3MiB / 15.62GiB
15:23:06,courseregistrationplatform-backend_1-1,96.39%,149.6MiB / 15.62GiB
15:23:06,courseregistrationplatform-frontend-1,0.00%,46.56MiB / 15.62GiB
15:23:06,courseregistrationplatform-worker_1-1,0.87%,35.47MiB / 15.62GiB
15:23:06,courseregistrationplatform-worker_2-1,0.73%,35.12MiB / 15.62GiB
15:23:06,courseregistrationplatform-nginx-1,27.84%,91.05MiB / 15.62GiB
15:23:06,courseregistrationplatform-ai-server-1,0.20%,121.5MiB / 15.62GiB
15:23:06,courseregistrationplatform-db-1,3.28%,440.6MiB / 15.62GiB
15:23:06,courseregistrationplatform-rabbitmq-1,1.03%,164.3MiB / 15.62GiB
15:23:06,courseregistrationplatform-redis-1,12.14%,10.11MiB / 15.62GiB
15:23:06,courseregistrationplatform-grafana-1,0.60%,61.36MiB / 15.62GiB
15:23:06,courseregistrationplatform-prometheus-1,0.12%,60.51MiB / 15.62GiB
15:23:06,sugang-control-plane,16.93%,764MiB / 15.62GiB
15:23:06,sugang-worker,4.68%,1.038GiB / 15.62GiB
15:23:06,sugang-worker2,6.93%,1.305GiB / 15.62GiB
15:23:06,biostream_api,9.19%,218.5MiB / 15.62GiB
15:23:06,biostream_mcp,0.00%,0B / 0B
15:23:06,biostream_qdrant,0.70%,165MiB / 15.62GiB
15:23:06,biostream_db,0.01%,35.74MiB / 15.62GiB
15:23:13,courseregistrationplatform-k6-run-fcf3ac954823,152.74%,3.409GiB / 15.62GiB
15:23:13,courseregistrationplatform-backend_2-1,98.67%,145.9MiB / 15.62GiB
15:23:13,courseregistrationplatform-backend_1-1,91.47%,150.9MiB / 15.62GiB
15:23:13,courseregistrationplatform-frontend-1,0.00%,46.56MiB / 15.62GiB
15:23:13,courseregistrationplatform-worker_1-1,1.11%,35.52MiB / 15.62GiB
15:23:13,courseregistrationplatform-worker_2-1,1.00%,35.38MiB / 15.62GiB
15:23:13,courseregistrationplatform-nginx-1,26.74%,95.9MiB / 15.62GiB
15:23:13,courseregistrationplatform-ai-server-1,0.20%,121.5MiB / 15.62GiB
15:23:13,courseregistrationplatform-db-1,2.99%,440.6MiB / 15.62GiB
15:23:13,courseregistrationplatform-rabbitmq-1,1.67%,164.1MiB / 15.62GiB
15:23:13,courseregistrationplatform-redis-1,10.81%,10.36MiB / 15.62GiB
15:23:13,courseregistrationplatform-grafana-1,0.07%,61.36MiB / 15.62GiB
15:23:13,courseregistrationplatform-prometheus-1,0.07%,60.77MiB / 15.62GiB
15:23:13,sugang-control-plane,10.27%,765.6MiB / 15.62GiB
15:23:13,sugang-worker,2.07%,1.037GiB / 15.62GiB
15:23:13,sugang-worker2,4.68%,1.305GiB / 15.62GiB
15:23:13,biostream_api,7.05%,218.3MiB / 15.62GiB
15:23:13,biostream_mcp,0.00%,0B / 0B
15:23:13,biostream_qdrant,0.23%,165MiB / 15.62GiB
15:23:13,biostream_db,0.00%,35.74MiB / 15.62GiB
15:23:21,courseregistrationplatform-k6-run-fcf3ac954823,158.65%,3.409GiB / 15.62GiB
15:23:21,courseregistrationplatform-backend_2-1,95.95%,149.8MiB / 15.62GiB
15:23:21,courseregistrationplatform-backend_1-1,97.91%,150.7MiB / 15.62GiB
15:23:21,courseregistrationplatform-frontend-1,0.00%,46.56MiB / 15.62GiB
15:23:21,courseregistrationplatform-worker_1-1,1.25%,35.99MiB / 15.62GiB
15:23:21,courseregistrationplatform-worker_2-1,1.12%,35.69MiB / 15.62GiB
15:23:21,courseregistrationplatform-nginx-1,28.49%,89.68MiB / 15.62GiB
15:23:21,courseregistrationplatform-ai-server-1,0.22%,121.5MiB / 15.62GiB
15:23:21,courseregistrationplatform-db-1,3.58%,440.6MiB / 15.62GiB
15:23:21,courseregistrationplatform-rabbitmq-1,1.62%,164.3MiB / 15.62GiB
15:23:21,courseregistrationplatform-redis-1,11.47%,10.12MiB / 15.62GiB
15:23:21,courseregistrationplatform-grafana-1,0.04%,61.36MiB / 15.62GiB
15:23:21,courseregistrationplatform-prometheus-1,0.14%,60.77MiB / 15.62GiB
15:23:21,sugang-control-plane,19.10%,764.9MiB / 15.62GiB
15:23:21,sugang-worker,7.03%,1.038GiB / 15.62GiB
15:23:21,sugang-worker2,6.86%,1.305GiB / 15.62GiB
15:23:21,biostream_api,8.57%,218.8MiB / 15.62GiB
15:23:21,biostream_mcp,0.00%,0B / 0B
15:23:21,biostream_qdrant,0.11%,165MiB / 15.62GiB
15:23:21,biostream_db,0.00%,35.74MiB / 15.62GiB
15:23:28,courseregistrationplatform-k6-run-fcf3ac954823,102.82%,3.409GiB / 15.62GiB
15:23:28,courseregistrationplatform-backend_2-1,11.62%,138.9MiB / 15.62GiB
15:23:28,courseregistrationplatform-backend_1-1,11.92%,141.6MiB / 15.62GiB
15:23:28,courseregistrationplatform-frontend-1,0.00%,46.56MiB / 15.62GiB
15:23:28,courseregistrationplatform-worker_1-1,0.73%,35.45MiB / 15.62GiB
15:23:28,courseregistrationplatform-worker_2-1,0.62%,35.34MiB / 15.62GiB
15:23:28,courseregistrationplatform-nginx-1,3.71%,87.94MiB / 15.62GiB
15:23:28,courseregistrationplatform-ai-server-1,0.18%,121.5MiB / 15.62GiB
15:23:28,courseregistrationplatform-db-1,2.46%,440.6MiB / 15.62GiB
15:23:28,courseregistrationplatform-rabbitmq-1,0.99%,164MiB / 15.62GiB
15:23:28,courseregistrationplatform-redis-1,3.61%,10.36MiB / 15.62GiB
15:23:28,courseregistrationplatform-grafana-1,0.12%,61.36MiB / 15.62GiB
15:23:28,courseregistrationplatform-prometheus-1,0.09%,60.52MiB / 15.62GiB
15:23:28,sugang-control-plane,9.01%,765.7MiB / 15.62GiB
15:23:28,sugang-worker,3.06%,1.046GiB / 15.62GiB
15:23:28,sugang-worker2,4.70%,1.306GiB / 15.62GiB
15:23:28,biostream_api,6.50%,218.3MiB / 15.62GiB
15:23:28,biostream_mcp,0.00%,0B / 0B
15:23:28,biostream_qdrant,0.10%,165MiB / 15.62GiB
15:23:28,biostream_db,0.00%,35.74MiB / 15.62GiB
15:23:35,courseregistrationplatform-k6-run-fcf3ac954823,1.82%,3.408GiB / 15.62GiB
15:23:35,courseregistrationplatform-backend_2-1,1.24%,138.4MiB / 15.62GiB
15:23:35,courseregistrationplatform-backend_1-1,1.02%,141.8MiB / 15.62GiB
15:23:35,courseregistrationplatform-frontend-1,0.00%,46.56MiB / 15.62GiB
15:23:35,courseregistrationplatform-worker_1-1,0.72%,35.07MiB / 15.62GiB
15:23:35,courseregistrationplatform-worker_2-1,0.29%,35.39MiB / 15.62GiB
15:23:35,courseregistrationplatform-nginx-1,0.36%,87.42MiB / 15.62GiB
15:23:35,courseregistrationplatform-ai-server-1,0.15%,121.5MiB / 15.62GiB
15:23:35,courseregistrationplatform-db-1,1.76%,440.9MiB / 15.62GiB
15:23:35,courseregistrationplatform-rabbitmq-1,0.94%,164.2MiB / 15.62GiB
15:23:35,courseregistrationplatform-redis-1,0.55%,10.37MiB / 15.62GiB
15:23:35,courseregistrationplatform-grafana-1,0.08%,61.36MiB / 15.62GiB
15:23:35,courseregistrationplatform-prometheus-1,0.08%,60.53MiB / 15.62GiB
15:23:35,sugang-control-plane,11.01%,764.9MiB / 15.62GiB
15:23:35,sugang-worker,2.19%,1.046GiB / 15.62GiB
15:23:35,sugang-worker2,2.79%,1.305GiB / 15.62GiB
15:23:35,biostream_api,6.02%,218.5MiB / 15.62GiB
15:23:35,biostream_mcp,0.00%,0B / 0B
15:23:35,biostream_qdrant,0.19%,165MiB / 15.62GiB
15:23:35,biostream_db,2.34%,36.13MiB / 15.62GiB
15:23:42,courseregistrationplatform-k6-run-fcf3ac954823,2.72%,3.408GiB / 15.62GiB
15:23:42,courseregistrationplatform-backend_2-1,6.78%,47.61MiB / 15.62GiB
15:23:42,courseregistrationplatform-backend_1-1,6.39%,47.93MiB / 15.62GiB
15:23:42,courseregistrationplatform-frontend-1,0.00%,46.56MiB / 15.62GiB
15:23:42,courseregistrationplatform-worker_1-1,0.59%,35.08MiB / 15.62GiB
15:23:42,courseregistrationplatform-worker_2-1,0.55%,35.09MiB / 15.62GiB
15:23:42,courseregistrationplatform-nginx-1,0.64%,87.44MiB / 15.62GiB
15:23:42,courseregistrationplatform-ai-server-1,0.16%,121.5MiB / 15.62GiB
15:23:42,courseregistrationplatform-db-1,2.12%,440.6MiB / 15.62GiB
15:23:42,courseregistrationplatform-rabbitmq-1,1.15%,164.1MiB / 15.62GiB
15:23:42,courseregistrationplatform-redis-1,0.73%,10.38MiB / 15.62GiB
15:23:42,courseregistrationplatform-grafana-1,0.06%,61.36MiB / 15.62GiB
15:23:42,courseregistrationplatform-prometheus-1,0.08%,60.53MiB / 15.62GiB
15:23:42,sugang-control-plane,10.11%,767.4MiB / 15.62GiB
15:23:42,sugang-worker,2.98%,1.046GiB / 15.62GiB
15:23:42,sugang-worker2,3.25%,1.305GiB / 15.62GiB
15:23:42,biostream_api,6.20%,217.8MiB / 15.62GiB
15:23:42,biostream_mcp,0.00%,0B / 0B
15:23:42,biostream_qdrant,0.10%,165MiB / 15.62GiB
15:23:42,biostream_db,0.00%,35.74MiB / 15.62GiB
15:23:50,courseregistrationplatform-k6-run-fcf3ac954823,2.58%,3.408GiB / 15.62GiB
15:23:50,courseregistrationplatform-backend_2-1,2.68%,48.2MiB / 15.62GiB
15:23:50,courseregistrationplatform-backend_1-1,2.56%,49.71MiB / 15.62GiB
15:23:50,courseregistrationplatform-frontend-1,0.01%,46.56MiB / 15.62GiB
15:23:50,courseregistrationplatform-worker_1-1,0.65%,35.16MiB / 15.62GiB
15:23:50,courseregistrationplatform-worker_2-1,0.64%,35.7MiB / 15.62GiB
15:23:50,courseregistrationplatform-nginx-1,0.66%,87.24MiB / 15.62GiB
15:23:50,courseregistrationplatform-ai-server-1,0.15%,121.5MiB / 15.62GiB
15:23:50,courseregistrationplatform-db-1,2.32%,441.4MiB / 15.62GiB
15:23:50,courseregistrationplatform-rabbitmq-1,0.95%,164.4MiB / 15.62GiB
15:23:50,courseregistrationplatform-redis-1,0.80%,10.5MiB / 15.62GiB
15:23:50,courseregistrationplatform-grafana-1,0.03%,61.21MiB / 15.62GiB
15:23:50,courseregistrationplatform-prometheus-1,0.16%,60.77MiB / 15.62GiB
15:23:50,sugang-control-plane,10.11%,765.3MiB / 15.62GiB
15:23:50,sugang-worker,3.73%,1.046GiB / 15.62GiB
15:23:50,sugang-worker2,5.25%,1.305GiB / 15.62GiB
15:23:50,biostream_api,5.83%,218.3MiB / 15.62GiB
15:23:50,biostream_mcp,0.00%,0B / 0B
15:23:50,biostream_qdrant,0.22%,165.3MiB / 15.62GiB
15:23:50,biostream_db,2.24%,36.01MiB / 15.62GiB
15:23:57,courseregistrationplatform-k6-run-fcf3ac954823,1.36%,3.407GiB / 15.62GiB
15:23:57,courseregistrationplatform-backend_2-1,0.61%,48.47MiB / 15.62GiB
15:23:57,courseregistrationplatform-backend_1-1,0.50%,49.1MiB / 15.62GiB
15:23:57,courseregistrationplatform-frontend-1,0.00%,46.56MiB / 15.62GiB
15:23:57,courseregistrationplatform-worker_1-1,0.13%,35.5MiB / 15.62GiB
15:23:57,courseregistrationplatform-worker_2-1,0.44%,35.64MiB / 15.62GiB
15:23:57,courseregistrationplatform-nginx-1,0.29%,86.26MiB / 15.62GiB
15:23:57,courseregistrationplatform-ai-server-1,0.15%,121.5MiB / 15.62GiB
15:23:57,courseregistrationplatform-db-1,1.68%,440.6MiB / 15.62GiB
15:23:57,courseregistrationplatform-rabbitmq-1,0.42%,163.8MiB / 15.62GiB
15:23:57,courseregistrationplatform-redis-1,0.51%,10.24MiB / 15.62GiB
15:23:57,courseregistrationplatform-grafana-1,0.07%,61.21MiB / 15.62GiB
15:23:57,courseregistrationplatform-prometheus-1,0.06%,60.8MiB / 15.62GiB
15:23:57,sugang-control-plane,9.25%,768.2MiB / 15.62GiB
15:23:57,sugang-worker,2.48%,1.046GiB / 15.62GiB
15:23:57,sugang-worker2,2.67%,1.305GiB / 15.62GiB
15:23:57,biostream_api,4.49%,219.8MiB / 15.62GiB
15:23:57,biostream_mcp,0.00%,0B / 0B
15:23:57,biostream_qdrant,0.10%,165.3MiB / 15.62GiB
15:23:57,biostream_db,0.01%,35.74MiB / 15.62GiB
15:24:05,courseregistrationplatform-backend_2-1,0.34%,48.69MiB / 15.62GiB
15:24:05,courseregistrationplatform-backend_1-1,0.27%,49.89MiB / 15.62GiB
15:24:05,courseregistrationplatform-frontend-1,0.00%,46.56MiB / 15.62GiB
15:24:05,courseregistrationplatform-worker_1-1,0.01%,35.33MiB / 15.62GiB
15:24:05,courseregistrationplatform-worker_2-1,0.01%,34.67MiB / 15.62GiB
15:24:05,courseregistrationplatform-nginx-1,0.15%,86.05MiB / 15.62GiB
15:24:05,courseregistrationplatform-ai-server-1,0.16%,121.5MiB / 15.62GiB
15:24:05,courseregistrationplatform-db-1,0.80%,440.6MiB / 15.62GiB
15:24:05,courseregistrationplatform-rabbitmq-1,0.40%,164.1MiB / 15.62GiB
15:24:05,courseregistrationplatform-redis-1,0.44%,10.24MiB / 15.62GiB
15:24:05,courseregistrationplatform-grafana-1,0.05%,61.21MiB / 15.62GiB
15:24:05,courseregistrationplatform-prometheus-1,0.07%,60.55MiB / 15.62GiB
15:24:05,sugang-control-plane,11.93%,766.2MiB / 15.62GiB
15:24:05,sugang-worker,1.84%,1.045GiB / 15.62GiB
15:24:05,sugang-worker2,3.43%,1.305GiB / 15.62GiB
15:24:05,biostream_api,5.95%,219.3MiB / 15.62GiB
15:24:05,biostream_mcp,0.00%,0B / 0B
15:24:05,biostream_qdrant,0.31%,165.3MiB / 15.62GiB
15:24:05,biostream_db,2.27%,36.66MiB / 15.62GiB
15:24:13,courseregistrationplatform-backend_2-1,0.06%,48.64MiB / 15.62GiB
15:24:13,courseregistrationplatform-backend_1-1,0.04%,49.62MiB / 15.62GiB
15:24:13,courseregistrationplatform-frontend-1,0.00%,46.56MiB / 15.62GiB
15:24:13,courseregistrationplatform-worker_1-1,0.02%,35.34MiB / 15.62GiB
15:24:13,courseregistrationplatform-worker_2-1,0.03%,34.67MiB / 15.62GiB
15:24:13,courseregistrationplatform-nginx-1,0.00%,63.06MiB / 15.62GiB
15:24:13,courseregistrationplatform-ai-server-1,0.20%,121.5MiB / 15.62GiB
15:24:13,courseregistrationplatform-db-1,0.53%,440.6MiB / 15.62GiB
15:24:13,courseregistrationplatform-rabbitmq-1,0.47%,164MiB / 15.62GiB
15:24:13,courseregistrationplatform-redis-1,0.47%,9.93MiB / 15.62GiB
15:24:13,courseregistrationplatform-grafana-1,0.06%,61.21MiB / 15.62GiB
15:24:13,courseregistrationplatform-prometheus-1,0.00%,60.55MiB / 15.62GiB
15:24:13,sugang-control-plane,14.00%,768.1MiB / 15.62GiB
15:24:13,sugang-worker,2.64%,1.054GiB / 15.62GiB
15:24:13,sugang-worker2,4.86%,1.314GiB / 15.62GiB
15:24:13,biostream_api,6.66%,218.8MiB / 15.62GiB
15:24:13,biostream_mcp,0.00%,0B / 0B
15:24:13,biostream_qdrant,0.11%,165.3MiB / 15.62GiB
15:24:13,biostream_db,0.00%,35.74MiB / 15.62GiB
15:24:20,courseregistrationplatform-backend_2-1,0.02%,48.66MiB / 15.62GiB
15:24:20,courseregistrationplatform-backend_1-1,0.00%,49.65MiB / 15.62GiB
15:24:20,courseregistrationplatform-frontend-1,0.01%,46.56MiB / 15.62GiB
15:24:20,courseregistrationplatform-worker_1-1,0.00%,35.34MiB / 15.62GiB
15:24:20,courseregistrationplatform-worker_2-1,0.00%,34.68MiB / 15.62GiB
15:24:20,courseregistrationplatform-nginx-1,0.00%,63.06MiB / 15.62GiB
15:24:20,courseregistrationplatform-ai-server-1,0.14%,121.5MiB / 15.62GiB
15:24:20,courseregistrationplatform-db-1,0.42%,440.6MiB / 15.62GiB
15:24:20,courseregistrationplatform-rabbitmq-1,0.20%,163.7MiB / 15.62GiB
15:24:20,courseregistrationplatform-redis-1,0.36%,10.18MiB / 15.62GiB
15:24:20,courseregistrationplatform-grafana-1,0.03%,61.21MiB / 15.62GiB
15:24:20,courseregistrationplatform-prometheus-1,0.36%,60.55MiB / 15.62GiB
15:24:20,sugang-control-plane,14.73%,767.5MiB / 15.62GiB
15:24:20,sugang-worker,6.04%,1.054GiB / 15.62GiB
15:24:20,sugang-worker2,2.77%,1.313GiB / 15.62GiB
15:24:20,biostream_api,5.65%,218.3MiB / 15.62GiB
15:24:20,biostream_mcp,0.00%,0B / 0B
15:24:20,biostream_qdrant,0.26%,165.3MiB / 15.62GiB
15:24:20,biostream_db,2.73%,36.93MiB / 15.62GiB
15:24:28,courseregistrationplatform-backend_2-1,0.06%,48.68MiB / 15.62GiB
15:24:28,courseregistrationplatform-backend_1-1,0.07%,49.68MiB / 15.62GiB
15:24:28,courseregistrationplatform-frontend-1,0.00%,46.56MiB / 15.62GiB
15:24:28,courseregistrationplatform-worker_1-1,0.00%,35.34MiB / 15.62GiB
15:24:28,courseregistrationplatform-worker_2-1,0.00%,34.68MiB / 15.62GiB
15:24:28,courseregistrationplatform-nginx-1,0.00%,63.06MiB / 15.62GiB
15:24:28,courseregistrationplatform-ai-server-1,0.14%,121.5MiB / 15.62GiB
15:24:28,courseregistrationplatform-db-1,2.35%,441.3MiB / 15.62GiB
15:24:28,courseregistrationplatform-rabbitmq-1,0.18%,163.1MiB / 15.62GiB
15:24:28,courseregistrationplatform-redis-1,0.43%,9.93MiB / 15.62GiB
15:24:28,courseregistrationplatform-grafana-1,0.04%,61.21MiB / 15.62GiB
15:24:28,courseregistrationplatform-prometheus-1,0.01%,60.55MiB / 15.62GiB
15:24:28,sugang-control-plane,8.89%,768.5MiB / 15.62GiB
15:24:28,sugang-worker,2.00%,1.055GiB / 15.62GiB
15:24:28,sugang-worker2,2.26%,1.314GiB / 15.62GiB
15:24:28,biostream_api,5.38%,219MiB / 15.62GiB
15:24:28,biostream_mcp,0.00%,0B / 0B
15:24:28,biostream_qdrant,0.08%,165.3MiB / 15.62GiB
15:24:28,biostream_db,0.00%,35.74MiB / 15.62GiB
